0 verbose cli /Users/juanfranciscomanzanogarcia/.nvm/versions/node/v22.22.0/bin/node /Users/juanfranciscomanzanogarcia/.nvm/versions/node/v22.22.0/bin/npm
1 info using npm@10.9.4
2 info using node@v22.22.0
3 silly config load:file:/Users/juanfranciscomanzanogarcia/.nvm/versions/node/v22.22.0/lib/node_modules/npm/npmrc
4 silly config load:file:/Users/juanfranciscomanzanogarcia/Desktop/push-angular/.npmrc
5 silly config load:file:/Users/juanfranciscomanzanogarcia/.npmrc
6 silly config load:file:/Users/juanfranciscomanzanogarcia/.nvm/versions/node/v22.22.0/etc/npmrc
7 verbose title npm install
8 verbose argv "install" "--cache" "./npm-cache"
9 verbose logfile logs-max:10 dir:/Users/juanfranciscomanzanogarcia/Desktop/push-angular/npm-cache/_logs/2026-06-12T23_16_44_561Z-
10 verbose logfile /Users/juanfranciscomanzanogarcia/Desktop/push-angular/npm-cache/_logs/2026-06-12T23_16_44_561Z-debug-0.log
11 silly logfile done cleaning log files
12 silly packumentCache heap:2197815296 maxSize:549453824 maxEntrySize:274726912
13 silly idealTree buildDeps
14 silly fetch manifest @angular/common@^20.2.0
15 silly packumentCache full:https://registry.npmjs.org/@angular%2fcommon cache-miss
16 http cache https://registry.npmjs.org/@angular%2fcommon 11ms (cache hit)
17 silly packumentCache full:https://registry.npmjs.org/@angular%2fcommon set size:3149898 disposed:false
18 silly fetch manifest @angular/core@^20.2.0
19 silly packumentCache full:https://registry.npmjs.org/@angular%2fcore cache-miss
20 http cache https://registry.npmjs.org/@angular%2fcore 6ms (cache hit)
21 silly packumentCache full:https://registry.npmjs.org/@angular%2fcore set size:3040375 disposed:false
22 silly fetch manifest @angular/compiler@^20.2.0
23 silly packumentCache full:https://registry.npmjs.org/@angular%2fcompiler cache-miss
24 http cache https://registry.npmjs.org/@angular%2fcompiler 5ms (cache hit)
25 silly packumentCache full:https://registry.npmjs.org/@angular%2fcompiler set size:2739276 disposed:false
26 silly fetch manifest rxjs@~7.8.0
27 silly packumentCache full:https://registry.npmjs.org/rxjs cache-miss
28 http cache https://registry.npmjs.org/rxjs 4ms (cache hit)
29 silly packumentCache full:https://registry.npmjs.org/rxjs set size:980097 disposed:false
30 silly fetch manifest zone.js@~0.15.0
31 silly packumentCache full:https://registry.npmjs.org/zone.js cache-miss
32 http cache https://registry.npmjs.org/zone.js 3ms (cache hit)
33 silly packumentCache full:https://registry.npmjs.org/zone.js set size:378576 disposed:false
34 silly fetch manifest @angular/forms@^20.2.0
35 silly packumentCache full:https://registry.npmjs.org/@angular%2fforms cache-miss
36 http cache https://registry.npmjs.org/@angular%2fforms 4ms (cache hit)
37 silly packumentCache full:https://registry.npmjs.org/@angular%2fforms set size:2794004 disposed:false
38 silly fetch manifest @angular/platform-browser@^20.2.0
39 silly packumentCache full:https://registry.npmjs.org/@angular%2fplatform-browser cache-miss
40 http cache https://registry.npmjs.org/@angular%2fplatform-browser 5ms (cache hit)
41 silly packumentCache full:https://registry.npmjs.org/@angular%2fplatform-browser set size:3143369 disposed:false
42 silly fetch manifest @angular/animations@20.3.25
43 silly packumentCache full:https://registry.npmjs.org/@angular%2fanimations cache-miss
44 http cache https://registry.npmjs.org/@angular%2fanimations 5ms (cache hit)
45 silly packumentCache full:https://registry.npmjs.org/@angular%2fanimations set size:2869106 disposed:false
46 silly fetch manifest @angular/router@^20.2.0
47 silly packumentCache full:https://registry.npmjs.org/@angular%2frouter cache-miss
48 http cache https://registry.npmjs.org/@angular%2frouter 7ms (cache hit)
49 silly packumentCache full:https://registry.npmjs.org/@angular%2frouter set size:3033054 disposed:false
50 silly fetch manifest tslib@^2.3.0
51 silly packumentCache full:https://registry.npmjs.org/tslib cache-miss
52 http cache https://registry.npmjs.org/tslib 8ms (cache hit)
53 silly packumentCache full:https://registry.npmjs.org/tslib set size:108760 disposed:false
54 silly fetch manifest @angular/build@^20.2.1
55 silly packumentCache full:https://registry.npmjs.org/@angular%2fbuild cache-miss
56 http cache https://registry.npmjs.org/@angular%2fbuild 3ms (cache hit)
57 silly packumentCache full:https://registry.npmjs.org/@angular%2fbuild set size:912254 disposed:false
58 silly fetch manifest @angular/compiler-cli@^20.2.0
59 silly packumentCache full:https://registry.npmjs.org/@angular%2fcompiler-cli cache-miss
60 http cache https://registry.npmjs.org/@angular%2fcompiler-cli 5ms (cache hit)
61 silly packumentCache full:https://registry.npmjs.org/@angular%2fcompiler-cli set size:3320721 disposed:false
62 silly fetch manifest typescript@~5.9.2
63 silly packumentCache full:https://registry.npmjs.org/typescript cache-miss
64 http fetch GET 200 https://registry.npmjs.org/typescript 948ms (cache miss)
65 silly packumentCache full:https://registry.npmjs.org/typescript set size:undefined disposed:false
66 silly fetch manifest @angular/localize@^20.0.0
67 silly packumentCache full:https://registry.npmjs.org/@angular%2flocalize cache-miss
68 http fetch GET 200 https://registry.npmjs.org/@angular%2flocalize 211ms (cache miss)
69 silly packumentCache full:https://registry.npmjs.org/@angular%2flocalize set size:undefined disposed:false
70 silly fetch manifest @angular/platform-server@^20.0.0
71 silly packumentCache full:https://registry.npmjs.org/@angular%2fplatform-server cache-miss
72 http fetch GET 200 https://registry.npmjs.org/@angular%2fplatform-server 242ms (cache miss)
73 silly packumentCache full:https://registry.npmjs.org/@angular%2fplatform-server set size:undefined disposed:false
74 silly fetch manifest @angular/service-worker@^20.0.0
75 silly packumentCache full:https://registry.npmjs.org/@angular%2fservice-worker cache-miss
76 http fetch GET 200 https://registry.npmjs.org/@angular%2fservice-worker 263ms (cache miss)
77 silly packumentCache full:https://registry.npmjs.org/@angular%2fservice-worker set size:undefined disposed:false
78 silly fetch manifest @angular/ssr@^20.3.28
79 silly packumentCache full:https://registry.npmjs.org/@angular%2fssr cache-miss
80 http fetch GET 200 https://registry.npmjs.org/@angular%2fssr 141ms (cache miss)
81 silly packumentCache full:https://registry.npmjs.org/@angular%2fssr set size:undefined disposed:false
82 silly fetch manifest karma@~6.4.0
83 silly packumentCache full:https://registry.npmjs.org/karma cache-miss
84 http fetch GET 200 https://registry.npmjs.org/karma 159ms (cache miss)
85 silly packumentCache full:https://registry.npmjs.org/karma set size:undefined disposed:false
86 silly fetch manifest less@^4.2.0
87 silly packumentCache full:https://registry.npmjs.org/less cache-miss
88 http fetch GET 200 https://registry.npmjs.org/less 123ms (cache miss)
89 silly packumentCache full:https://registry.npmjs.org/less set size:undefined disposed:false
90 silly fetch manifest ng-packagr@^20.0.0
91 silly packumentCache full:https://registry.npmjs.org/ng-packagr cache-miss
92 http fetch GET 200 https://registry.npmjs.org/ng-packagr 173ms (cache miss)
93 silly packumentCache full:https://registry.npmjs.org/ng-packagr set size:undefined disposed:false
94 silly fetch manifest tailwindcss@^2.0.0 || ^3.0.0 || ^4.0.0
95 silly packumentCache full:https://registry.npmjs.org/tailwindcss cache-miss
96 http fetch GET 200 https://registry.npmjs.org/tailwindcss 386ms (cache miss)
97 silly packumentCache full:https://registry.npmjs.org/tailwindcss set size:undefined disposed:false
98 silly fetch manifest postcss@^8.4.0
99 silly packumentCache full:https://registry.npmjs.org/postcss cache-miss
100 http fetch GET 200 https://registry.npmjs.org/postcss 177ms (cache miss)
101 silly packumentCache full:https://registry.npmjs.org/postcss set size:undefined disposed:false
102 silly fetch manifest vitest@^3.1.1
103 silly packumentCache full:https://registry.npmjs.org/vitest cache-miss
104 http fetch GET 200 https://registry.npmjs.org/vitest 214ms (cache miss)
105 silly packumentCache full:https://registry.npmjs.org/vitest set size:undefined disposed:false
106 silly fetch manifest @edge-runtime/vm@*
107 silly packumentCache full:https://registry.npmjs.org/@edge-runtime%2fvm cache-miss
108 http fetch GET 200 https://registry.npmjs.org/@edge-runtime%2fvm 144ms (cache miss)
109 silly packumentCache full:https://registry.npmjs.org/@edge-runtime%2fvm set size:undefined disposed:false
110 silly fetch manifest @types/debug@^4.1.12
111 silly packumentCache full:https://registry.npmjs.org/@types%2fdebug cache-miss
112 http fetch GET 200 https://registry.npmjs.org/@types%2fdebug 183ms (cache miss)
113 silly packumentCache full:https://registry.npmjs.org/@types%2fdebug set size:undefined disposed:false
114 silly fetch manifest @types/node@^18.0.0 || ^20.0.0 || >=22.0.0
115 silly packumentCache full:https://registry.npmjs.org/@types%2fnode cache-miss
116 http fetch GET 200 https://registry.npmjs.org/@types%2fnode 399ms (cache miss)
117 silly packumentCache full:https://registry.npmjs.org/@types%2fnode set size:undefined disposed:false
118 silly fetch manifest @vitest/browser@3.2.6
119 silly packumentCache full:https://registry.npmjs.org/@vitest%2fbrowser cache-miss
120 http fetch GET 200 https://registry.npmjs.org/@vitest%2fbrowser 145ms (cache miss)
121 silly packumentCache full:https://registry.npmjs.org/@vitest%2fbrowser set size:undefined disposed:false
122 silly fetch manifest playwright@*
123 silly packumentCache full:https://registry.npmjs.org/playwright cache-miss
124 http fetch GET 200 https://registry.npmjs.org/playwright 717ms (cache miss)
125 silly packumentCache full:https://registry.npmjs.org/playwright set size:undefined disposed:false
126 silly fetch manifest webdriverio@^7.0.0 || ^8.0.0 || ^9.0.0
127 silly packumentCache full:https://registry.npmjs.org/webdriverio cache-miss
128 http fetch GET 200 https://registry.npmjs.org/webdriverio 299ms (cache miss)
129 silly packumentCache full:https://registry.npmjs.org/webdriverio set size:undefined disposed:false
130 silly fetch manifest puppeteer-core@>=22.x || <=24.x
131 silly packumentCache full:https://registry.npmjs.org/puppeteer-core cache-miss
132 http fetch GET 200 https://registry.npmjs.org/puppeteer-core 168ms (cache miss)
133 silly packumentCache full:https://registry.npmjs.org/puppeteer-core set size:undefined disposed:false
134 silly fetch manifest @vitest/ui@3.2.6
135 silly packumentCache full:https://registry.npmjs.org/@vitest%2fui cache-miss
136 http fetch GET 200 https://registry.npmjs.org/@vitest%2fui 169ms (cache miss)
137 silly packumentCache full:https://registry.npmjs.org/@vitest%2fui set size:undefined disposed:false
138 silly fetch manifest happy-dom@*
139 silly packumentCache full:https://registry.npmjs.org/happy-dom cache-miss
140 http fetch GET 200 https://registry.npmjs.org/happy-dom 231ms (cache miss)
141 silly packumentCache full:https://registry.npmjs.org/happy-dom set size:undefined disposed:false
142 silly fetch manifest jsdom@*
143 silly packumentCache full:https://registry.npmjs.org/jsdom cache-miss
144 http fetch GET 200 https://registry.npmjs.org/jsdom 132ms (cache miss)
145 silly packumentCache full:https://registry.npmjs.org/jsdom set size:undefined disposed:false
146 silly fetch manifest canvas@^3.0.0
147 silly packumentCache full:https://registry.npmjs.org/canvas cache-miss
148 http fetch GET 200 https://registry.npmjs.org/canvas 126ms (cache miss)
149 silly packumentCache full:https://registry.npmjs.org/canvas set size:undefined disposed:false
150 silly fetch manifest @angular/cli@^20.2.1
151 silly packumentCache full:https://registry.npmjs.org/@angular%2fcli cache-miss
152 http fetch GET 200 https://registry.npmjs.org/@angular%2fcli 298ms (cache miss)
153 silly packumentCache full:https://registry.npmjs.org/@angular%2fcli set size:undefined disposed:false
154 silly fetch manifest @commitlint/cli@^21.0.2
155 silly packumentCache full:https://registry.npmjs.org/@commitlint%2fcli cache-miss
156 http fetch GET 200 https://registry.npmjs.org/@commitlint%2fcli 158ms (cache miss)
157 silly packumentCache full:https://registry.npmjs.org/@commitlint%2fcli set size:undefined disposed:false
158 silly fetch manifest @commitlint/config-conventional@^21.0.2
159 silly packumentCache full:https://registry.npmjs.org/@commitlint%2fconfig-conventional cache-miss
160 http fetch GET 200 https://registry.npmjs.org/@commitlint%2fconfig-conventional 146ms (cache miss)
161 silly packumentCache full:https://registry.npmjs.org/@commitlint%2fconfig-conventional set size:undefined disposed:false
162 silly fetch manifest @types/jasmine@~5.1.0
163 silly packumentCache full:https://registry.npmjs.org/@types%2fjasmine cache-miss
164 http fetch GET 200 https://registry.npmjs.org/@types%2fjasmine 138ms (cache miss)
165 silly packumentCache full:https://registry.npmjs.org/@types%2fjasmine set size:undefined disposed:false
166 silly fetch manifest angular-eslint@21.0.1
167 silly packumentCache full:https://registry.npmjs.org/angular-eslint cache-miss
168 http fetch GET 200 https://registry.npmjs.org/angular-eslint 160ms (cache miss)
169 silly packumentCache full:https://registry.npmjs.org/angular-eslint set size:undefined disposed:false
170 silly fetch manifest eslint@^9.39.1
171 silly packumentCache full:https://registry.npmjs.org/eslint cache-miss
172 http fetch GET 200 https://registry.npmjs.org/eslint 219ms (cache miss)
173 silly packumentCache full:https://registry.npmjs.org/eslint set size:undefined disposed:false
174 silly fetch manifest jiti@*
175 silly packumentCache full:https://registry.npmjs.org/jiti cache-miss
176 http fetch GET 200 https://registry.npmjs.org/jiti 142ms (cache miss)
177 silly packumentCache full:https://registry.npmjs.org/jiti set size:undefined disposed:false
178 silly fetch manifest typescript-eslint@8.46.4
179 silly packumentCache full:https://registry.npmjs.org/typescript-eslint cache-miss
180 http fetch GET 200 https://registry.npmjs.org/typescript-eslint 239ms (cache miss)
181 silly packumentCache full:https://registry.npmjs.org/typescript-eslint set size:undefined disposed:false
182 silly fetch manifest eslint-config-prettier@^10.1.8
183 silly packumentCache full:https://registry.npmjs.org/eslint-config-prettier cache-miss
184 http fetch GET 200 https://registry.npmjs.org/eslint-config-prettier 147ms (cache miss)
185 silly packumentCache full:https://registry.npmjs.org/eslint-config-prettier set size:undefined disposed:false
186 silly fetch manifest husky@^9.1.7
187 silly packumentCache full:https://registry.npmjs.org/husky cache-miss
188 http fetch GET 200 https://registry.npmjs.org/husky 153ms (cache miss)
189 silly packumentCache full:https://registry.npmjs.org/husky set size:undefined disposed:false
190 silly fetch manifest jasmine-core@~5.9.0
191 silly packumentCache full:https://registry.npmjs.org/jasmine-core cache-miss
192 http fetch GET 200 https://registry.npmjs.org/jasmine-core 138ms (cache miss)
193 silly packumentCache full:https://registry.npmjs.org/jasmine-core set size:undefined disposed:false
194 silly fetch manifest karma-chrome-launcher@~3.2.0
195 silly packumentCache full:https://registry.npmjs.org/karma-chrome-launcher cache-miss
196 http fetch GET 200 https://registry.npmjs.org/karma-chrome-launcher 149ms (cache miss)
197 silly packumentCache full:https://registry.npmjs.org/karma-chrome-launcher set size:undefined disposed:false
198 silly fetch manifest karma-coverage@~2.2.0
199 silly packumentCache full:https://registry.npmjs.org/karma-coverage cache-miss
200 http fetch GET 200 https://registry.npmjs.org/karma-coverage 149ms (cache miss)
201 silly packumentCache full:https://registry.npmjs.org/karma-coverage set size:undefined disposed:false
202 silly fetch manifest karma-jasmine@~5.1.0
203 silly packumentCache full:https://registry.npmjs.org/karma-jasmine cache-miss
204 http fetch GET 200 https://registry.npmjs.org/karma-jasmine 101ms (cache miss)
205 silly packumentCache full:https://registry.npmjs.org/karma-jasmine set size:undefined disposed:false
206 silly fetch manifest karma-jasmine-html-reporter@~2.1.0
207 silly packumentCache full:https://registry.npmjs.org/karma-jasmine-html-reporter cache-miss
208 http fetch GET 200 https://registry.npmjs.org/karma-jasmine-html-reporter 109ms (cache miss)
209 silly packumentCache full:https://registry.npmjs.org/karma-jasmine-html-reporter set size:undefined disposed:false
210 silly fetch manifest lint-staged@^16.4.0
211 silly packumentCache full:https://registry.npmjs.org/lint-staged cache-miss
212 http fetch GET 200 https://registry.npmjs.org/lint-staged 155ms (cache miss)
213 silly packumentCache full:https://registry.npmjs.org/lint-staged set size:undefined disposed:false
214 silly fetch manifest prettier@^3.8.4
215 silly packumentCache full:https://registry.npmjs.org/prettier cache-miss
216 http fetch GET 200 https://registry.npmjs.org/prettier 140ms (cache miss)
217 silly packumentCache full:https://registry.npmjs.org/prettier set size:undefined disposed:false
218 silly placeDep ROOT @angular/build@20.3.28 OK for: push-angular@0.0.0 want: ^20.2.1
219 silly placeDep ROOT tslib@2.8.1 OK for: @angular/build@20.3.28 want: ^2.3.0
220 silly placeDep ROOT typescript@5.9.3 OK for: @angular/build@20.3.28 want: >=5.8 <6.0
221 silly placeDep ROOT @angular/compiler@20.3.25 OK for: @angular/build@20.3.28 want: ^20.0.0
222 silly placeDep ROOT @angular/compiler-cli@20.3.25 OK for: @angular/build@20.3.28 want: ^20.0.0
223 silly placeDep ROOT @angular/cli@20.3.28 OK for: push-angular@0.0.0 want: ^20.2.1
224 silly placeDep ROOT @angular/common@20.3.25 OK for: push-angular@0.0.0 want: ^20.2.0
225 silly placeDep ROOT rxjs@7.8.2 OK for: @angular/common@20.3.25 want: ^6.5.3 || ^7.4.0
226 silly placeDep ROOT @angular/core@20.3.25 OK for: @angular/common@20.3.25 want: 20.3.25
227 silly placeDep ROOT @angular/forms@20.3.25 OK for: push-angular@0.0.0 want: ^20.2.0
228 silly placeDep ROOT @angular/platform-browser@20.3.25 OK for: @angular/forms@20.3.25 want: 20.3.25
229 silly placeDep ROOT @angular/router@20.3.25 OK for: push-angular@0.0.0 want: ^20.2.0
230 silly placeDep ROOT @commitlint/cli@21.0.2 OK for: push-angular@0.0.0 want: ^21.0.2
231 silly placeDep ROOT @commitlint/config-conventional@21.0.2 OK for: push-angular@0.0.0 want: ^21.0.2
232 silly placeDep ROOT @types/jasmine@5.1.15 OK for: push-angular@0.0.0 want: ~5.1.0
233 silly placeDep ROOT angular-eslint@21.0.1 OK for: push-angular@0.0.0 want: 21.0.1
234 silly placeDep ROOT eslint@9.39.4 OK for: angular-eslint@21.0.1 want: ^8.57.0 || ^9.0.0
235 silly placeDep ROOT typescript-eslint@8.46.4 OK for: angular-eslint@21.0.1 want: ^8.0.0
236 silly placeDep ROOT eslint-config-prettier@10.1.8 OK for: push-angular@0.0.0 want: ^10.1.8
237 silly placeDep ROOT husky@9.1.7 OK for: push-angular@0.0.0 want: ^9.1.7
238 silly placeDep ROOT jasmine-core@5.9.0 OK for: push-angular@0.0.0 want: ~5.9.0
239 silly placeDep ROOT karma@6.4.4 OK for: push-angular@0.0.0 want: ~6.4.0
240 silly placeDep ROOT karma-chrome-launcher@3.2.0 OK for: push-angular@0.0.0 want: ~3.2.0
241 silly placeDep ROOT karma-coverage@2.2.1 OK for: push-angular@0.0.0 want: ~2.2.0
242 silly placeDep ROOT karma-jasmine@5.1.0 OK for: push-angular@0.0.0 want: ~5.1.0
243 silly placeDep ROOT karma-jasmine-html-reporter@2.1.0 OK for: push-angular@0.0.0 want: ~2.1.0
244 silly placeDep ROOT lint-staged@16.4.0 OK for: push-angular@0.0.0 want: ^16.4.0
245 silly placeDep ROOT prettier@3.8.4 OK for: push-angular@0.0.0 want: ^3.8.4
246 silly placeDep ROOT zone.js@0.15.1 OK for: push-angular@0.0.0 want: ~0.15.0
247 silly fetch manifest sass@1.90.0
248 silly packumentCache full:https://registry.npmjs.org/sass cache-miss
249 silly fetch manifest vite@7.3.2
250 silly packumentCache full:https://registry.npmjs.org/vite cache-miss
251 silly fetch manifest listr2@9.0.1
252 silly packumentCache full:https://registry.npmjs.org/listr2 cache-miss
253 silly fetch manifest mrmime@2.0.1
254 silly packumentCache full:https://registry.npmjs.org/mrmime cache-miss
255 silly fetch manifest rollup@4.59.0
256 silly packumentCache full:https://registry.npmjs.org/rollup cache-miss
257 silly fetch manifest semver@7.7.2
258 silly packumentCache full:https://registry.npmjs.org/semver cache-miss
259 silly fetch manifest esbuild@0.28.0
260 silly packumentCache full:https://registry.npmjs.org/esbuild cache-miss
261 http fetch GET 200 https://registry.npmjs.org/sass 230ms (cache miss)
262 silly packumentCache full:https://registry.npmjs.org/sass set size:undefined disposed:false
263 silly fetch manifest piscina@5.1.3
264 silly packumentCache full:https://registry.npmjs.org/piscina cache-miss
265 http fetch GET 200 https://registry.npmjs.org/mrmime 345ms (cache miss)
266 silly packumentCache full:https://registry.npmjs.org/mrmime set size:undefined disposed:false
267 silly fetch manifest beasties@0.3.5
268 silly packumentCache full:https://registry.npmjs.org/beasties cache-miss
269 http fetch GET 200 https://registry.npmjs.org/piscina 139ms (cache miss)
270 silly packumentCache full:https://registry.npmjs.org/piscina set size:undefined disposed:false
271 silly fetch manifest picomatch@4.0.4
272 silly packumentCache full:https://registry.npmjs.org/picomatch cache-miss
273 http fetch GET 200 https://registry.npmjs.org/beasties 101ms (cache miss)
274 silly packumentCache full:https://registry.npmjs.org/beasties set size:undefined disposed:false
275 silly fetch manifest watchpack@2.4.4
276 silly packumentCache full:https://registry.npmjs.org/watchpack cache-miss
277 http fetch GET 200 https://registry.npmjs.org/listr2 501ms (cache miss)
278 silly packumentCache full:https://registry.npmjs.org/listr2 set size:undefined disposed:false
279 silly fetch manifest tinyglobby@0.2.14
280 silly packumentCache full:https://registry.npmjs.org/tinyglobby cache-miss
281 http fetch GET 200 https://registry.npmjs.org/semver 525ms (cache miss)
282 silly packumentCache full:https://registry.npmjs.org/semver set size:undefined disposed:false
283 silly fetch manifest @babel/core@7.28.3
284 silly packumentCache full:https://registry.npmjs.org/@babel%2fcore cache-miss
285 http fetch GET 200 https://registry.npmjs.org/esbuild 531ms (cache miss)
286 silly packumentCache full:https://registry.npmjs.org/esbuild set size:undefined disposed:false
287 silly fetch manifest browserslist@^4.23.0
288 silly packumentCache full:https://registry.npmjs.org/browserslist cache-miss
289 http fetch GET 200 https://registry.npmjs.org/watchpack 91ms (cache miss)
290 silly packumentCache full:https://registry.npmjs.org/watchpack set size:undefined disposed:false
291 silly fetch manifest jsonc-parser@3.3.1
292 silly packumentCache full:https://registry.npmjs.org/jsonc-parser cache-miss
293 http fetch GET 200 https://registry.npmjs.org/picomatch 169ms (cache miss)
294 silly packumentCache full:https://registry.npmjs.org/picomatch set size:undefined disposed:false
295 silly fetch manifest magic-string@0.30.17
296 silly packumentCache full:https://registry.npmjs.org/magic-string cache-miss
297 http fetch GET 200 https://registry.npmjs.org/jsonc-parser 111ms (cache miss)
298 silly packumentCache full:https://registry.npmjs.org/jsonc-parser set size:undefined disposed:false
299 silly fetch manifest @inquirer/confirm@5.1.14
300 silly packumentCache full:https://registry.npmjs.org/@inquirer%2fconfirm cache-miss
301 http fetch GET 200 https://registry.npmjs.org/tinyglobby 145ms (cache miss)
302 silly packumentCache full:https://registry.npmjs.org/tinyglobby set size:undefined disposed:false
303 silly fetch manifest https-proxy-agent@7.0.6
304 silly packumentCache full:https://registry.npmjs.org/https-proxy-agent cache-miss
305 http fetch GET 200 https://registry.npmjs.org/browserslist 214ms (cache miss)
306 silly packumentCache full:https://registry.npmjs.org/browserslist set size:undefined disposed:false
307 silly fetch manifest source-map-support@0.5.21
308 silly packumentCache full:https://registry.npmjs.org/source-map-support cache-miss
309 http fetch GET 200 https://registry.npmjs.org/magic-string 258ms (cache miss)
310 silly packumentCache full:https://registry.npmjs.org/magic-string set size:undefined disposed:false
311 silly fetch manifest @ampproject/remapping@2.3.0
312 silly packumentCache full:https://registry.npmjs.org/@ampproject%2fremapping cache-miss
313 http fetch GET 200 https://registry.npmjs.org/https-proxy-agent 208ms (cache miss)
314 silly packumentCache full:https://registry.npmjs.org/https-proxy-agent set size:undefined disposed:false
315 silly fetch manifest istanbul-lib-instrument@6.0.3
316 silly packumentCache full:https://registry.npmjs.org/istanbul-lib-instrument cache-miss
317 http fetch GET 200 https://registry.npmjs.org/@inquirer%2fconfirm 251ms (cache miss)
318 silly packumentCache full:https://registry.npmjs.org/@inquirer%2fconfirm set size:undefined disposed:false
319 silly fetch manifest @vitejs/plugin-basic-ssl@2.1.0
320 silly packumentCache full:https://registry.npmjs.org/@vitejs%2fplugin-basic-ssl cache-miss
321 http fetch GET 200 https://registry.npmjs.org/source-map-support 191ms (cache miss)
322 silly packumentCache full:https://registry.npmjs.org/source-map-support set size:undefined disposed:false
323 silly fetch manifest @angular-devkit/architect@0.2003.28
324 silly packumentCache full:https://registry.npmjs.org/@angular-devkit%2farchitect cache-miss
325 http fetch GET 200 https://registry.npmjs.org/@babel%2fcore 452ms (cache miss)
326 silly packumentCache full:https://registry.npmjs.org/@babel%2fcore set size:undefined disposed:false
327 silly fetch manifest parse5-html-rewriting-stream@8.0.0
328 silly packumentCache full:https://registry.npmjs.org/parse5-html-rewriting-stream cache-miss
329 http fetch GET 200 https://registry.npmjs.org/@ampproject%2fremapping 252ms (cache miss)
330 silly packumentCache full:https://registry.npmjs.org/@ampproject%2fremapping set size:undefined disposed:false
331 silly fetch manifest @babel/helper-annotate-as-pure@7.27.3
332 silly packumentCache full:https://registry.npmjs.org/@babel%2fhelper-annotate-as-pure cache-miss
333 http fetch GET 200 https://registry.npmjs.org/istanbul-lib-instrument 267ms (cache miss)
334 silly packumentCache full:https://registry.npmjs.org/istanbul-lib-instrument set size:undefined disposed:false
335 silly fetch manifest @babel/helper-split-export-declaration@7.24.7
336 silly packumentCache full:https://registry.npmjs.org/@babel%2fhelper-split-export-declaration cache-miss
337 http fetch GET 200 https://registry.npmjs.org/parse5-html-rewriting-stream 210ms (cache miss)
338 silly packumentCache full:https://registry.npmjs.org/parse5-html-rewriting-stream set size:undefined disposed:false
339 silly fetch manifest lmdb@3.4.2
340 silly packumentCache full:https://registry.npmjs.org/lmdb cache-miss
341 http fetch GET 200 https://registry.npmjs.org/@vitejs%2fplugin-basic-ssl 331ms (cache miss)
342 silly packumentCache full:https://registry.npmjs.org/@vitejs%2fplugin-basic-ssl set size:undefined disposed:false
343 silly fetch manifest yargs@^18.0.0
344 silly packumentCache full:https://registry.npmjs.org/yargs cache-miss
345 http fetch GET 200 https://registry.npmjs.org/@babel%2fhelper-annotate-as-pure 251ms (cache miss)
346 silly packumentCache full:https://registry.npmjs.org/@babel%2fhelper-annotate-as-pure set size:undefined disposed:false
347 silly fetch manifest semver@^7.0.0
348 silly packumentCache full:https://registry.npmjs.org/semver cache-miss
349 http cache https://registry.npmjs.org/semver 3ms (cache hit)
350 silly packumentCache full:https://registry.npmjs.org/semver set size:243512 disposed:false
351 silly fetch manifest chokidar@^4.0.0
352 silly packumentCache full:https://registry.npmjs.org/chokidar cache-miss
353 http fetch GET 200 https://registry.npmjs.org/@babel%2fhelper-split-export-declaration 534ms (cache miss)
354 silly packumentCache full:https://registry.npmjs.org/@babel%2fhelper-split-export-declaration set size:undefined disposed:false
355 silly fetch manifest reflect-metadata@^0.2.0
356 silly packumentCache full:https://registry.npmjs.org/reflect-metadata cache-miss
357 http fetch GET 200 https://registry.npmjs.org/chokidar 363ms (cache miss)
358 silly packumentCache full:https://registry.npmjs.org/chokidar set size:undefined disposed:false
359 silly fetch manifest convert-source-map@^1.5.1
360 silly packumentCache full:https://registry.npmjs.org/convert-source-map cache-miss
361 http fetch GET 200 https://registry.npmjs.org/yargs 518ms (cache miss)
362 silly packumentCache full:https://registry.npmjs.org/yargs set size:undefined disposed:false
363 silly fetch manifest @jridgewell/sourcemap-codec@^1.4.14
364 silly packumentCache full:https://registry.npmjs.org/@jridgewell%2fsourcemap-codec cache-miss
365 http fetch GET 200 https://registry.npmjs.org/@angular-devkit%2farchitect 878ms (cache miss)
366 silly packumentCache full:https://registry.npmjs.org/@angular-devkit%2farchitect set size:undefined disposed:false
367 silly fetch manifest ini@5.0.0
368 silly packumentCache full:https://registry.npmjs.org/ini cache-miss
369 http fetch GET 200 https://registry.npmjs.org/lmdb 643ms (cache miss)
370 silly packumentCache full:https://registry.npmjs.org/lmdb set size:undefined disposed:false
371 silly fetch manifest zod@4.1.13
372 silly packumentCache full:https://registry.npmjs.org/zod cache-miss
373 http fetch GET 200 https://registry.npmjs.org/reflect-metadata 199ms (cache miss)
374 silly packumentCache full:https://registry.npmjs.org/reflect-metadata set size:undefined disposed:false
375 silly fetch manifest yargs@18.0.0
376 silly packumentCache full:https://registry.npmjs.org/yargs cache-miss
377 http cache https://registry.npmjs.org/yargs 3ms (cache hit)
378 silly packumentCache full:https://registry.npmjs.org/yargs set size:740973 disposed:false
379 silly fetch manifest pacote@21.0.4
380 silly packumentCache full:https://registry.npmjs.org/pacote cache-miss
381 http fetch GET 200 https://registry.npmjs.org/convert-source-map 241ms (cache miss)
382 silly packumentCache full:https://registry.npmjs.org/convert-source-map set size:undefined disposed:false
383 silly fetch manifest resolve@1.22.10
384 silly packumentCache full:https://registry.npmjs.org/resolve cache-miss
385 http fetch GET 200 https://registry.npmjs.org/@jridgewell%2fsourcemap-codec 177ms (cache miss)
386 silly packumentCache full:https://registry.npmjs.org/@jridgewell%2fsourcemap-codec set size:undefined disposed:false
387 silly fetch manifest algoliasearch@5.35.0
388 silly packumentCache full:https://registry.npmjs.org/algoliasearch cache-miss
389 http fetch GET 200 https://registry.npmjs.org/ini 257ms (cache miss)
390 silly packumentCache full:https://registry.npmjs.org/ini set size:undefined disposed:false
391 silly fetch manifest npm-package-arg@13.0.0
392 silly packumentCache full:https://registry.npmjs.org/npm-package-arg cache-miss
393 http fetch GET 200 https://registry.npmjs.org/resolve 230ms (cache miss)
394 silly packumentCache full:https://registry.npmjs.org/resolve set size:undefined disposed:false
395 silly fetch manifest @inquirer/prompts@7.8.2
396 silly packumentCache full:https://registry.npmjs.org/@inquirer%2fprompts cache-miss
397 http fetch GET 200 https://registry.npmjs.org/pacote 436ms (cache miss)
398 silly packumentCache full:https://registry.npmjs.org/pacote set size:undefined disposed:false
399 silly fetch manifest @yarnpkg/lockfile@1.1.0
400 silly packumentCache full:https://registry.npmjs.org/@yarnpkg%2flockfile cache-miss
401 http fetch GET 200 https://registry.npmjs.org/npm-package-arg 282ms (cache miss)
402 silly packumentCache full:https://registry.npmjs.org/npm-package-arg set size:undefined disposed:false
403 silly fetch manifest @schematics/angular@20.3.28
404 silly packumentCache full:https://registry.npmjs.org/@schematics%2fangular cache-miss
405 http fetch GET 200 https://registry.npmjs.org/algoliasearch 492ms (cache miss)
406 silly packumentCache full:https://registry.npmjs.org/algoliasearch set size:undefined disposed:false
407 silly fetch manifest @angular-devkit/core@20.3.28
408 silly packumentCache full:https://registry.npmjs.org/@angular-devkit%2fcore cache-miss
409 http fetch GET 200 https://registry.npmjs.org/@inquirer%2fprompts 295ms (cache miss)
410 silly packumentCache full:https://registry.npmjs.org/@inquirer%2fprompts set size:undefined disposed:false
411 silly fetch manifest @modelcontextprotocol/sdk@1.26.0
412 silly packumentCache full:https://registry.npmjs.org/@modelcontextprotocol%2fsdk cache-miss
413 http fetch GET 200 https://registry.npmjs.org/@modelcontextprotocol%2fsdk 261ms (cache miss)
414 silly packumentCache full:https://registry.npmjs.org/@modelcontextprotocol%2fsdk set size:undefined disposed:false
415 silly fetch manifest @angular-devkit/schematics@20.3.28
416 silly packumentCache full:https://registry.npmjs.org/@angular-devkit%2fschematics cache-miss
417 http fetch GET 200 https://registry.npmjs.org/rollup 2735ms (cache miss)
418 silly packumentCache full:https://registry.npmjs.org/rollup set size:undefined disposed:false
419 silly fetch manifest @listr2/prompt-adapter-inquirer@3.0.1
420 silly packumentCache full:https://registry.npmjs.org/@listr2%2fprompt-adapter-inquirer cache-miss
421 http fetch GET 200 https://registry.npmjs.org/zod 1072ms (cache miss)
422 silly packumentCache full:https://registry.npmjs.org/zod set size:undefined disposed:false
423 silly fetch manifest @commitlint/format@^21.0.1
424 silly packumentCache full:https://registry.npmjs.org/@commitlint%2fformat cache-miss
425 http fetch GET 200 https://registry.npmjs.org/@yarnpkg%2flockfile 618ms (cache miss)
426 silly packumentCache full:https://registry.npmjs.org/@yarnpkg%2flockfile set size:undefined disposed:false
427 silly fetch manifest @commitlint/lint@^21.0.2
428 silly packumentCache full:https://registry.npmjs.org/@commitlint%2flint cache-miss
429 http fetch GET 200 https://registry.npmjs.org/@angular-devkit%2fschematics 425ms (cache miss)
430 silly packumentCache full:https://registry.npmjs.org/@angular-devkit%2fschematics set size:undefined disposed:false
431 silly fetch manifest @commitlint/load@^21.0.2
432 silly packumentCache full:https://registry.npmjs.org/@commitlint%2fload cache-miss
433 http fetch GET 200 https://registry.npmjs.org/@schematics%2fangular 799ms (cache miss)
434 silly packumentCache full:https://registry.npmjs.org/@schematics%2fangular set size:undefined disposed:false
435 silly fetch manifest @commitlint/read@^21.0.2
436 silly packumentCache full:https://registry.npmjs.org/@commitlint%2fread cache-miss
437 http fetch GET 200 https://registry.npmjs.org/@listr2%2fprompt-adapter-inquirer 409ms (cache miss)
438 silly packumentCache full:https://registry.npmjs.org/@listr2%2fprompt-adapter-inquirer set size:undefined disposed:false
439 silly fetch manifest @commitlint/types@^21.0.1
440 silly packumentCache full:https://registry.npmjs.org/@commitlint%2ftypes cache-miss
441 http fetch GET 200 https://registry.npmjs.org/@commitlint%2fformat 324ms (cache miss)
442 silly packumentCache full:https://registry.npmjs.org/@commitlint%2fformat set size:undefined disposed:false
443 silly fetch manifest tinyexec@^1.0.0
444 silly packumentCache full:https://registry.npmjs.org/tinyexec cache-miss
445 http fetch GET 200 https://registry.npmjs.org/@commitlint%2flint 377ms (cache miss)
446 silly packumentCache full:https://registry.npmjs.org/@commitlint%2flint set size:undefined disposed:false
447 silly fetch manifest @commitlint/types@^21.0.1
448 silly packumentCache full:https://registry.npmjs.org/@commitlint%2ftypes cache-miss
449 http fetch GET 200 https://registry.npmjs.org/@commitlint%2fload 194ms (cache miss)
450 silly packumentCache full:https://registry.npmjs.org/@commitlint%2fload set size:undefined disposed:false
451 silly fetch manifest conventional-changelog-conventionalcommits@^9.2.0
452 silly packumentCache full:https://registry.npmjs.org/conventional-changelog-conventionalcommits cache-miss
453 http fetch GET 200 https://registry.npmjs.org/vite 3364ms (cache miss)
454 silly packumentCache full:https://registry.npmjs.org/vite set size:undefined disposed:false
455 silly fetch manifest @angular-devkit/core@>= 21.0.0 < 22.0.0
456 silly packumentCache full:https://registry.npmjs.org/@angular-devkit%2fcore cache-miss
457 http fetch GET 200 https://registry.npmjs.org/tinyexec 241ms (cache miss)
458 silly packumentCache full:https://registry.npmjs.org/tinyexec set size:undefined disposed:false
459 silly fetch manifest @angular-eslint/builder@21.0.1
460 silly packumentCache full:https://registry.npmjs.org/@angular-eslint%2fbuilder cache-miss
461 http fetch GET 200 https://registry.npmjs.org/conventional-changelog-conventionalcommits 140ms (cache miss)
462 silly packumentCache full:https://registry.npmjs.org/conventional-changelog-conventionalcommits set size:undefined disposed:false
463 silly fetch manifest @typescript-eslint/types@^8.0.0
464 silly packumentCache full:https://registry.npmjs.org/@typescript-eslint%2ftypes cache-miss
465 http fetch GET 200 https://registry.npmjs.org/@commitlint%2ftypes 225ms (cache miss)
466 silly packumentCache full:https://registry.npmjs.org/@commitlint%2ftypes set size:undefined disposed:false
467 silly fetch manifest @typescript-eslint/utils@^8.0.0
468 silly packumentCache full:https://registry.npmjs.org/@typescript-eslint%2futils cache-miss
469 http fetch GET 200 https://registry.npmjs.org/@commitlint%2ftypes 369ms (cache miss)
470 silly packumentCache full:https://registry.npmjs.org/@commitlint%2ftypes set size:undefined disposed:false
471 silly fetch manifest @angular-devkit/schematics@>= 21.0.0 < 22.0.0
472 silly packumentCache full:https://registry.npmjs.org/@angular-devkit%2fschematics cache-miss
473 http cache https://registry.npmjs.org/@angular-devkit%2fschematics 3ms (cache hit)
474 silly packumentCache full:https://registry.npmjs.org/@angular-devkit%2fschematics set size:2328170 disposed:false
475 silly fetch manifest @angular-eslint/schematics@21.0.1
476 silly packumentCache full:https://registry.npmjs.org/@angular-eslint%2fschematics cache-miss
477 http fetch GET 200 https://registry.npmjs.org/@typescript-eslint%2ftypes 639ms (cache miss)
478 silly packumentCache full:https://registry.npmjs.org/@typescript-eslint%2ftypes set size:undefined disposed:false
479 silly fetch manifest @angular-eslint/eslint-plugin@21.0.1
480 silly packumentCache full:https://registry.npmjs.org/@angular-eslint%2feslint-plugin cache-miss
481 http fetch GET 200 https://registry.npmjs.org/@angular-eslint%2feslint-plugin 295ms (cache miss)
482 silly packumentCache full:https://registry.npmjs.org/@angular-eslint%2feslint-plugin set size:undefined disposed:false
483 silly fetch manifest @angular-eslint/template-parser@21.0.1
484 silly packumentCache full:https://registry.npmjs.org/@angular-eslint%2ftemplate-parser cache-miss
485 http fetch GET 200 https://registry.npmjs.org/@angular-eslint%2ftemplate-parser 468ms (cache miss)
486 silly packumentCache full:https://registry.npmjs.org/@angular-eslint%2ftemplate-parser set size:undefined disposed:false
487 silly fetch manifest @angular-eslint/eslint-plugin-template@21.0.1
488 silly packumentCache full:https://registry.npmjs.org/@angular-eslint%2feslint-plugin-template cache-miss
489 http fetch GET 200 https://registry.npmjs.org/@angular-eslint%2fbuilder 1584ms (cache miss)
490 silly packumentCache full:https://registry.npmjs.org/@angular-eslint%2fbuilder set size:undefined disposed:false
491 silly fetch manifest @typescript-eslint/utils@8.46.4
492 silly packumentCache full:https://registry.npmjs.org/@typescript-eslint%2futils cache-miss
493 http fetch GET 200 https://registry.npmjs.org/@angular-eslint%2fschematics 1821ms (cache miss)
494 silly packumentCache full:https://registry.npmjs.org/@angular-eslint%2fschematics set size:undefined disposed:false
495 silly fetch manifest @typescript-eslint/parser@8.46.4
496 silly packumentCache full:https://registry.npmjs.org/@typescript-eslint%2fparser cache-miss
497 http fetch GET 200 https://registry.npmjs.org/@angular-eslint%2feslint-plugin-template 462ms (cache miss)
498 silly packumentCache full:https://registry.npmjs.org/@angular-eslint%2feslint-plugin-template set size:undefined disposed:false
499 silly fetch manifest @typescript-eslint/eslint-plugin@8.46.4
500 silly packumentCache full:https://registry.npmjs.org/@typescript-eslint%2feslint-plugin cache-miss
501 http fetch GET 200 https://registry.npmjs.org/@typescript-eslint%2feslint-plugin 1113ms (cache miss)
502 silly packumentCache full:https://registry.npmjs.org/@typescript-eslint%2feslint-plugin set size:undefined disposed:false
503 silly fetch manifest @typescript-eslint/typescript-estree@8.46.4
504 silly packumentCache full:https://registry.npmjs.org/@typescript-eslint%2ftypescript-estree cache-miss
505 http fetch GET 200 https://registry.npmjs.org/@typescript-eslint%2futils 3142ms (cache miss)
506 silly packumentCache full:https://registry.npmjs.org/@typescript-eslint%2futils set size:undefined disposed:false
507 silly fetch manifest ajv@^6.14.0
508 silly packumentCache full:https://registry.npmjs.org/ajv cache-miss
509 http fetch GET 200 https://registry.npmjs.org/ajv 384ms (cache miss)
510 silly packumentCache full:https://registry.npmjs.org/ajv set size:undefined disposed:false
511 silly fetch manifest chalk@^4.0.0
512 silly packumentCache full:https://registry.npmjs.org/chalk cache-miss
513 http fetch GET 200 https://registry.npmjs.org/@typescript-eslint%2ftypescript-estree 895ms (cache miss)
514 silly packumentCache full:https://registry.npmjs.org/@typescript-eslint%2ftypescript-estree set size:undefined disposed:false
515 silly fetch manifest debug@^4.3.2
516 silly packumentCache full:https://registry.npmjs.org/debug cache-miss
517 http fetch GET 200 https://registry.npmjs.org/chalk 543ms (cache miss)
518 silly packumentCache full:https://registry.npmjs.org/chalk set size:undefined disposed:false
519 silly fetch manifest espree@^10.4.0
520 silly packumentCache full:https://registry.npmjs.org/espree cache-miss
521 http fetch GET 200 https://registry.npmjs.org/debug 252ms (cache miss)
522 silly packumentCache full:https://registry.npmjs.org/debug set size:undefined disposed:false
523 silly fetch manifest ignore@^5.2.0
524 silly packumentCache full:https://registry.npmjs.org/ignore cache-miss
525 http fetch GET 200 https://registry.npmjs.org/espree 363ms (cache miss)
526 silly packumentCache full:https://registry.npmjs.org/espree set size:undefined disposed:false
527 silly fetch manifest esquery@^1.5.0
528 silly packumentCache full:https://registry.npmjs.org/esquery cache-miss
529 http fetch GET 200 https://registry.npmjs.org/ignore 223ms (cache miss)
530 silly packumentCache full:https://registry.npmjs.org/ignore set size:undefined disposed:false
531 silly fetch manifest esutils@^2.0.2
532 silly packumentCache full:https://registry.npmjs.org/esutils cache-miss
533 http fetch GET 200 https://registry.npmjs.org/esquery 228ms (cache miss)
534 silly packumentCache full:https://registry.npmjs.org/esquery set size:undefined disposed:false
535 silly fetch manifest find-up@^5.0.0
536 silly packumentCache full:https://registry.npmjs.org/find-up cache-miss
537 http fetch GET 200 https://registry.npmjs.org/esutils 225ms (cache miss)
538 silly packumentCache full:https://registry.npmjs.org/esutils set size:undefined disposed:false
539 silly fetch manifest is-glob@^4.0.0
540 silly packumentCache full:https://registry.npmjs.org/is-glob cache-miss
541 http fetch GET 200 https://registry.npmjs.org/@angular-devkit%2fcore 6045ms (cache miss)
542 silly packumentCache full:https://registry.npmjs.org/@angular-devkit%2fcore set size:undefined disposed:false
543 silly fetch manifest minimatch@^3.1.5
544 silly packumentCache full:https://registry.npmjs.org/minimatch cache-miss
545 http fetch GET 200 https://registry.npmjs.org/is-glob 245ms (cache miss)
546 silly packumentCache full:https://registry.npmjs.org/is-glob set size:undefined disposed:false
547 silly fetch manifest @eslint/js@9.39.4
548 silly packumentCache full:https://registry.npmjs.org/@eslint%2fjs cache-miss
549 http fetch GET 200 https://registry.npmjs.org/@commitlint%2fread 5464ms (cache miss)
550 silly packumentCache full:https://registry.npmjs.org/@commitlint%2fread set size:undefined disposed:false
551 silly fetch manifest optionator@^0.9.3
552 silly packumentCache full:https://registry.npmjs.org/optionator cache-miss
553 http fetch GET 200 https://registry.npmjs.org/@eslint%2fjs 356ms (cache miss)
554 silly packumentCache full:https://registry.npmjs.org/@eslint%2fjs set size:undefined disposed:false
555 silly fetch manifest cross-spawn@^7.0.6
556 silly packumentCache full:https://registry.npmjs.org/cross-spawn cache-miss
557 http fetch GET 200 https://registry.npmjs.org/minimatch 487ms (cache miss)
558 silly packumentCache full:https://registry.npmjs.org/minimatch set size:undefined disposed:false
559 silly fetch manifest glob-parent@^6.0.2
560 silly packumentCache full:https://registry.npmjs.org/glob-parent cache-miss
561 http fetch GET 200 https://registry.npmjs.org/optionator 374ms (cache miss)
562 silly packumentCache full:https://registry.npmjs.org/optionator set size:undefined disposed:false
563 silly fetch manifest imurmurhash@^0.1.4
564 silly packumentCache full:https://registry.npmjs.org/imurmurhash cache-miss
565 http fetch GET 200 https://registry.npmjs.org/@typescript-eslint%2futils 4024ms (cache miss)
566 silly packumentCache full:https://registry.npmjs.org/@typescript-eslint%2futils set size:undefined disposed:false
567 silly fetch manifest @eslint/core@^0.17.0
568 silly packumentCache full:https://registry.npmjs.org/@eslint%2fcore cache-miss
569 http fetch GET 200 https://registry.npmjs.org/@angular-devkit%2fcore 5727ms (cache miss)
570 silly packumentCache full:https://registry.npmjs.org/@angular-devkit%2fcore set size:undefined disposed:false
571 silly fetch manifest eslint-scope@^8.4.0
572 silly packumentCache full:https://registry.npmjs.org/eslint-scope cache-miss
573 http fetch GET 200 https://registry.npmjs.org/cross-spawn 291ms (cache miss)
574 silly packumentCache full:https://registry.npmjs.org/cross-spawn set size:undefined disposed:false
575 silly fetch manifest lodash.merge@^4.6.2
576 silly packumentCache full:https://registry.npmjs.org/lodash.merge cache-miss
577 http fetch GET 200 https://registry.npmjs.org/glob-parent 245ms (cache miss)
578 silly packumentCache full:https://registry.npmjs.org/glob-parent set size:undefined disposed:false
579 silly fetch manifest @humanfs/node@^0.16.6
580 silly packumentCache full:https://registry.npmjs.org/@humanfs%2fnode cache-miss
581 http fetch GET 200 https://registry.npmjs.org/imurmurhash 214ms (cache miss)
582 silly packumentCache full:https://registry.npmjs.org/imurmurhash set size:undefined disposed:false
583 silly fetch manifest @types/estree@^1.0.6
584 silly packumentCache full:https://registry.npmjs.org/@types%2festree cache-miss
585 http fetch GET 200 https://registry.npmjs.org/@eslint%2fcore 148ms (cache miss)
586 silly packumentCache full:https://registry.npmjs.org/@eslint%2fcore set size:undefined disposed:false
587 silly fetch manifest fast-deep-equal@^3.1.3
588 silly packumentCache full:https://registry.npmjs.org/fast-deep-equal cache-miss
589 http fetch GET 200 https://registry.npmjs.org/lodash.merge 123ms (cache miss)
590 silly packumentCache full:https://registry.npmjs.org/lodash.merge set size:undefined disposed:false
591 silly fetch manifest natural-compare@^1.4.0
592 silly packumentCache full:https://registry.npmjs.org/natural-compare cache-miss
593 http fetch GET 200 https://registry.npmjs.org/@types%2festree 123ms (cache miss)
594 silly packumentCache full:https://registry.npmjs.org/@types%2festree set size:undefined disposed:false
595 silly fetch manifest @eslint/eslintrc@^3.3.5
596 silly packumentCache full:https://registry.npmjs.org/@eslint%2feslintrc cache-miss
597 http fetch GET 200 https://registry.npmjs.org/eslint-scope 191ms (cache miss)
598 silly packumentCache full:https://registry.npmjs.org/eslint-scope set size:undefined disposed:false
599 silly fetch manifest file-entry-cache@^8.0.0
600 silly packumentCache full:https://registry.npmjs.org/file-entry-cache cache-miss
601 http fetch GET 200 https://registry.npmjs.org/fast-deep-equal 148ms (cache miss)
602 silly packumentCache full:https://registry.npmjs.org/fast-deep-equal set size:undefined disposed:false
603 silly fetch manifest @eslint/plugin-kit@^0.4.1
604 silly packumentCache full:https://registry.npmjs.org/@eslint%2fplugin-kit cache-miss
605 http fetch GET 200 https://registry.npmjs.org/@humanfs%2fnode 269ms (cache miss)
606 silly packumentCache full:https://registry.npmjs.org/@humanfs%2fnode set size:undefined disposed:false
607 silly fetch manifest eslint-visitor-keys@^4.2.1
608 silly packumentCache full:https://registry.npmjs.org/eslint-visitor-keys cache-miss
609 http fetch GET 200 https://registry.npmjs.org/natural-compare 145ms (cache miss)
610 silly packumentCache full:https://registry.npmjs.org/natural-compare set size:undefined disposed:false
611 silly fetch manifest @eslint/config-array@^0.21.2
612 silly packumentCache full:https://registry.npmjs.org/@eslint%2fconfig-array cache-miss
613 http fetch GET 200 https://registry.npmjs.org/@eslint%2feslintrc 205ms (cache miss)
614 silly packumentCache full:https://registry.npmjs.org/@eslint%2feslintrc set size:undefined disposed:false
615 silly fetch manifest @humanwhocodes/retry@^0.4.2
616 silly packumentCache full:https://registry.npmjs.org/@humanwhocodes%2fretry cache-miss
617 http fetch GET 200 https://registry.npmjs.org/eslint-visitor-keys 107ms (cache miss)
618 silly packumentCache full:https://registry.npmjs.org/eslint-visitor-keys set size:undefined disposed:false
619 silly fetch manifest escape-string-regexp@^4.0.0
620 silly packumentCache full:https://registry.npmjs.org/escape-string-regexp cache-miss
621 http fetch GET 200 https://registry.npmjs.org/@eslint%2fplugin-kit 131ms (cache miss)
622 silly packumentCache full:https://registry.npmjs.org/@eslint%2fplugin-kit set size:undefined disposed:false
623 silly fetch manifest @eslint/config-helpers@^0.4.2
624 silly packumentCache full:https://registry.npmjs.org/@eslint%2fconfig-helpers cache-miss
625 http fetch GET 200 https://registry.npmjs.org/escape-string-regexp 120ms (cache miss)
626 silly packumentCache full:https://registry.npmjs.org/escape-string-regexp set size:undefined disposed:false
627 silly fetch manifest @eslint-community/regexpp@^4.12.1
628 silly packumentCache full:https://registry.npmjs.org/@eslint-community%2fregexpp cache-miss
629 http fetch GET 200 https://registry.npmjs.org/@eslint%2fconfig-helpers 142ms (cache miss)
630 silly packumentCache full:https://registry.npmjs.org/@eslint%2fconfig-helpers set size:undefined disposed:false
631 silly fetch manifest @eslint-community/eslint-utils@^4.8.0
632 silly packumentCache full:https://registry.npmjs.org/@eslint-community%2feslint-utils cache-miss
633 http fetch GET 200 https://registry.npmjs.org/@eslint-community%2fregexpp 124ms (cache miss)
634 silly packumentCache full:https://registry.npmjs.org/@eslint-community%2fregexpp set size:undefined disposed:false
635 silly fetch manifest @humanwhocodes/module-importer@^1.0.1
636 silly packumentCache full:https://registry.npmjs.org/@humanwhocodes%2fmodule-importer cache-miss
637 http fetch GET 200 https://registry.npmjs.org/@eslint-community%2feslint-utils 138ms (cache miss)
638 silly packumentCache full:https://registry.npmjs.org/@eslint-community%2feslint-utils set size:undefined disposed:false
639 silly fetch manifest json-stable-stringify-without-jsonify@^1.0.1
640 silly packumentCache full:https://registry.npmjs.org/json-stable-stringify-without-jsonify cache-miss
641 http fetch GET 200 https://registry.npmjs.org/@humanwhocodes%2fmodule-importer 128ms (cache miss)
642 silly packumentCache full:https://registry.npmjs.org/@humanwhocodes%2fmodule-importer set size:undefined disposed:false
643 silly fetch manifest di@^0.0.1
644 silly packumentCache full:https://registry.npmjs.org/di cache-miss
645 http fetch GET 200 https://registry.npmjs.org/json-stable-stringify-without-jsonify 97ms (cache miss)
646 silly packumentCache full:https://registry.npmjs.org/json-stable-stringify-without-jsonify set size:undefined disposed:false
647 silly fetch manifest tmp@^0.2.1
648 silly packumentCache full:https://registry.npmjs.org/tmp cache-miss
649 http fetch GET 200 https://registry.npmjs.org/di 103ms (cache miss)
650 silly packumentCache full:https://registry.npmjs.org/di set size:undefined disposed:false
651 silly fetch manifest glob@^7.1.7
652 silly packumentCache full:https://registry.npmjs.org/glob cache-miss
653 http fetch GET 200 https://registry.npmjs.org/tmp 121ms (cache miss)
654 silly packumentCache full:https://registry.npmjs.org/tmp set size:undefined disposed:false
655 silly fetch manifest mime@^2.5.2
656 silly packumentCache full:https://registry.npmjs.org/mime cache-miss
657 http fetch GET 200 https://registry.npmjs.org/glob 116ms (cache miss)
658 silly packumentCache full:https://registry.npmjs.org/glob set size:undefined disposed:false
659 silly fetch manifest qjobs@^1.2.0
660 silly packumentCache full:https://registry.npmjs.org/qjobs cache-miss
661 http fetch GET 200 https://registry.npmjs.org/mime 163ms (cache miss)
662 silly packumentCache full:https://registry.npmjs.org/mime set size:undefined disposed:false
663 silly fetch manifest yargs@^16.1.1
664 silly packumentCache full:https://registry.npmjs.org/yargs cache-hit
665 silly fetch manifest braces@^3.0.2
666 silly packumentCache full:https://registry.npmjs.org/braces cache-miss
667 http fetch GET 200 https://registry.npmjs.org/qjobs 97ms (cache miss)
668 silly packumentCache full:https://registry.npmjs.org/qjobs set size:undefined disposed:false
669 silly fetch manifest lodash@^4.17.21
670 silly packumentCache full:https://registry.npmjs.org/lodash cache-miss
671 http fetch GET 200 https://registry.npmjs.org/lodash 156ms (cache miss)
672 silly packumentCache full:https://registry.npmjs.org/lodash set size:undefined disposed:false
673 silly fetch manifest log4js@^6.4.1
674 silly packumentCache full:https://registry.npmjs.org/log4js cache-miss
675 http fetch GET 200 https://registry.npmjs.org/braces 172ms (cache miss)
676 silly packumentCache full:https://registry.npmjs.org/braces set size:undefined disposed:false
677 silly fetch manifest mkdirp@^0.5.5
678 silly packumentCache full:https://registry.npmjs.org/mkdirp cache-miss
679 http fetch GET 200 https://registry.npmjs.org/@typescript-eslint%2fparser 5088ms (cache miss)
680 silly packumentCache full:https://registry.npmjs.org/@typescript-eslint%2fparser set size:undefined disposed:false
681 silly fetch manifest rimraf@^3.0.2
682 silly packumentCache full:https://registry.npmjs.org/rimraf cache-miss
683 http fetch GET 200 https://registry.npmjs.org/mkdirp 503ms (cache miss)
684 silly packumentCache full:https://registry.npmjs.org/mkdirp set size:undefined disposed:false
685 silly fetch manifest connect@^3.7.0
686 silly packumentCache full:https://registry.npmjs.org/connect cache-miss
687 http fetch GET 200 https://registry.npmjs.org/@humanwhocodes%2fretry 1433ms (cache miss)
688 silly packumentCache full:https://registry.npmjs.org/@humanwhocodes%2fretry set size:undefined disposed:false
689 silly fetch manifest chokidar@^3.5.1
690 silly packumentCache full:https://registry.npmjs.org/chokidar cache-miss
691 http fetch GET 200 https://registry.npmjs.org/log4js 539ms (cache miss)
692 silly packumentCache full:https://registry.npmjs.org/log4js set size:undefined disposed:false
693 silly fetch manifest minimatch@^3.0.4
694 silly packumentCache full:https://registry.npmjs.org/minimatch cache-miss
695 http cache https://registry.npmjs.org/chokidar 14ms (cache hit)
696 silly packumentCache full:https://registry.npmjs.org/chokidar set size:255902 disposed:false
697 silly fetch manifest socket.io@^4.7.2
698 silly packumentCache full:https://registry.npmjs.org/socket.io cache-miss
699 http cache https://registry.npmjs.org/minimatch 21ms (cache hit)
700 silly packumentCache full:https://registry.npmjs.org/minimatch set size:375282 disposed:false
701 silly fetch manifest http-proxy@^1.18.1
702 silly packumentCache full:https://registry.npmjs.org/http-proxy cache-miss
703 http fetch GET 200 https://registry.npmjs.org/connect 111ms (cache miss)
704 silly packumentCache full:https://registry.npmjs.org/connect set size:undefined disposed:false
705 silly fetch manifest source-map@^0.6.1
706 silly packumentCache full:https://registry.npmjs.org/source-map cache-miss
707 http fetch GET 200 https://registry.npmjs.org/http-proxy 83ms (cache miss)
708 silly packumentCache full:https://registry.npmjs.org/http-proxy set size:undefined disposed:false
709 silly fetch manifest body-parser@^1.19.0
710 silly packumentCache full:https://registry.npmjs.org/body-parser cache-miss
711 http fetch GET 200 https://registry.npmjs.org/source-map 98ms (cache miss)
712 silly packumentCache full:https://registry.npmjs.org/source-map set size:undefined disposed:false
713 silly fetch manifest graceful-fs@^4.2.6
714 silly packumentCache full:https://registry.npmjs.org/graceful-fs cache-miss
715 http fetch GET 200 https://registry.npmjs.org/socket.io 231ms (cache miss)
716 silly packumentCache full:https://registry.npmjs.org/socket.io set size:undefined disposed:false
717 silly fetch manifest isbinaryfile@^4.0.8
718 silly packumentCache full:https://registry.npmjs.org/isbinaryfile cache-miss
719 http fetch GET 200 https://registry.npmjs.org/graceful-fs 131ms (cache miss)
720 silly packumentCache full:https://registry.npmjs.org/graceful-fs set size:undefined disposed:false
721 silly fetch manifest range-parser@^1.2.1
722 silly packumentCache full:https://registry.npmjs.org/range-parser cache-miss
723 http fetch GET 200 https://registry.npmjs.org/isbinaryfile 122ms (cache miss)
724 silly packumentCache full:https://registry.npmjs.org/isbinaryfile set size:undefined disposed:false
725 silly fetch manifest ua-parser-js@^0.7.30
726 silly packumentCache full:https://registry.npmjs.org/ua-parser-js cache-miss
727 http fetch GET 200 https://registry.npmjs.org/range-parser 118ms (cache miss)
728 silly packumentCache full:https://registry.npmjs.org/range-parser set size:undefined disposed:false
729 silly fetch manifest dom-serialize@^2.2.1
730 silly packumentCache full:https://registry.npmjs.org/dom-serialize cache-miss
731 http fetch GET 200 https://registry.npmjs.org/ua-parser-js 195ms (cache miss)
732 silly packumentCache full:https://registry.npmjs.org/ua-parser-js set size:undefined disposed:false
733 silly fetch manifest @colors/colors@1.5.0
734 silly packumentCache full:https://registry.npmjs.org/@colors%2fcolors cache-miss
735 http fetch GET 200 https://registry.npmjs.org/dom-serialize 155ms (cache miss)
736 silly packumentCache full:https://registry.npmjs.org/dom-serialize set size:undefined disposed:false
737 silly fetch manifest which@^1.2.1
738 silly packumentCache full:https://registry.npmjs.org/which cache-miss
739 http fetch GET 200 https://registry.npmjs.org/which 102ms (cache miss)
740 silly packumentCache full:https://registry.npmjs.org/which set size:undefined disposed:false
741 silly fetch manifest istanbul-lib-coverage@^3.2.0
742 silly packumentCache full:https://registry.npmjs.org/istanbul-lib-coverage cache-miss
743 http fetch GET 200 https://registry.npmjs.org/@colors%2fcolors 136ms (cache miss)
744 silly packumentCache full:https://registry.npmjs.org/@colors%2fcolors set size:undefined disposed:false
745 silly fetch manifest istanbul-lib-instrument@^5.1.0
746 silly packumentCache full:https://registry.npmjs.org/istanbul-lib-instrument cache-miss
747 http cache https://registry.npmjs.org/istanbul-lib-instrument 5ms (cache hit)
748 silly packumentCache full:https://registry.npmjs.org/istanbul-lib-instrument set size:219175 disposed:false
749 silly fetch manifest istanbul-lib-report@^3.0.0
750 silly packumentCache full:https://registry.npmjs.org/istanbul-lib-report cache-miss
751 http fetch GET 200 https://registry.npmjs.org/find-up 3553ms (cache miss)
752 silly packumentCache full:https://registry.npmjs.org/find-up set size:undefined disposed:false
753 silly fetch manifest istanbul-lib-source-maps@^4.0.1
754 silly packumentCache full:https://registry.npmjs.org/istanbul-lib-source-maps cache-miss
755 http fetch GET 200 https://registry.npmjs.org/istanbul-lib-coverage 108ms (cache miss)
756 silly packumentCache full:https://registry.npmjs.org/istanbul-lib-coverage set size:undefined disposed:false
757 silly fetch manifest istanbul-reports@^3.0.5
758 silly packumentCache full:https://registry.npmjs.org/istanbul-reports cache-miss
759 http fetch GET 200 https://registry.npmjs.org/istanbul-lib-report 116ms (cache miss)
760 silly packumentCache full:https://registry.npmjs.org/istanbul-lib-report set size:undefined disposed:false
761 silly fetch manifest jasmine-core@^4.1.0
762 silly packumentCache full:https://registry.npmjs.org/jasmine-core cache-miss
763 http cache https://registry.npmjs.org/jasmine-core 5ms (cache hit)
764 silly packumentCache full:https://registry.npmjs.org/jasmine-core set size:234688 disposed:false
765 silly fetch manifest yaml@^2.8.2
766 silly packumentCache full:https://registry.npmjs.org/yaml cache-miss
767 http fetch GET 200 https://registry.npmjs.org/istanbul-reports 111ms (cache miss)
768 silly packumentCache full:https://registry.npmjs.org/istanbul-reports set size:undefined disposed:false
769 silly fetch manifest listr2@^9.0.5
770 silly packumentCache full:https://registry.npmjs.org/listr2 cache-miss
771 http cache https://registry.npmjs.org/listr2 8ms (cache hit)
772 silly packumentCache full:https://registry.npmjs.org/listr2 set size:1056609 disposed:false
773 silly fetch manifest tinyexec@^1.0.4
774 silly packumentCache full:https://registry.npmjs.org/tinyexec cache-miss
775 http cache https://registry.npmjs.org/tinyexec 8ms (cache hit)
776 silly packumentCache full:https://registry.npmjs.org/tinyexec set size:63398 disposed:false
777 silly fetch manifest commander@^14.0.3
778 silly packumentCache full:https://registry.npmjs.org/commander cache-miss
779 http fetch GET 200 https://registry.npmjs.org/istanbul-lib-source-maps 195ms (cache miss)
780 silly packumentCache full:https://registry.npmjs.org/istanbul-lib-source-maps set size:undefined disposed:false
781 silly fetch manifest picomatch@^4.0.3
782 silly packumentCache full:https://registry.npmjs.org/picomatch cache-miss
783 http cache https://registry.npmjs.org/picomatch 9ms (cache hit)
784 silly packumentCache full:https://registry.npmjs.org/picomatch set size:126376 disposed:false
785 silly fetch manifest string-argv@^0.3.2
786 silly packumentCache full:https://registry.npmjs.org/string-argv cache-miss
787 http fetch GET 200 https://registry.npmjs.org/yaml 223ms (cache miss)
788 silly packumentCache full:https://registry.npmjs.org/yaml set size:undefined disposed:false
789 http fetch GET 200 https://registry.npmjs.org/commander 124ms (cache miss)
790 silly packumentCache full:https://registry.npmjs.org/commander set size:undefined disposed:false
791 http fetch GET 200 https://registry.npmjs.org/string-argv 187ms (cache miss)
792 silly packumentCache full:https://registry.npmjs.org/string-argv set size:undefined disposed:false
793 http fetch GET 200 https://registry.npmjs.org/file-entry-cache 2935ms (cache miss)
794 silly packumentCache full:https://registry.npmjs.org/file-entry-cache set size:undefined disposed:false
795 http fetch GET 200 https://registry.npmjs.org/@eslint%2fconfig-array 3593ms (cache miss)
796 silly packumentCache full:https://registry.npmjs.org/@eslint%2fconfig-array set size:undefined disposed:false
797 http fetch GET 200 https://registry.npmjs.org/body-parser 2148ms (cache miss)
798 silly packumentCache full:https://registry.npmjs.org/body-parser set size:undefined disposed:false
799 http fetch GET 200 https://registry.npmjs.org/rimraf 2655ms (cache miss)
800 silly packumentCache full:https://registry.npmjs.org/rimraf set size:undefined disposed:false
801 silly fetch manifest @types/node@^20.19.0 || >=22.12.0
802 silly packumentCache full:https://registry.npmjs.org/@types%2fnode cache-miss
803 http cache https://registry.npmjs.org/@types%2fnode 27ms (cache hit)
804 silly packumentCache full:https://registry.npmjs.org/@types%2fnode set size:11047915 disposed:false
805 silly fetch manifest jiti@>=1.21.0
806 silly packumentCache full:https://registry.npmjs.org/jiti cache-miss
807 http cache https://registry.npmjs.org/jiti 3ms (cache hit)
808 silly packumentCache full:https://registry.npmjs.org/jiti set size:387989 disposed:false
809 silly fetch manifest lightningcss@^1.21.0
810 silly packumentCache full:https://registry.npmjs.org/lightningcss cache-miss
811 http fetch GET 200 https://registry.npmjs.org/lightningcss 111ms (cache miss)
812 silly packumentCache full:https://registry.npmjs.org/lightningcss set size:undefined disposed:false
813 silly fetch manifest sass-embedded@^1.70.0
814 silly packumentCache full:https://registry.npmjs.org/sass-embedded cache-miss
815 http fetch GET 200 https://registry.npmjs.org/sass-embedded 181ms (cache miss)
816 silly packumentCache full:https://registry.npmjs.org/sass-embedded set size:undefined disposed:false
817 silly fetch manifest stylus@>=0.54.8
818 silly packumentCache full:https://registry.npmjs.org/stylus cache-miss
819 http fetch GET 200 https://registry.npmjs.org/stylus 2538ms (cache miss)
820 silly packumentCache full:https://registry.npmjs.org/stylus set size:undefined disposed:false
821 silly fetch manifest sugarss@^5.0.0
822 silly packumentCache full:https://registry.npmjs.org/sugarss cache-miss
823 http fetch GET 200 https://registry.npmjs.org/sugarss 61ms (cache miss)
824 silly packumentCache full:https://registry.npmjs.org/sugarss set size:undefined disposed:false
825 silly fetch manifest terser@^5.16.0
826 silly packumentCache full:https://registry.npmjs.org/terser cache-miss
827 http fetch GET 200 https://registry.npmjs.org/terser 249ms (cache miss)
828 silly packumentCache full:https://registry.npmjs.org/terser set size:undefined disposed:false
829 silly fetch manifest tsx@^4.8.1
830 silly packumentCache full:https://registry.npmjs.org/tsx cache-miss
831 http fetch GET 200 https://registry.npmjs.org/tsx 101ms (cache miss)
832 silly packumentCache full:https://registry.npmjs.org/tsx set size:undefined disposed:false
833 silly fetch manifest yaml@^2.4.2
834 silly packumentCache full:https://registry.npmjs.org/yaml cache-miss
835 http cache https://registry.npmjs.org/yaml 2ms (cache hit)
836 silly packumentCache full:https://registry.npmjs.org/yaml set size:385754 disposed:false
837 silly fetch manifest @types/node@>=18
838 silly packumentCache full:https://registry.npmjs.org/@types%2fnode cache-miss
839 http cache https://registry.npmjs.org/@types%2fnode 14ms (cache hit)
840 silly packumentCache full:https://registry.npmjs.org/@types%2fnode set size:11047915 disposed:false
841 silly placeDep ROOT @ampproject/remapping@2.3.0 OK for: @angular/build@20.3.28 want: 2.3.0
842 silly placeDep ROOT @angular-devkit/architect@0.2003.28 OK for: @angular/build@20.3.28 want: 0.2003.28
843 silly placeDep ROOT @babel/core@7.28.3 OK for: @angular/build@20.3.28 want: 7.28.3
844 silly placeDep ROOT @babel/helper-annotate-as-pure@7.27.3 OK for: @angular/build@20.3.28 want: 7.27.3
845 silly placeDep ROOT @babel/helper-split-export-declaration@7.24.7 OK for: @angular/build@20.3.28 want: 7.24.7
846 silly placeDep ROOT @inquirer/confirm@5.1.14 OK for: @angular/build@20.3.28 want: 5.1.14
847 silly placeDep ROOT @vitejs/plugin-basic-ssl@2.1.0 OK for: @angular/build@20.3.28 want: 2.1.0
848 silly placeDep ROOT vite@7.3.2 OK for: @vitejs/plugin-basic-ssl@2.1.0 want: ^6.0.0 || ^7.0.0
849 silly placeDep ROOT beasties@0.3.5 OK for: @angular/build@20.3.28 want: 0.3.5
850 silly placeDep ROOT browserslist@4.28.2 OK for: @angular/build@20.3.28 want: ^4.23.0
851 silly placeDep ROOT esbuild@0.28.0 OK for: @angular/build@20.3.28 want: 0.28.0
852 silly placeDep ROOT https-proxy-agent@7.0.6 OK for: @angular/build@20.3.28 want: 7.0.6
853 silly placeDep ROOT istanbul-lib-instrument@6.0.3 OK for: @angular/build@20.3.28 want: 6.0.3
854 silly placeDep ROOT jsonc-parser@3.3.1 OK for: @angular/build@20.3.28 want: 3.3.1
855 silly placeDep ROOT listr2@9.0.1 OK for: @angular/build@20.3.28 want: 9.0.1
856 silly placeDep ROOT lmdb@3.4.2 OK for: @angular/build@20.3.28 want: 3.4.2
857 silly placeDep ROOT magic-string@0.30.17 OK for: @angular/build@20.3.28 want: 0.30.17
858 silly placeDep ROOT mrmime@2.0.1 OK for: @angular/build@20.3.28 want: 2.0.1
859 silly placeDep ROOT parse5-html-rewriting-stream@8.0.0 OK for: @angular/build@20.3.28 want: 8.0.0
860 silly placeDep ROOT picomatch@4.0.4 OK for: @angular/build@20.3.28 want: 4.0.4
861 silly placeDep ROOT piscina@5.1.3 OK for: @angular/build@20.3.28 want: 5.1.3
862 silly placeDep ROOT rollup@4.59.0 OK for: @angular/build@20.3.28 want: 4.59.0
863 silly placeDep ROOT sass@1.90.0 OK for: @angular/build@20.3.28 want: 1.90.0
864 silly placeDep ROOT semver@7.7.2 OK for: @angular/build@20.3.28 want: 7.7.2
865 silly placeDep ROOT source-map-support@0.5.21 OK for: @angular/build@20.3.28 want: 0.5.21
866 silly placeDep ROOT tinyglobby@0.2.14 OK for: @angular/build@20.3.28 want: 0.2.14
867 silly placeDep ROOT watchpack@2.4.4 OK for: @angular/build@20.3.28 want: 2.4.4
868 silly fetch manifest @jridgewell/gen-mapping@^0.3.5
869 silly packumentCache full:https://registry.npmjs.org/@jridgewell%2fgen-mapping cache-miss
870 silly fetch manifest @jridgewell/trace-mapping@^0.3.24
871 silly packumentCache full:https://registry.npmjs.org/@jridgewell%2ftrace-mapping cache-miss
872 silly fetch manifest debug@^4.1.0
873 silly packumentCache full:https://registry.npmjs.org/debug cache-miss
874 silly fetch manifest json5@^2.2.3
875 silly packumentCache full:https://registry.npmjs.org/json5 cache-miss
876 silly fetch manifest semver@^6.3.1
877 silly packumentCache full:https://registry.npmjs.org/semver cache-hit
878 silly fetch manifest gensync@^1.0.0-beta.2
879 silly packumentCache full:https://registry.npmjs.org/gensync cache-miss
880 silly fetch manifest @babel/types@^7.28.2
881 silly packumentCache full:https://registry.npmjs.org/@babel%2ftypes cache-miss
882 silly fetch manifest @babel/parser@^7.28.3
883 silly packumentCache full:https://registry.npmjs.org/@babel%2fparser cache-miss
884 http cache https://registry.npmjs.org/debug 8ms (cache hit)
885 silly packumentCache full:https://registry.npmjs.org/debug set size:195840 disposed:false
886 silly fetch manifest @babel/helpers@^7.28.3
887 silly packumentCache full:https://registry.npmjs.org/@babel%2fhelpers cache-miss
888 http fetch GET 200 https://registry.npmjs.org/gensync 106ms (cache miss)
889 silly packumentCache full:https://registry.npmjs.org/gensync set size:undefined disposed:false
890 silly fetch manifest @babel/template@^7.27.2
891 silly packumentCache full:https://registry.npmjs.org/@babel%2ftemplate cache-miss
892 http fetch GET 200 https://registry.npmjs.org/@jridgewell%2ftrace-mapping 150ms (cache miss)
893 silly packumentCache full:https://registry.npmjs.org/@jridgewell%2ftrace-mapping set size:undefined disposed:false
894 silly fetch manifest @babel/traverse@^7.28.3
895 silly packumentCache full:https://registry.npmjs.org/@babel%2ftraverse cache-miss
896 http fetch GET 200 https://registry.npmjs.org/@jridgewell%2fgen-mapping 175ms (cache miss)
897 silly packumentCache full:https://registry.npmjs.org/@jridgewell%2fgen-mapping set size:undefined disposed:false
898 silly fetch manifest @babel/generator@^7.28.3
899 silly packumentCache full:https://registry.npmjs.org/@babel%2fgenerator cache-miss
900 http fetch GET 200 https://registry.npmjs.org/json5 189ms (cache miss)
901 silly packumentCache full:https://registry.npmjs.org/json5 set size:undefined disposed:false
902 silly fetch manifest @babel/code-frame@^7.27.1
903 silly packumentCache full:https://registry.npmjs.org/@babel%2fcode-frame cache-miss
904 http fetch GET 200 https://registry.npmjs.org/@babel%2fhelpers 195ms (cache miss)
905 silly packumentCache full:https://registry.npmjs.org/@babel%2fhelpers set size:undefined disposed:false
906 silly fetch manifest convert-source-map@^2.0.0
907 silly packumentCache full:https://registry.npmjs.org/convert-source-map cache-miss
908 http cache https://registry.npmjs.org/convert-source-map 2ms (cache hit)
909 silly packumentCache full:https://registry.npmjs.org/convert-source-map set size:66997 disposed:false
910 silly fetch manifest @babel/helper-module-transforms@^7.28.3
911 silly packumentCache full:https://registry.npmjs.org/@babel%2fhelper-module-transforms cache-miss
912 http fetch GET 200 https://registry.npmjs.org/@babel%2ftraverse 159ms (cache miss)
913 silly packumentCache full:https://registry.npmjs.org/@babel%2ftraverse set size:undefined disposed:false
914 silly fetch manifest @babel/helper-compilation-targets@^7.27.2
915 silly packumentCache full:https://registry.npmjs.org/@babel%2fhelper-compilation-targets cache-miss
916 http fetch GET 200 https://registry.npmjs.org/@babel%2fgenerator 166ms (cache miss)
917 silly packumentCache full:https://registry.npmjs.org/@babel%2fgenerator set size:undefined disposed:false
918 silly fetch manifest @babel/types@^7.27.3
919 silly packumentCache full:https://registry.npmjs.org/@babel%2ftypes cache-miss
920 http fetch GET 200 https://registry.npmjs.org/@babel%2ftemplate 242ms (cache miss)
921 silly packumentCache full:https://registry.npmjs.org/@babel%2ftemplate set size:undefined disposed:false
922 silly fetch manifest @babel/types@^7.24.7
923 silly packumentCache full:https://registry.npmjs.org/@babel%2ftypes cache-miss
924 http fetch GET 200 https://registry.npmjs.org/@babel%2fcode-frame 182ms (cache miss)
925 silly packumentCache full:https://registry.npmjs.org/@babel%2fcode-frame set size:undefined disposed:false
926 silly fetch manifest @inquirer/core@^10.1.15
927 silly packumentCache full:https://registry.npmjs.org/@inquirer%2fcore cache-miss
928 http fetch GET 200 https://registry.npmjs.org/@babel%2ftypes 141ms (cache miss)
929 silly packumentCache full:https://registry.npmjs.org/@babel%2ftypes set size:undefined disposed:false
930 silly fetch manifest @inquirer/type@^3.0.8
931 silly packumentCache full:https://registry.npmjs.org/@inquirer%2ftype cache-miss
932 http fetch GET 200 https://registry.npmjs.org/@babel%2fparser 514ms (cache miss)
933 silly packumentCache full:https://registry.npmjs.org/@babel%2fparser set size:undefined disposed:false
934 silly fetch manifest fdir@^6.5.0
935 silly packumentCache full:https://registry.npmjs.org/fdir cache-miss
936 http fetch GET 200 https://registry.npmjs.org/@inquirer%2fcore 222ms (cache miss)
937 silly packumentCache full:https://registry.npmjs.org/@inquirer%2fcore set size:undefined disposed:false
938 silly fetch manifest rollup@^4.43.0
939 silly packumentCache full:https://registry.npmjs.org/rollup cache-miss
940 http cache https://registry.npmjs.org/rollup 12ms (cache hit)
941 silly packumentCache full:https://registry.npmjs.org/rollup set size:6217825 disposed:false
942 silly fetch manifest esbuild@^0.27.0
943 silly packumentCache full:https://registry.npmjs.org/esbuild cache-miss
944 http fetch GET 200 https://registry.npmjs.org/@inquirer%2ftype 159ms (cache miss)
945 silly packumentCache full:https://registry.npmjs.org/@inquirer%2ftype set size:undefined disposed:false
946 silly fetch manifest postcss@^8.5.6
947 silly packumentCache full:https://registry.npmjs.org/postcss cache-miss
948 http fetch GET 200 https://registry.npmjs.org/fdir 130ms (cache miss)
949 silly packumentCache full:https://registry.npmjs.org/fdir set size:undefined disposed:false
950 silly fetch manifest tinyglobby@^0.2.15
951 silly packumentCache full:https://registry.npmjs.org/tinyglobby cache-miss
952 http cache https://registry.npmjs.org/esbuild 10ms (cache hit)
953 silly packumentCache full:https://registry.npmjs.org/esbuild set size:1259608 disposed:false
954 silly fetch manifest fsevents@~2.3.3
955 silly packumentCache full:https://registry.npmjs.org/fsevents cache-miss
956 http cache https://registry.npmjs.org/postcss 10ms (cache hit)
957 silly packumentCache full:https://registry.npmjs.org/postcss set size:723316 disposed:false
958 silly fetch manifest postcss@^8.4.49
959 silly packumentCache full:https://registry.npmjs.org/postcss cache-hit
960 silly fetch manifest css-what@^7.0.0
961 silly packumentCache full:https://registry.npmjs.org/css-what cache-miss
962 http cache https://registry.npmjs.org/tinyglobby 14ms (cache hit)
963 silly packumentCache full:https://registry.npmjs.org/tinyglobby set size:54291 disposed:false
964 silly fetch manifest css-select@^6.0.0
965 silly packumentCache full:https://registry.npmjs.org/css-select cache-miss
966 http fetch GET 200 https://registry.npmjs.org/css-what 141ms (cache miss)
967 silly packumentCache full:https://registry.npmjs.org/css-what set size:undefined disposed:false
968 silly fetch manifest domhandler@^5.0.3
969 silly packumentCache full:https://registry.npmjs.org/domhandler cache-miss
970 http fetch GET 200 https://registry.npmjs.org/fsevents 196ms (cache miss)
971 silly packumentCache full:https://registry.npmjs.org/fsevents set size:undefined disposed:false
972 silly fetch manifest picocolors@^1.1.1
973 silly packumentCache full:https://registry.npmjs.org/picocolors cache-miss
974 http fetch GET 200 https://registry.npmjs.org/css-select 197ms (cache miss)
975 silly packumentCache full:https://registry.npmjs.org/css-select set size:undefined disposed:false
976 silly fetch manifest htmlparser2@^10.0.0
977 silly packumentCache full:https://registry.npmjs.org/htmlparser2 cache-miss
978 http fetch GET 200 https://registry.npmjs.org/domhandler 100ms (cache miss)
979 silly packumentCache full:https://registry.npmjs.org/domhandler set size:undefined disposed:false
980 silly fetch manifest dom-serializer@^2.0.0
981 silly packumentCache full:https://registry.npmjs.org/dom-serializer cache-miss
982 http fetch GET 200 https://registry.npmjs.org/picocolors 95ms (cache miss)
983 silly packumentCache full:https://registry.npmjs.org/picocolors set size:undefined disposed:false
984 silly fetch manifest postcss-media-query-parser@^0.2.3
985 silly packumentCache full:https://registry.npmjs.org/postcss-media-query-parser cache-miss
986 http fetch GET 200 https://registry.npmjs.org/dom-serializer 115ms (cache miss)
987 silly packumentCache full:https://registry.npmjs.org/dom-serializer set size:undefined disposed:false
988 silly fetch manifest baseline-browser-mapping@^2.10.12
989 silly packumentCache full:https://registry.npmjs.org/baseline-browser-mapping cache-miss
990 http fetch GET 200 https://registry.npmjs.org/postcss-media-query-parser 101ms (cache miss)
991 silly packumentCache full:https://registry.npmjs.org/postcss-media-query-parser set size:undefined disposed:false
992 silly fetch manifest caniuse-lite@^1.0.30001782
993 silly packumentCache full:https://registry.npmjs.org/caniuse-lite cache-miss
994 http fetch GET 200 https://registry.npmjs.org/baseline-browser-mapping 111ms (cache miss)
995 silly packumentCache full:https://registry.npmjs.org/baseline-browser-mapping set size:undefined disposed:false
996 silly fetch manifest electron-to-chromium@^1.5.328
997 silly packumentCache full:https://registry.npmjs.org/electron-to-chromium cache-miss
998 http fetch GET 200 https://registry.npmjs.org/electron-to-chromium 415ms (cache miss)
999 silly packumentCache full:https://registry.npmjs.org/electron-to-chromium set size:undefined disposed:false
1000 silly fetch manifest node-releases@^2.0.36
1001 silly packumentCache full:https://registry.npmjs.org/node-releases cache-miss
1002 http fetch GET 200 https://registry.npmjs.org/node-releases 123ms (cache miss)
1003 silly packumentCache full:https://registry.npmjs.org/node-releases set size:undefined disposed:false
1004 silly fetch manifest update-browserslist-db@^1.2.3
1005 silly packumentCache full:https://registry.npmjs.org/update-browserslist-db cache-miss
1006 http fetch GET 200 https://registry.npmjs.org/@babel%2ftypes 1377ms (cache miss)
1007 silly packumentCache full:https://registry.npmjs.org/@babel%2ftypes set size:undefined disposed:false
1008 silly fetch manifest @esbuild/aix-ppc64@0.28.0
1009 silly packumentCache full:https://registry.npmjs.org/@esbuild%2faix-ppc64 cache-miss
1010 http fetch GET 200 https://registry.npmjs.org/@esbuild%2faix-ppc64 72ms (cache miss)
1011 silly packumentCache full:https://registry.npmjs.org/@esbuild%2faix-ppc64 set size:undefined disposed:false
1012 silly fetch manifest @esbuild/linux-arm@0.28.0
1013 silly packumentCache full:https://registry.npmjs.org/@esbuild%2flinux-arm cache-miss
1014 http fetch GET 200 https://registry.npmjs.org/update-browserslist-db 101ms (cache miss)
1015 silly packumentCache full:https://registry.npmjs.org/update-browserslist-db set size:undefined disposed:false
1016 silly fetch manifest @esbuild/linux-x64@0.28.0
1017 silly packumentCache full:https://registry.npmjs.org/@esbuild%2flinux-x64 cache-miss
1018 http fetch GET 200 https://registry.npmjs.org/@esbuild%2flinux-arm 96ms (cache miss)
1019 silly packumentCache full:https://registry.npmjs.org/@esbuild%2flinux-arm set size:undefined disposed:false
1020 silly fetch manifest @esbuild/sunos-x64@0.28.0
1021 silly packumentCache full:https://registry.npmjs.org/@esbuild%2fsunos-x64 cache-miss
1022 http fetch GET 200 https://registry.npmjs.org/@babel%2ftypes 2016ms (cache miss)
1023 silly packumentCache full:https://registry.npmjs.org/@babel%2ftypes set size:undefined disposed:false
1024 silly fetch manifest @esbuild/win32-x64@0.28.0
1025 silly packumentCache full:https://registry.npmjs.org/@esbuild%2fwin32-x64 cache-miss
1026 http fetch GET 200 https://registry.npmjs.org/@esbuild%2flinux-x64 211ms (cache miss)
1027 silly packumentCache full:https://registry.npmjs.org/@esbuild%2flinux-x64 set size:undefined disposed:false
1028 silly fetch manifest @esbuild/darwin-x64@0.28.0
1029 silly packumentCache full:https://registry.npmjs.org/@esbuild%2fdarwin-x64 cache-miss
1030 http fetch GET 200 https://registry.npmjs.org/@esbuild%2fsunos-x64 123ms (cache miss)
1031 silly packumentCache full:https://registry.npmjs.org/@esbuild%2fsunos-x64 set size:undefined disposed:false
1032 silly fetch manifest @esbuild/linux-ia32@0.28.0
1033 silly packumentCache full:https://registry.npmjs.org/@esbuild%2flinux-ia32 cache-miss
1034 http fetch GET 200 https://registry.npmjs.org/caniuse-lite 985ms (cache miss)
1035 silly packumentCache full:https://registry.npmjs.org/caniuse-lite set size:undefined disposed:false
1036 silly fetch manifest @esbuild/netbsd-x64@0.28.0
1037 silly packumentCache full:https://registry.npmjs.org/@esbuild%2fnetbsd-x64 cache-miss
1038 http fetch GET 200 https://registry.npmjs.org/@esbuild%2fdarwin-x64 108ms (cache miss)
1039 silly packumentCache full:https://registry.npmjs.org/@esbuild%2fdarwin-x64 set size:undefined disposed:false
1040 silly fetch manifest @esbuild/win32-ia32@0.28.0
1041 silly packumentCache full:https://registry.npmjs.org/@esbuild%2fwin32-ia32 cache-miss
1042 http fetch GET 200 https://registry.npmjs.org/@esbuild%2fwin32-x64 206ms (cache miss)
1043 silly packumentCache full:https://registry.npmjs.org/@esbuild%2fwin32-x64 set size:undefined disposed:false
1044 silly fetch manifest @esbuild/android-arm@0.28.0
1045 silly packumentCache full:https://registry.npmjs.org/@esbuild%2fandroid-arm cache-miss
1046 http fetch GET 200 https://registry.npmjs.org/@esbuild%2fnetbsd-x64 182ms (cache miss)
1047 silly packumentCache full:https://registry.npmjs.org/@esbuild%2fnetbsd-x64 set size:undefined disposed:false
1048 silly fetch manifest @esbuild/android-x64@0.28.0
1049 silly packumentCache full:https://registry.npmjs.org/@esbuild%2fandroid-x64 cache-miss
1050 http fetch GET 200 https://registry.npmjs.org/@esbuild%2fwin32-ia32 206ms (cache miss)
1051 silly packumentCache full:https://registry.npmjs.org/@esbuild%2fwin32-ia32 set size:undefined disposed:false
1052 silly fetch manifest @esbuild/freebsd-x64@0.28.0
1053 silly packumentCache full:https://registry.npmjs.org/@esbuild%2ffreebsd-x64 cache-miss
1054 http fetch GET 200 https://registry.npmjs.org/@esbuild%2ffreebsd-x64 126ms (cache miss)
1055 silly packumentCache full:https://registry.npmjs.org/@esbuild%2ffreebsd-x64 set size:undefined disposed:false
1056 silly fetch manifest @esbuild/linux-arm64@0.28.0
1057 silly packumentCache full:https://registry.npmjs.org/@esbuild%2flinux-arm64 cache-miss
1058 http fetch GET 200 https://registry.npmjs.org/@esbuild%2fandroid-x64 265ms (cache miss)
1059 silly packumentCache full:https://registry.npmjs.org/@esbuild%2fandroid-x64 set size:undefined disposed:false
1060 silly fetch manifest @esbuild/linux-ppc64@0.28.0
1061 silly packumentCache full:https://registry.npmjs.org/@esbuild%2flinux-ppc64 cache-miss
1062 http fetch GET 200 https://registry.npmjs.org/@esbuild%2flinux-arm64 172ms (cache miss)
1063 silly packumentCache full:https://registry.npmjs.org/@esbuild%2flinux-arm64 set size:undefined disposed:false
1064 silly fetch manifest @esbuild/linux-s390x@0.28.0
1065 silly packumentCache full:https://registry.npmjs.org/@esbuild%2flinux-s390x cache-miss
1066 http fetch GET 200 https://registry.npmjs.org/htmlparser2 1805ms (cache miss)
1067 silly packumentCache full:https://registry.npmjs.org/htmlparser2 set size:undefined disposed:false
1068 silly fetch manifest @esbuild/openbsd-x64@0.28.0
1069 silly packumentCache full:https://registry.npmjs.org/@esbuild%2fopenbsd-x64 cache-miss
1070 http fetch GET 200 https://registry.npmjs.org/@esbuild%2flinux-ppc64 175ms (cache miss)
1071 silly packumentCache full:https://registry.npmjs.org/@esbuild%2flinux-ppc64 set size:undefined disposed:false
1072 silly fetch manifest @esbuild/win32-arm64@0.28.0
1073 silly packumentCache full:https://registry.npmjs.org/@esbuild%2fwin32-arm64 cache-miss
1074 http fetch GET 200 https://registry.npmjs.org/@esbuild%2flinux-s390x 115ms (cache miss)
1075 silly packumentCache full:https://registry.npmjs.org/@esbuild%2flinux-s390x set size:undefined disposed:false
1076 silly fetch manifest @esbuild/darwin-arm64@0.28.0
1077 silly packumentCache full:https://registry.npmjs.org/@esbuild%2fdarwin-arm64 cache-miss
1078 http fetch GET 200 https://registry.npmjs.org/@esbuild%2fopenbsd-x64 179ms (cache miss)
1079 silly packumentCache full:https://registry.npmjs.org/@esbuild%2fopenbsd-x64 set size:undefined disposed:false
1080 silly fetch manifest @esbuild/netbsd-arm64@0.28.0
1081 silly packumentCache full:https://registry.npmjs.org/@esbuild%2fnetbsd-arm64 cache-miss
1082 http fetch GET 200 https://registry.npmjs.org/@esbuild%2fwin32-arm64 172ms (cache miss)
1083 silly packumentCache full:https://registry.npmjs.org/@esbuild%2fwin32-arm64 set size:undefined disposed:false
1084 silly fetch manifest @esbuild/android-arm64@0.28.0
1085 silly packumentCache full:https://registry.npmjs.org/@esbuild%2fandroid-arm64 cache-miss
1086 http fetch GET 200 https://registry.npmjs.org/@esbuild%2fdarwin-arm64 184ms (cache miss)
1087 silly packumentCache full:https://registry.npmjs.org/@esbuild%2fdarwin-arm64 set size:undefined disposed:false
1088 silly fetch manifest @esbuild/freebsd-arm64@0.28.0
1089 silly packumentCache full:https://registry.npmjs.org/@esbuild%2ffreebsd-arm64 cache-miss
1090 http fetch GET 200 https://registry.npmjs.org/@esbuild%2ffreebsd-arm64 114ms (cache miss)
1091 silly packumentCache full:https://registry.npmjs.org/@esbuild%2ffreebsd-arm64 set size:undefined disposed:false
1092 silly fetch manifest @esbuild/linux-loong64@0.28.0
1093 silly packumentCache full:https://registry.npmjs.org/@esbuild%2flinux-loong64 cache-miss
1094 http fetch GET 200 https://registry.npmjs.org/@esbuild%2fandroid-arm64 259ms (cache miss)
1095 silly packumentCache full:https://registry.npmjs.org/@esbuild%2fandroid-arm64 set size:undefined disposed:false
1096 silly fetch manifest @esbuild/linux-riscv64@0.28.0
1097 silly packumentCache full:https://registry.npmjs.org/@esbuild%2flinux-riscv64 cache-miss
1098 http fetch GET 200 https://registry.npmjs.org/@esbuild%2flinux-loong64 180ms (cache miss)
1099 silly packumentCache full:https://registry.npmjs.org/@esbuild%2flinux-loong64 set size:undefined disposed:false
1100 silly fetch manifest @esbuild/openbsd-arm64@0.28.0
1101 silly packumentCache full:https://registry.npmjs.org/@esbuild%2fopenbsd-arm64 cache-miss
1102 http fetch GET 200 https://registry.npmjs.org/@esbuild%2flinux-riscv64 184ms (cache miss)
1103 silly packumentCache full:https://registry.npmjs.org/@esbuild%2flinux-riscv64 set size:undefined disposed:false
1104 silly fetch manifest @esbuild/linux-mips64el@0.28.0
1105 silly packumentCache full:https://registry.npmjs.org/@esbuild%2flinux-mips64el cache-miss
1106 http fetch GET 200 https://registry.npmjs.org/@esbuild%2fopenbsd-arm64 111ms (cache miss)
1107 silly packumentCache full:https://registry.npmjs.org/@esbuild%2fopenbsd-arm64 set size:undefined disposed:false
1108 silly fetch manifest @esbuild/openharmony-arm64@0.28.0
1109 silly packumentCache full:https://registry.npmjs.org/@esbuild%2fopenharmony-arm64 cache-miss
1110 http fetch GET 200 https://registry.npmjs.org/@esbuild%2fopenharmony-arm64 113ms (cache miss)
1111 silly packumentCache full:https://registry.npmjs.org/@esbuild%2fopenharmony-arm64 set size:undefined disposed:false
1112 silly fetch manifest debug@4
1113 silly packumentCache full:https://registry.npmjs.org/debug cache-hit
1114 silly fetch manifest agent-base@^7.1.2
1115 silly packumentCache full:https://registry.npmjs.org/agent-base cache-miss
1116 http fetch GET 200 https://registry.npmjs.org/@esbuild%2flinux-mips64el 214ms (cache miss)
1117 silly packumentCache full:https://registry.npmjs.org/@esbuild%2flinux-mips64el set size:undefined disposed:false
1118 silly fetch manifest @babel/parser@^7.23.9
1119 silly packumentCache full:https://registry.npmjs.org/@babel%2fparser cache-miss
1120 http cache https://registry.npmjs.org/@babel%2fparser 3ms (cache hit)
1121 silly packumentCache full:https://registry.npmjs.org/@babel%2fparser set size:730539 disposed:false
1122 silly fetch manifest @istanbuljs/schema@^0.1.3
1123 silly packumentCache full:https://registry.npmjs.org/@istanbuljs%2fschema cache-miss
1124 http fetch GET 200 https://registry.npmjs.org/@babel%2fhelper-module-transforms 3364ms (cache miss)
1125 silly packumentCache full:https://registry.npmjs.org/@babel%2fhelper-module-transforms set size:undefined disposed:false
1126 silly fetch manifest semver@^7.5.4
1127 silly packumentCache full:https://registry.npmjs.org/semver cache-hit
1128 silly fetch manifest rfdc@^1.4.1
1129 silly packumentCache full:https://registry.npmjs.org/rfdc cache-miss
1130 http fetch GET 200 https://registry.npmjs.org/agent-base 147ms (cache miss)
1131 silly packumentCache full:https://registry.npmjs.org/agent-base set size:undefined disposed:false
1132 silly fetch manifest colorette@^2.0.20
1133 silly packumentCache full:https://registry.npmjs.org/colorette cache-miss
1134 http fetch GET 200 https://registry.npmjs.org/@istanbuljs%2fschema 122ms (cache miss)
1135 silly packumentCache full:https://registry.npmjs.org/@istanbuljs%2fschema set size:undefined disposed:false
1136 silly fetch manifest wrap-ansi@^9.0.0
1137 silly packumentCache full:https://registry.npmjs.org/wrap-ansi cache-miss
1138 http fetch GET 200 https://registry.npmjs.org/rfdc 96ms (cache miss)
1139 silly packumentCache full:https://registry.npmjs.org/rfdc set size:undefined disposed:false
1140 silly fetch manifest log-update@^6.1.0
1141 silly packumentCache full:https://registry.npmjs.org/log-update cache-miss
1142 http fetch GET 200 https://registry.npmjs.org/colorette 94ms (cache miss)
1143 silly packumentCache full:https://registry.npmjs.org/colorette set size:undefined disposed:false
1144 silly fetch manifest cli-truncate@^4.0.0
1145 silly packumentCache full:https://registry.npmjs.org/cli-truncate cache-miss
1146 http fetch GET 200 https://registry.npmjs.org/wrap-ansi 108ms (cache miss)
1147 silly packumentCache full:https://registry.npmjs.org/wrap-ansi set size:undefined disposed:false
1148 silly fetch manifest eventemitter3@^5.0.1
1149 silly packumentCache full:https://registry.npmjs.org/eventemitter3 cache-miss
1150 http fetch GET 200 https://registry.npmjs.org/cli-truncate 109ms (cache miss)
1151 silly packumentCache full:https://registry.npmjs.org/cli-truncate set size:undefined disposed:false
1152 silly fetch manifest msgpackr@^1.11.2
1153 silly packumentCache full:https://registry.npmjs.org/msgpackr cache-miss
1154 http fetch GET 200 https://registry.npmjs.org/@esbuild%2fnetbsd-arm64 989ms (cache miss)
1155 silly packumentCache full:https://registry.npmjs.org/@esbuild%2fnetbsd-arm64 set size:undefined disposed:false
1156 silly fetch manifest node-addon-api@^6.1.0
1157 silly packumentCache full:https://registry.npmjs.org/node-addon-api cache-miss
1158 http fetch GET 200 https://registry.npmjs.org/eventemitter3 128ms (cache miss)
1159 silly packumentCache full:https://registry.npmjs.org/eventemitter3 set size:undefined disposed:false
1160 silly fetch manifest ordered-binary@^1.5.3
1161 silly packumentCache full:https://registry.npmjs.org/ordered-binary cache-miss
1162 http fetch GET 200 https://registry.npmjs.org/@esbuild%2fandroid-arm 1683ms (cache miss)
1163 silly packumentCache full:https://registry.npmjs.org/@esbuild%2fandroid-arm set size:undefined disposed:false
1164 silly fetch manifest weak-lru-cache@^1.2.2
1165 silly packumentCache full:https://registry.npmjs.org/weak-lru-cache cache-miss
1166 http fetch GET 200 https://registry.npmjs.org/msgpackr 123ms (cache miss)
1167 silly packumentCache full:https://registry.npmjs.org/msgpackr set size:undefined disposed:false
1168 silly fetch manifest node-gyp-build-optional-packages@5.2.2
1169 silly packumentCache full:https://registry.npmjs.org/node-gyp-build-optional-packages cache-miss
1170 http fetch GET 200 https://registry.npmjs.org/log-update 338ms (cache miss)
1171 silly packumentCache full:https://registry.npmjs.org/log-update set size:undefined disposed:false
1172 silly fetch manifest @lmdb/lmdb-linux-arm@3.4.2
1173 silly packumentCache full:https://registry.npmjs.org/@lmdb%2flmdb-linux-arm cache-miss
1174 http fetch GET 200 https://registry.npmjs.org/weak-lru-cache 106ms (cache miss)
1175 silly packumentCache full:https://registry.npmjs.org/weak-lru-cache set size:undefined disposed:false
1176 silly fetch manifest @lmdb/lmdb-linux-x64@3.4.2
1177 silly packumentCache full:https://registry.npmjs.org/@lmdb%2flmdb-linux-x64 cache-miss
1178 http fetch GET 200 https://registry.npmjs.org/ordered-binary 136ms (cache miss)
1179 silly packumentCache full:https://registry.npmjs.org/ordered-binary set size:undefined disposed:false
1180 silly fetch manifest @lmdb/lmdb-win32-x64@3.4.2
1181 silly packumentCache full:https://registry.npmjs.org/@lmdb%2flmdb-win32-x64 cache-miss
1182 http fetch GET 200 https://registry.npmjs.org/node-gyp-build-optional-packages 100ms (cache miss)
1183 silly packumentCache full:https://registry.npmjs.org/node-gyp-build-optional-packages set size:undefined disposed:false
1184 silly fetch manifest @lmdb/lmdb-darwin-x64@3.4.2
1185 silly packumentCache full:https://registry.npmjs.org/@lmdb%2flmdb-darwin-x64 cache-miss
1186 http fetch GET 200 https://registry.npmjs.org/node-addon-api 280ms (cache miss)
1187 silly packumentCache full:https://registry.npmjs.org/node-addon-api set size:undefined disposed:false
1188 silly fetch manifest @lmdb/lmdb-linux-arm64@3.4.2
1189 silly packumentCache full:https://registry.npmjs.org/@lmdb%2flmdb-linux-arm64 cache-miss
1190 http fetch GET 200 https://registry.npmjs.org/@lmdb%2flmdb-darwin-x64 155ms (cache miss)
1191 silly packumentCache full:https://registry.npmjs.org/@lmdb%2flmdb-darwin-x64 set size:undefined disposed:false
1192 silly fetch manifest @lmdb/lmdb-win32-arm64@3.4.2
1193 silly packumentCache full:https://registry.npmjs.org/@lmdb%2flmdb-win32-arm64 cache-miss
1194 http fetch GET 200 https://registry.npmjs.org/@lmdb%2flmdb-win32-x64 192ms (cache miss)
1195 silly packumentCache full:https://registry.npmjs.org/@lmdb%2flmdb-win32-x64 set size:undefined disposed:false
1196 silly fetch manifest @lmdb/lmdb-darwin-arm64@3.4.2
1197 silly packumentCache full:https://registry.npmjs.org/@lmdb%2flmdb-darwin-arm64 cache-miss
1198 http fetch GET 200 https://registry.npmjs.org/@lmdb%2flmdb-linux-x64 196ms (cache miss)
1199 silly packumentCache full:https://registry.npmjs.org/@lmdb%2flmdb-linux-x64 set size:undefined disposed:false
1200 silly fetch manifest @jridgewell/sourcemap-codec@^1.5.0
1201 silly packumentCache full:https://registry.npmjs.org/@jridgewell%2fsourcemap-codec cache-miss
1202 http cache https://registry.npmjs.org/@jridgewell%2fsourcemap-codec 1ms (cache hit)
1203 silly packumentCache full:https://registry.npmjs.org/@jridgewell%2fsourcemap-codec set size:51856 disposed:false
1204 silly fetch manifest parse5@^8.0.0
1205 silly packumentCache full:https://registry.npmjs.org/parse5 cache-miss
1206 http fetch GET 200 https://registry.npmjs.org/@lmdb%2flmdb-win32-arm64 119ms (cache miss)
1207 silly packumentCache full:https://registry.npmjs.org/@lmdb%2flmdb-win32-arm64 set size:undefined disposed:false
1208 silly fetch manifest entities@^6.0.0
1209 silly packumentCache full:https://registry.npmjs.org/entities cache-miss
1210 http fetch GET 200 https://registry.npmjs.org/parse5 124ms (cache miss)
1211 silly packumentCache full:https://registry.npmjs.org/parse5 set size:undefined disposed:false
1212 silly fetch manifest parse5-sax-parser@^8.0.0
1213 silly packumentCache full:https://registry.npmjs.org/parse5-sax-parser cache-miss
1214 http fetch GET 200 https://registry.npmjs.org/@lmdb%2flmdb-linux-arm64 247ms (cache miss)
1215 silly packumentCache full:https://registry.npmjs.org/@lmdb%2flmdb-linux-arm64 set size:undefined disposed:false
1216 silly fetch manifest @napi-rs/nice@^1.0.4
1217 silly packumentCache full:https://registry.npmjs.org/@napi-rs%2fnice cache-miss
1218 http fetch GET 200 https://registry.npmjs.org/entities 117ms (cache miss)
1219 silly packumentCache full:https://registry.npmjs.org/entities set size:undefined disposed:false
1220 silly fetch manifest @types/estree@1.0.8
1221 silly packumentCache full:https://registry.npmjs.org/@types%2festree cache-miss
1222 http cache https://registry.npmjs.org/@types%2festree 2ms (cache hit)
1223 silly packumentCache full:https://registry.npmjs.org/@types%2festree set size:76072 disposed:false
1224 silly fetch manifest fsevents@~2.3.2
1225 silly packumentCache full:https://registry.npmjs.org/fsevents cache-miss
1226 http fetch GET 200 https://registry.npmjs.org/parse5-sax-parser 111ms (cache miss)
1227 silly packumentCache full:https://registry.npmjs.org/parse5-sax-parser set size:undefined disposed:false
1228 silly fetch manifest @rollup/rollup-darwin-x64@4.59.0
1229 silly packumentCache full:https://registry.npmjs.org/@rollup%2frollup-darwin-x64 cache-miss
1230 http cache https://registry.npmjs.org/fsevents 2ms (cache hit)
1231 silly packumentCache full:https://registry.npmjs.org/fsevents set size:182472 disposed:false
1232 silly fetch manifest @rollup/rollup-freebsd-x64@4.59.0
1233 silly packumentCache full:https://registry.npmjs.org/@rollup%2frollup-freebsd-x64 cache-miss
1234 http fetch GET 200 https://registry.npmjs.org/@rollup%2frollup-darwin-x64 135ms (cache miss)
1235 silly packumentCache full:https://registry.npmjs.org/@rollup%2frollup-darwin-x64 set size:undefined disposed:false
1236 silly fetch manifest @rollup/rollup-openbsd-x64@4.59.0
1237 silly packumentCache full:https://registry.npmjs.org/@rollup%2frollup-openbsd-x64 cache-miss
1238 http fetch GET 200 https://registry.npmjs.org/@rollup%2frollup-freebsd-x64 148ms (cache miss)
1239 silly packumentCache full:https://registry.npmjs.org/@rollup%2frollup-freebsd-x64 set size:undefined disposed:false
1240 silly fetch manifest @rollup/rollup-darwin-arm64@4.59.0
1241 silly packumentCache full:https://registry.npmjs.org/@rollup%2frollup-darwin-arm64 cache-miss
1242 http fetch GET 200 https://registry.npmjs.org/@napi-rs%2fnice 347ms (cache miss)
1243 silly packumentCache full:https://registry.npmjs.org/@napi-rs%2fnice set size:undefined disposed:false
1244 silly fetch manifest @rollup/rollup-android-arm64@4.59.0
1245 silly packumentCache full:https://registry.npmjs.org/@rollup%2frollup-android-arm64 cache-miss
1246 http fetch GET 200 https://registry.npmjs.org/@lmdb%2flmdb-darwin-arm64 517ms (cache miss)
1247 silly packumentCache full:https://registry.npmjs.org/@lmdb%2flmdb-darwin-arm64 set size:undefined disposed:false
1248 silly fetch manifest @rollup/rollup-freebsd-arm64@4.59.0
1249 silly packumentCache full:https://registry.npmjs.org/@rollup%2frollup-freebsd-arm64 cache-miss
1250 http fetch GET 200 https://registry.npmjs.org/@rollup%2frollup-openbsd-x64 154ms (cache miss)
1251 silly packumentCache full:https://registry.npmjs.org/@rollup%2frollup-openbsd-x64 set size:undefined disposed:false
1252 silly fetch manifest @rollup/rollup-linux-x64-gnu@4.59.0
1253 silly packumentCache full:https://registry.npmjs.org/@rollup%2frollup-linux-x64-gnu cache-miss
1254 http fetch GET 200 https://registry.npmjs.org/@rollup%2frollup-darwin-arm64 199ms (cache miss)
1255 silly packumentCache full:https://registry.npmjs.org/@rollup%2frollup-darwin-arm64 set size:undefined disposed:false
1256 silly fetch manifest @rollup/rollup-win32-x64-gnu@4.59.0
1257 silly packumentCache full:https://registry.npmjs.org/@rollup%2frollup-win32-x64-gnu cache-miss
1258 http fetch GET 200 https://registry.npmjs.org/@rollup%2frollup-linux-x64-gnu 139ms (cache miss)
1259 silly packumentCache full:https://registry.npmjs.org/@rollup%2frollup-linux-x64-gnu set size:undefined disposed:false
1260 silly fetch manifest @rollup/rollup-linux-x64-musl@4.59.0
1261 silly packumentCache full:https://registry.npmjs.org/@rollup%2frollup-linux-x64-musl cache-miss
1262 http fetch GET 200 https://registry.npmjs.org/@lmdb%2flmdb-linux-arm 888ms (cache miss)
1263 silly packumentCache full:https://registry.npmjs.org/@lmdb%2flmdb-linux-arm set size:undefined disposed:false
1264 silly fetch manifest @rollup/rollup-win32-x64-msvc@4.59.0
1265 silly packumentCache full:https://registry.npmjs.org/@rollup%2frollup-win32-x64-msvc cache-miss
1266 http fetch GET 200 https://registry.npmjs.org/@rollup%2frollup-win32-x64-gnu 142ms (cache miss)
1267 silly packumentCache full:https://registry.npmjs.org/@rollup%2frollup-win32-x64-gnu set size:undefined disposed:false
1268 silly fetch manifest @rollup/rollup-linux-arm64-gnu@4.59.0
1269 silly packumentCache full:https://registry.npmjs.org/@rollup%2frollup-linux-arm64-gnu cache-miss
1270 http fetch GET 200 https://registry.npmjs.org/@babel%2fhelper-compilation-targets 4703ms (cache miss)
1271 silly packumentCache full:https://registry.npmjs.org/@babel%2fhelper-compilation-targets set size:undefined disposed:false
1272 silly fetch manifest @rollup/rollup-linux-ppc64-gnu@4.59.0
1273 silly packumentCache full:https://registry.npmjs.org/@rollup%2frollup-linux-ppc64-gnu cache-miss
1274 http fetch GET 200 https://registry.npmjs.org/@rollup%2frollup-linux-x64-musl 161ms (cache miss)
1275 silly packumentCache full:https://registry.npmjs.org/@rollup%2frollup-linux-x64-musl set size:undefined disposed:false
1276 silly fetch manifest @rollup/rollup-linux-s390x-gnu@4.59.0
1277 silly packumentCache full:https://registry.npmjs.org/@rollup%2frollup-linux-s390x-gnu cache-miss
1278 http fetch GET 200 https://registry.npmjs.org/@rollup%2frollup-linux-arm64-gnu 198ms (cache miss)
1279 silly packumentCache full:https://registry.npmjs.org/@rollup%2frollup-linux-arm64-gnu set size:undefined disposed:false
1280 silly fetch manifest @rollup/rollup-win32-ia32-msvc@4.59.0
1281 silly packumentCache full:https://registry.npmjs.org/@rollup%2frollup-win32-ia32-msvc cache-miss
1282 http fetch GET 200 https://registry.npmjs.org/@rollup%2frollup-linux-s390x-gnu 159ms (cache miss)
1283 silly packumentCache full:https://registry.npmjs.org/@rollup%2frollup-linux-s390x-gnu set size:undefined disposed:false
1284 silly fetch manifest @rollup/rollup-android-arm-eabi@4.59.0
1285 silly packumentCache full:https://registry.npmjs.org/@rollup%2frollup-android-arm-eabi cache-miss
1286 http fetch GET 200 https://registry.npmjs.org/@rollup%2frollup-linux-ppc64-gnu 217ms (cache miss)
1287 silly packumentCache full:https://registry.npmjs.org/@rollup%2frollup-linux-ppc64-gnu set size:undefined disposed:false
1288 silly fetch manifest @rollup/rollup-linux-arm64-musl@4.59.0
1289 silly packumentCache full:https://registry.npmjs.org/@rollup%2frollup-linux-arm64-musl cache-miss
1290 http fetch GET 200 https://registry.npmjs.org/@rollup%2frollup-android-arm-eabi 187ms (cache miss)
1291 silly packumentCache full:https://registry.npmjs.org/@rollup%2frollup-android-arm-eabi set size:undefined disposed:false
1292 silly fetch manifest @rollup/rollup-linux-ppc64-musl@4.59.0
1293 silly packumentCache full:https://registry.npmjs.org/@rollup%2frollup-linux-ppc64-musl cache-miss
1294 http fetch GET 200 https://registry.npmjs.org/@rollup%2frollup-win32-ia32-msvc 257ms (cache miss)
1295 silly packumentCache full:https://registry.npmjs.org/@rollup%2frollup-win32-ia32-msvc set size:undefined disposed:false
1296 silly fetch manifest @rollup/rollup-win32-arm64-msvc@4.59.0
1297 silly packumentCache full:https://registry.npmjs.org/@rollup%2frollup-win32-arm64-msvc cache-miss
1298 http cache https://registry.npmjs.org/@rollup%2frollup-win32-arm64-msvc 3ms (cache hit)
1299 silly packumentCache full:https://registry.npmjs.org/@rollup%2frollup-win32-arm64-msvc set size:346391 disposed:false
1300 silly fetch manifest @rollup/rollup-linux-loong64-gnu@4.59.0
1301 silly packumentCache full:https://registry.npmjs.org/@rollup%2frollup-linux-loong64-gnu cache-miss
1302 http cache https://registry.npmjs.org/@rollup%2frollup-linux-loong64-gnu 2ms (cache hit)
1303 silly packumentCache full:https://registry.npmjs.org/@rollup%2frollup-linux-loong64-gnu set size:73153 disposed:false
1304 silly fetch manifest @rollup/rollup-linux-riscv64-gnu@4.59.0
1305 silly packumentCache full:https://registry.npmjs.org/@rollup%2frollup-linux-riscv64-gnu cache-miss
1306 http fetch GET 200 https://registry.npmjs.org/@rollup%2frollup-linux-ppc64-musl 107ms (cache miss)
1307 silly packumentCache full:https://registry.npmjs.org/@rollup%2frollup-linux-ppc64-musl set size:undefined disposed:false
1308 silly fetch manifest @rollup/rollup-openharmony-arm64@4.59.0
1309 silly packumentCache full:https://registry.npmjs.org/@rollup%2frollup-openharmony-arm64 cache-miss
1310 http fetch GET 200 https://registry.npmjs.org/@rollup%2frollup-linux-riscv64-gnu 206ms (cache miss)
1311 silly packumentCache full:https://registry.npmjs.org/@rollup%2frollup-linux-riscv64-gnu set size:undefined disposed:false
1312 silly fetch manifest @rollup/rollup-linux-loong64-musl@4.59.0
1313 silly packumentCache full:https://registry.npmjs.org/@rollup%2frollup-linux-loong64-musl cache-miss
1314 http cache https://registry.npmjs.org/@rollup%2frollup-linux-loong64-musl 3ms (cache hit)
1315 silly packumentCache full:https://registry.npmjs.org/@rollup%2frollup-linux-loong64-musl set size:35170 disposed:false
1316 silly fetch manifest @rollup/rollup-linux-riscv64-musl@4.59.0
1317 silly packumentCache full:https://registry.npmjs.org/@rollup%2frollup-linux-riscv64-musl cache-miss
1318 http fetch GET 200 https://registry.npmjs.org/@rollup%2frollup-openharmony-arm64 141ms (cache miss)
1319 silly packumentCache full:https://registry.npmjs.org/@rollup%2frollup-openharmony-arm64 set size:undefined disposed:false
1320 silly fetch manifest @rollup/rollup-linux-arm-gnueabihf@4.59.0
1321 silly packumentCache full:https://registry.npmjs.org/@rollup%2frollup-linux-arm-gnueabihf cache-miss
1322 http fetch GET 200 https://registry.npmjs.org/@rollup%2frollup-linux-riscv64-musl 143ms (cache miss)
1323 silly packumentCache full:https://registry.npmjs.org/@rollup%2frollup-linux-riscv64-musl set size:undefined disposed:false
1324 silly fetch manifest @rollup/rollup-linux-arm-musleabihf@4.59.0
1325 silly packumentCache full:https://registry.npmjs.org/@rollup%2frollup-linux-arm-musleabihf cache-miss
1326 http fetch GET 200 https://registry.npmjs.org/@rollup%2frollup-linux-arm-gnueabihf 174ms (cache miss)
1327 silly packumentCache full:https://registry.npmjs.org/@rollup%2frollup-linux-arm-gnueabihf set size:undefined disposed:false
1328 silly fetch manifest immutable@^5.0.2
1329 silly packumentCache full:https://registry.npmjs.org/immutable cache-miss
1330 http cache https://registry.npmjs.org/immutable 2ms (cache hit)
1331 silly packumentCache full:https://registry.npmjs.org/immutable set size:276268 disposed:false
1332 silly fetch manifest source-map-js@>=0.6.2 <2.0.0
1333 silly packumentCache full:https://registry.npmjs.org/source-map-js cache-miss
1334 http cache https://registry.npmjs.org/source-map-js 1ms (cache hit)
1335 silly packumentCache full:https://registry.npmjs.org/source-map-js set size:62640 disposed:false
1336 silly fetch manifest @parcel/watcher@^2.4.1
1337 silly packumentCache full:https://registry.npmjs.org/@parcel%2fwatcher cache-miss
1338 http cache https://registry.npmjs.org/@parcel%2fwatcher 1ms (cache hit)
1339 silly packumentCache full:https://registry.npmjs.org/@parcel%2fwatcher set size:121392 disposed:false
1340 silly fetch manifest buffer-from@^1.0.0
1341 silly packumentCache full:https://registry.npmjs.org/buffer-from cache-miss
1342 http cache https://registry.npmjs.org/buffer-from 2ms (cache hit)
1343 silly packumentCache full:https://registry.npmjs.org/buffer-from set size:15463 disposed:false
1344 silly fetch manifest source-map@^0.6.0
1345 silly packumentCache full:https://registry.npmjs.org/source-map cache-miss
1346 http cache https://registry.npmjs.org/source-map 1ms (cache hit)
1347 silly packumentCache full:https://registry.npmjs.org/source-map set size:226212 disposed:false
1348 silly fetch manifest fdir@^6.4.4
1349 silly packumentCache full:https://registry.npmjs.org/fdir cache-miss
1350 http cache https://registry.npmjs.org/fdir 2ms (cache hit)
1351 silly packumentCache full:https://registry.npmjs.org/fdir set size:136182 disposed:false
1352 silly fetch manifest graceful-fs@^4.1.2
1353 silly packumentCache full:https://registry.npmjs.org/graceful-fs cache-miss
1354 http cache https://registry.npmjs.org/graceful-fs 1ms (cache hit)
1355 silly packumentCache full:https://registry.npmjs.org/graceful-fs set size:124285 disposed:false
1356 silly fetch manifest glob-to-regexp@^0.4.1
1357 silly packumentCache full:https://registry.npmjs.org/glob-to-regexp cache-miss
1358 http cache https://registry.npmjs.org/glob-to-regexp 3ms (cache hit)
1359 silly packumentCache full:https://registry.npmjs.org/glob-to-regexp set size:15844 disposed:false
1360 http fetch GET 200 https://registry.npmjs.org/@rollup%2frollup-linux-arm-musleabihf 164ms (cache miss)
1361 silly packumentCache full:https://registry.npmjs.org/@rollup%2frollup-linux-arm-musleabihf set size:undefined disposed:false
1362 http fetch GET 200 https://registry.npmjs.org/@rollup%2frollup-linux-arm64-musl 1154ms (cache miss)
1363 silly packumentCache full:https://registry.npmjs.org/@rollup%2frollup-linux-arm64-musl set size:undefined disposed:false
1364 http fetch GET 200 https://registry.npmjs.org/@rollup%2frollup-android-arm64 2238ms (cache miss)
1365 silly packumentCache full:https://registry.npmjs.org/@rollup%2frollup-android-arm64 set size:undefined disposed:false
1366 http fetch GET 200 https://registry.npmjs.org/@rollup%2frollup-win32-x64-msvc 2169ms (cache miss)
1367 silly packumentCache full:https://registry.npmjs.org/@rollup%2frollup-win32-x64-msvc set size:undefined disposed:false
1368 http fetch GET 200 https://registry.npmjs.org/@esbuild%2flinux-ia32 5266ms (cache miss)
1369 silly packumentCache full:https://registry.npmjs.org/@esbuild%2flinux-ia32 set size:undefined disposed:false
1370 http fetch GET 200 https://registry.npmjs.org/@rollup%2frollup-freebsd-arm64 4217ms (cache miss)
1371 silly packumentCache full:https://registry.npmjs.org/@rollup%2frollup-freebsd-arm64 set size:undefined disposed:false
1372 silly placeDep ROOT @jridgewell/gen-mapping@0.3.13 OK for: @ampproject/remapping@2.3.0 want: ^0.3.5
1373 silly placeDep ROOT @jridgewell/trace-mapping@0.3.31 OK for: @ampproject/remapping@2.3.0 want: ^0.3.24
1374 silly fetch manifest @jridgewell/resolve-uri@^3.1.0
1375 silly packumentCache full:https://registry.npmjs.org/@jridgewell%2fresolve-uri cache-miss
1376 http fetch GET 200 https://registry.npmjs.org/@jridgewell%2fresolve-uri 127ms (cache miss)
1377 silly packumentCache full:https://registry.npmjs.org/@jridgewell%2fresolve-uri set size:undefined disposed:false
1378 silly placeDep ROOT @angular-devkit/core@20.3.28 OK for: @angular-devkit/architect@0.2003.28 want: 20.3.28
1379 silly fetch manifest ajv@8.18.0
1380 silly packumentCache full:https://registry.npmjs.org/ajv cache-miss
1381 silly fetch manifest source-map@0.7.6
1382 silly packumentCache full:https://registry.npmjs.org/source-map cache-hit
1383 silly fetch manifest ajv-formats@3.0.1
1384 silly packumentCache full:https://registry.npmjs.org/ajv-formats cache-miss
1385 http cache https://registry.npmjs.org/ajv 5ms (cache hit)
1386 silly packumentCache full:https://registry.npmjs.org/ajv set size:1142658 disposed:false
1387 http fetch GET 200 https://registry.npmjs.org/ajv-formats 164ms (cache miss)
1388 silly packumentCache full:https://registry.npmjs.org/ajv-formats set size:undefined disposed:false
1389 silly placeDep ROOT ajv@8.18.0 OK for: @angular-devkit/core@20.3.28 want: 8.18.0
1390 silly placeDep ROOT ajv-formats@3.0.1 OK for: @angular-devkit/core@20.3.28 want: 3.0.1
1391 silly placeDep ROOT source-map@0.7.6 OK for: @angular-devkit/core@20.3.28 want: 0.7.6
1392 silly fetch manifest fast-uri@^3.0.1
1393 silly packumentCache full:https://registry.npmjs.org/fast-uri cache-miss
1394 silly fetch manifest require-from-string@^2.0.2
1395 silly packumentCache full:https://registry.npmjs.org/require-from-string cache-miss
1396 silly fetch manifest json-schema-traverse@^1.0.0
1397 silly packumentCache full:https://registry.npmjs.org/json-schema-traverse cache-miss
1398 http fetch GET 200 https://registry.npmjs.org/require-from-string 127ms (cache miss)
1399 silly packumentCache full:https://registry.npmjs.org/require-from-string set size:undefined disposed:false
1400 http fetch GET 200 https://registry.npmjs.org/fast-uri 140ms (cache miss)
1401 silly packumentCache full:https://registry.npmjs.org/fast-uri set size:undefined disposed:false
1402 http fetch GET 200 https://registry.npmjs.org/json-schema-traverse 2448ms (cache miss)
1403 silly packumentCache full:https://registry.npmjs.org/json-schema-traverse set size:undefined disposed:false
1404 silly fetch manifest @cfworker/json-schema@^4.1.1
1405 silly packumentCache full:https://registry.npmjs.org/@cfworker%2fjson-schema cache-miss
1406 http cache https://registry.npmjs.org/@cfworker%2fjson-schema 2ms (cache hit)
1407 silly packumentCache full:https://registry.npmjs.org/@cfworker%2fjson-schema set size:144207 disposed:false
1408 silly placeDep ROOT @angular-devkit/schematics@20.3.28 OK for: @angular/cli@20.3.28 want: 20.3.28
1409 silly placeDep ROOT @inquirer/prompts@7.8.2 OK for: @angular/cli@20.3.28 want: 7.8.2
1410 silly placeDep ROOT @listr2/prompt-adapter-inquirer@3.0.1 OK for: @angular/cli@20.3.28 want: 3.0.1
1411 silly placeDep ROOT @modelcontextprotocol/sdk@1.26.0 OK for: @angular/cli@20.3.28 want: 1.26.0
1412 silly placeDep ROOT @schematics/angular@20.3.28 OK for: @angular/cli@20.3.28 want: 20.3.28
1413 silly placeDep ROOT @yarnpkg/lockfile@1.1.0 OK for: @angular/cli@20.3.28 want: 1.1.0
1414 silly placeDep ROOT algoliasearch@5.35.0 OK for: @angular/cli@20.3.28 want: 5.35.0
1415 silly placeDep ROOT ini@5.0.0 OK for: @angular/cli@20.3.28 want: 5.0.0
1416 silly placeDep ROOT npm-package-arg@13.0.0 OK for: @angular/cli@20.3.28 want: 13.0.0
1417 silly placeDep ROOT pacote@21.0.4 OK for: @angular/cli@20.3.28 want: 21.0.4
1418 silly placeDep ROOT resolve@1.22.10 OK for: @angular/cli@20.3.28 want: 1.22.10
1419 silly placeDep ROOT yargs@18.0.0 OK for: @angular/cli@20.3.28 want: 18.0.0
1420 silly placeDep ROOT zod@4.1.13 OK for: @angular/cli@20.3.28 want: 4.1.13
1421 silly fetch manifest ora@8.2.0
1422 silly packumentCache full:https://registry.npmjs.org/ora cache-miss
1423 silly fetch manifest @inquirer/input@^4.2.1
1424 silly packumentCache full:https://registry.npmjs.org/@inquirer%2finput cache-miss
1425 silly fetch manifest @inquirer/editor@^4.2.17
1426 silly packumentCache full:https://registry.npmjs.org/@inquirer%2feditor cache-miss
1427 silly fetch manifest @inquirer/expand@^4.0.17
1428 silly packumentCache full:https://registry.npmjs.org/@inquirer%2fexpand cache-miss
1429 silly fetch manifest @inquirer/number@^3.0.17
1430 silly packumentCache full:https://registry.npmjs.org/@inquirer%2fnumber cache-miss
1431 silly fetch manifest @inquirer/search@^3.1.0
1432 silly packumentCache full:https://registry.npmjs.org/@inquirer%2fsearch cache-miss
1433 silly fetch manifest @inquirer/select@^4.3.1
1434 silly packumentCache full:https://registry.npmjs.org/@inquirer%2fselect cache-miss
1435 http cache https://registry.npmjs.org/@inquirer%2feditor 9ms (cache hit)
1436 silly packumentCache full:https://registry.npmjs.org/@inquirer%2feditor set size:322894 disposed:false
1437 silly fetch manifest @inquirer/rawlist@^4.1.5
1438 silly packumentCache full:https://registry.npmjs.org/@inquirer%2frawlist cache-miss
1439 http cache https://registry.npmjs.org/@inquirer%2fsearch 12ms (cache hit)
1440 silly packumentCache full:https://registry.npmjs.org/@inquirer%2fsearch set size:142958 disposed:false
1441 silly fetch manifest @inquirer/checkbox@^4.2.1
1442 silly packumentCache full:https://registry.npmjs.org/@inquirer%2fcheckbox cache-miss
1443 http cache https://registry.npmjs.org/ora 14ms (cache hit)
1444 silly packumentCache full:https://registry.npmjs.org/ora set size:144913 disposed:false
1445 silly fetch manifest @inquirer/password@^4.0.17
1446 silly packumentCache full:https://registry.npmjs.org/@inquirer%2fpassword cache-miss
1447 http cache https://registry.npmjs.org/@inquirer%2fexpand 17ms (cache hit)
1448 silly packumentCache full:https://registry.npmjs.org/@inquirer%2fexpand set size:322112 disposed:false
1449 silly fetch manifest @inquirer/type@^3.0.7
1450 silly packumentCache full:https://registry.npmjs.org/@inquirer%2ftype cache-miss
1451 http cache https://registry.npmjs.org/@inquirer%2fnumber 20ms (cache hit)
1452 silly packumentCache full:https://registry.npmjs.org/@inquirer%2fnumber set size:142567 disposed:false
1453 silly fetch manifest zod@^3.25 || ^4.0
1454 silly packumentCache full:https://registry.npmjs.org/zod cache-miss
1455 http cache https://registry.npmjs.org/@inquirer%2fselect 21ms (cache hit)
1456 silly packumentCache full:https://registry.npmjs.org/@inquirer%2fselect set size:335462 disposed:false
1457 silly fetch manifest cors@^2.8.5
1458 silly packumentCache full:https://registry.npmjs.org/cors cache-miss
1459 http cache https://registry.npmjs.org/@inquirer%2finput 25ms (cache hit)
1460 silly packumentCache full:https://registry.npmjs.org/@inquirer%2finput set size:319406 disposed:false
1461 silly fetch manifest hono@^4.11.4
1462 silly packumentCache full:https://registry.npmjs.org/hono cache-miss
1463 http cache https://registry.npmjs.org/@inquirer%2fpassword 17ms (cache hit)
1464 silly packumentCache full:https://registry.npmjs.org/@inquirer%2fpassword set size:318894 disposed:false
1465 silly fetch manifest jose@^6.1.3
1466 silly packumentCache full:https://registry.npmjs.org/jose cache-miss
1467 http cache https://registry.npmjs.org/@inquirer%2fcheckbox 23ms (cache hit)
1468 silly packumentCache full:https://registry.npmjs.org/@inquirer%2fcheckbox set size:346573 disposed:false
1469 silly fetch manifest express@^5.2.1
1470 silly packumentCache full:https://registry.npmjs.org/express cache-miss
1471 http cache https://registry.npmjs.org/zod 22ms (cache hit)
1472 silly packumentCache full:https://registry.npmjs.org/zod set size:3552562 disposed:false
1473 silly fetch manifest raw-body@^3.0.0
1474 silly packumentCache full:https://registry.npmjs.org/raw-body cache-miss
1475 http cache https://registry.npmjs.org/@inquirer%2ftype 51ms (cache hit)
1476 silly packumentCache full:https://registry.npmjs.org/@inquirer%2ftype set size:119899 disposed:false
1477 silly fetch manifest cross-spawn@^7.0.5
1478 silly packumentCache full:https://registry.npmjs.org/cross-spawn cache-miss
1479 http cache https://registry.npmjs.org/cors 47ms (cache hit)
1480 silly packumentCache full:https://registry.npmjs.org/cors set size:77956 disposed:false
1481 silly fetch manifest eventsource@^3.0.2
1482 silly packumentCache full:https://registry.npmjs.org/eventsource cache-miss
1483 http cache https://registry.npmjs.org/jose 42ms (cache hit)
1484 silly packumentCache full:https://registry.npmjs.org/jose set size:1413195 disposed:false
1485 silly fetch manifest content-type@^1.0.5
1486 silly packumentCache full:https://registry.npmjs.org/content-type cache-miss
1487 http cache https://registry.npmjs.org/express 44ms (cache hit)
1488 silly packumentCache full:https://registry.npmjs.org/express set size:804947 disposed:false
1489 silly fetch manifest pkce-challenge@^5.0.0
1490 silly packumentCache full:https://registry.npmjs.org/pkce-challenge cache-miss
1491 http cache https://registry.npmjs.org/raw-body 22ms (cache hit)
1492 silly packumentCache full:https://registry.npmjs.org/raw-body set size:117822 disposed:false
1493 silly fetch manifest @hono/node-server@^1.19.9
1494 silly packumentCache full:https://registry.npmjs.org/@hono%2fnode-server cache-miss
1495 http cache https://registry.npmjs.org/cross-spawn 19ms (cache hit)
1496 silly packumentCache full:https://registry.npmjs.org/cross-spawn set size:109066 disposed:false
1497 silly fetch manifest json-schema-typed@^8.0.2
1498 silly packumentCache full:https://registry.npmjs.org/json-schema-typed cache-miss
1499 http cache https://registry.npmjs.org/eventsource 19ms (cache hit)
1500 silly packumentCache full:https://registry.npmjs.org/eventsource set size:128214 disposed:false
1501 silly fetch manifest eventsource-parser@^3.0.0
1502 silly packumentCache full:https://registry.npmjs.org/eventsource-parser cache-miss
1503 http cache https://registry.npmjs.org/content-type 12ms (cache hit)
1504 silly packumentCache full:https://registry.npmjs.org/content-type set size:18994 disposed:false
1505 silly fetch manifest express-rate-limit@^8.2.1
1506 silly packumentCache full:https://registry.npmjs.org/express-rate-limit cache-miss
1507 http cache https://registry.npmjs.org/pkce-challenge 8ms (cache hit)
1508 silly packumentCache full:https://registry.npmjs.org/pkce-challenge set size:37734 disposed:false
1509 silly fetch manifest zod-to-json-schema@^3.25.1
1510 silly packumentCache full:https://registry.npmjs.org/zod-to-json-schema cache-miss
1511 http cache https://registry.npmjs.org/json-schema-typed 6ms (cache hit)
1512 silly packumentCache full:https://registry.npmjs.org/json-schema-typed set size:26165 disposed:false
1513 silly fetch manifest @algolia/abtesting@1.1.0
1514 silly packumentCache full:https://registry.npmjs.org/@algolia%2fabtesting cache-miss
1515 http cache https://registry.npmjs.org/@hono%2fnode-server 8ms (cache hit)
1516 silly packumentCache full:https://registry.npmjs.org/@hono%2fnode-server set size:257792 disposed:false
1517 silly fetch manifest @algolia/ingestion@1.35.0
1518 silly packumentCache full:https://registry.npmjs.org/@algolia%2fingestion cache-miss
1519 http fetch GET 200 https://registry.npmjs.org/eventsource-parser 240ms (cache miss)
1520 silly packumentCache full:https://registry.npmjs.org/eventsource-parser set size:undefined disposed:false
1521 silly fetch manifest @algolia/recommend@5.35.0
1522 silly packumentCache full:https://registry.npmjs.org/@algolia%2frecommend cache-miss
1523 http fetch GET 200 https://registry.npmjs.org/express-rate-limit 324ms (cache miss)
1524 silly packumentCache full:https://registry.npmjs.org/express-rate-limit set size:undefined disposed:false
1525 silly fetch manifest @algolia/monitoring@1.35.0
1526 silly packumentCache full:https://registry.npmjs.org/@algolia%2fmonitoring cache-miss
1527 http fetch GET 200 https://registry.npmjs.org/zod-to-json-schema 333ms (cache miss)
1528 silly packumentCache full:https://registry.npmjs.org/zod-to-json-schema set size:undefined disposed:false
1529 silly fetch manifest @algolia/client-common@5.35.0
1530 silly packumentCache full:https://registry.npmjs.org/@algolia%2fclient-common cache-miss
1531 http cache https://registry.npmjs.org/@algolia%2fmonitoring 11ms (cache hit)
1532 silly packumentCache full:https://registry.npmjs.org/@algolia%2fmonitoring set size:1158232 disposed:false
1533 silly fetch manifest @algolia/client-search@5.35.0
1534 silly packumentCache full:https://registry.npmjs.org/@algolia%2fclient-search cache-miss
1535 http fetch GET 200 https://registry.npmjs.org/@inquirer%2frawlist 562ms (cache miss)
1536 silly packumentCache full:https://registry.npmjs.org/@inquirer%2frawlist set size:undefined disposed:false
1537 silly fetch manifest @algolia/client-insights@5.35.0
1538 silly packumentCache full:https://registry.npmjs.org/@algolia%2fclient-insights cache-miss
1539 http fetch GET 200 https://registry.npmjs.org/@algolia%2frecommend 278ms (cache miss)
1540 silly packumentCache full:https://registry.npmjs.org/@algolia%2frecommend set size:undefined disposed:false
1541 silly fetch manifest @algolia/requester-fetch@5.35.0
1542 silly packumentCache full:https://registry.npmjs.org/@algolia%2frequester-fetch cache-miss
1543 http fetch GET 200 https://registry.npmjs.org/@algolia%2fingestion 608ms (cache miss)
1544 silly packumentCache full:https://registry.npmjs.org/@algolia%2fingestion set size:undefined disposed:false
1545 silly fetch manifest @algolia/client-abtesting@5.35.0
1546 silly packumentCache full:https://registry.npmjs.org/@algolia%2fclient-abtesting cache-miss
1547 http fetch GET 200 https://registry.npmjs.org/hono 842ms (cache miss)
1548 silly packumentCache full:https://registry.npmjs.org/hono set size:undefined disposed:false
1549 silly fetch manifest @algolia/client-analytics@5.35.0
1550 silly packumentCache full:https://registry.npmjs.org/@algolia%2fclient-analytics cache-miss
1551 http fetch GET 200 https://registry.npmjs.org/@algolia%2fclient-insights 508ms (cache miss)
1552 silly packumentCache full:https://registry.npmjs.org/@algolia%2fclient-insights set size:undefined disposed:false
1553 silly fetch manifest @algolia/requester-node-http@5.35.0
1554 silly packumentCache full:https://registry.npmjs.org/@algolia%2frequester-node-http cache-miss
1555 http fetch GET 200 https://registry.npmjs.org/@algolia%2frequester-fetch 515ms (cache miss)
1556 silly packumentCache full:https://registry.npmjs.org/@algolia%2frequester-fetch set size:undefined disposed:false
1557 silly fetch manifest @algolia/requester-browser-xhr@5.35.0
1558 silly packumentCache full:https://registry.npmjs.org/@algolia%2frequester-browser-xhr cache-miss
1559 http fetch GET 200 https://registry.npmjs.org/@algolia%2fclient-common 707ms (cache miss)
1560 silly packumentCache full:https://registry.npmjs.org/@algolia%2fclient-common set size:undefined disposed:false
1561 silly fetch manifest @algolia/client-personalization@5.35.0
1562 silly packumentCache full:https://registry.npmjs.org/@algolia%2fclient-personalization cache-miss
1563 http fetch GET 200 https://registry.npmjs.org/@algolia%2frequester-node-http 279ms (cache miss)
1564 silly packumentCache full:https://registry.npmjs.org/@algolia%2frequester-node-http set size:undefined disposed:false
1565 silly fetch manifest @algolia/client-query-suggestions@5.35.0
1566 silly packumentCache full:https://registry.npmjs.org/@algolia%2fclient-query-suggestions cache-miss
1567 http fetch GET 200 https://registry.npmjs.org/@algolia%2frequester-browser-xhr 231ms (cache miss)
1568 silly packumentCache full:https://registry.npmjs.org/@algolia%2frequester-browser-xhr set size:undefined disposed:false
1569 silly fetch manifest proc-log@^5.0.0
1570 silly packumentCache full:https://registry.npmjs.org/proc-log cache-miss
1571 http fetch GET 200 https://registry.npmjs.org/@algolia%2fclient-query-suggestions 309ms (cache miss)
1572 silly packumentCache full:https://registry.npmjs.org/@algolia%2fclient-query-suggestions set size:undefined disposed:false
1573 silly fetch manifest hosted-git-info@^9.0.0
1574 silly packumentCache full:https://registry.npmjs.org/hosted-git-info cache-miss
1575 http fetch GET 200 https://registry.npmjs.org/@algolia%2fclient-abtesting 984ms (cache miss)
1576 silly packumentCache full:https://registry.npmjs.org/@algolia%2fclient-abtesting set size:undefined disposed:false
1577 silly fetch manifest validate-npm-package-name@^6.0.0
1578 silly packumentCache full:https://registry.npmjs.org/validate-npm-package-name cache-miss
1579 http fetch GET 200 https://registry.npmjs.org/proc-log 339ms (cache miss)
1580 silly packumentCache full:https://registry.npmjs.org/proc-log set size:undefined disposed:false
1581 silly fetch manifest tar@^7.4.3
1582 silly packumentCache full:https://registry.npmjs.org/tar cache-miss
1583 http fetch GET 200 https://registry.npmjs.org/hosted-git-info 125ms (cache miss)
1584 silly packumentCache full:https://registry.npmjs.org/hosted-git-info set size:undefined disposed:false
1585 silly fetch manifest ssri@^13.0.0
1586 silly packumentCache full:https://registry.npmjs.org/ssri cache-miss
1587 http fetch GET 200 https://registry.npmjs.org/tar 221ms (cache miss)
1588 silly packumentCache full:https://registry.npmjs.org/tar set size:undefined disposed:false
1589 silly fetch manifest cacache@^20.0.0
1590 silly packumentCache full:https://registry.npmjs.org/cacache cache-miss
1591 http cache https://registry.npmjs.org/cacache 3ms (cache hit)
1592 silly packumentCache full:https://registry.npmjs.org/cacache set size:388721 disposed:false
1593 silly fetch manifest minipass@^7.0.2
1594 silly packumentCache full:https://registry.npmjs.org/minipass cache-miss
1595 http fetch GET 200 https://registry.npmjs.org/validate-npm-package-name 268ms (cache miss)
1596 silly packumentCache full:https://registry.npmjs.org/validate-npm-package-name set size:undefined disposed:false
1597 silly fetch manifest proc-log@^6.0.0
1598 silly packumentCache full:https://registry.npmjs.org/proc-log cache-miss
1599 http cache https://registry.npmjs.org/proc-log 1ms (cache hit)
1600 silly packumentCache full:https://registry.npmjs.org/proc-log set size:35852 disposed:false
1601 silly fetch manifest sigstore@^4.0.0
1602 silly packumentCache full:https://registry.npmjs.org/sigstore cache-miss
1603 http fetch GET 200 https://registry.npmjs.org/ssri 180ms (cache miss)
1604 silly packumentCache full:https://registry.npmjs.org/ssri set size:undefined disposed:false
1605 silly fetch manifest @npmcli/git@^7.0.0
1606 silly packumentCache full:https://registry.npmjs.org/@npmcli%2fgit cache-miss
1607 http fetch GET 200 https://registry.npmjs.org/minipass 191ms (cache miss)
1608 silly packumentCache full:https://registry.npmjs.org/minipass set size:undefined disposed:false
1609 silly fetch manifest fs-minipass@^3.0.0
1610 silly packumentCache full:https://registry.npmjs.org/fs-minipass cache-miss
1611 http cache https://registry.npmjs.org/fs-minipass 2ms (cache hit)
1612 silly packumentCache full:https://registry.npmjs.org/fs-minipass set size:44606 disposed:false
1613 silly fetch manifest npm-packlist@^10.0.1
1614 silly packumentCache full:https://registry.npmjs.org/npm-packlist cache-miss
1615 http fetch GET 200 https://registry.npmjs.org/@algolia%2fclient-personalization 1052ms (cache miss)
1616 silly packumentCache full:https://registry.npmjs.org/@algolia%2fclient-personalization set size:undefined disposed:false
1617 silly fetch manifest promise-retry@^2.0.1
1618 silly packumentCache full:https://registry.npmjs.org/promise-retry cache-miss
1619 http fetch GET 200 https://registry.npmjs.org/sigstore 258ms (cache miss)
1620 silly packumentCache full:https://registry.npmjs.org/sigstore set size:undefined disposed:false
1621 silly fetch manifest npm-pick-manifest@^11.0.1
1622 silly packumentCache full:https://registry.npmjs.org/npm-pick-manifest cache-miss
1623 http fetch GET 200 https://registry.npmjs.org/@npmcli%2fgit 246ms (cache miss)
1624 silly packumentCache full:https://registry.npmjs.org/@npmcli%2fgit set size:undefined disposed:false
1625 silly fetch manifest @npmcli/run-script@^10.0.0
1626 silly packumentCache full:https://registry.npmjs.org/@npmcli%2frun-script cache-miss
1627 http fetch GET 200 https://registry.npmjs.org/promise-retry 192ms (cache miss)
1628 silly packumentCache full:https://registry.npmjs.org/promise-retry set size:undefined disposed:false
1629 silly fetch manifest npm-registry-fetch@^19.0.0
1630 silly packumentCache full:https://registry.npmjs.org/npm-registry-fetch cache-miss
1631 http fetch GET 200 https://registry.npmjs.org/@npmcli%2frun-script 195ms (cache miss)
1632 silly packumentCache full:https://registry.npmjs.org/@npmcli%2frun-script set size:undefined disposed:false
1633 silly fetch manifest @npmcli/package-json@^7.0.0
1634 silly packumentCache full:https://registry.npmjs.org/@npmcli%2fpackage-json cache-miss
1635 http fetch GET 200 https://registry.npmjs.org/npm-pick-manifest 325ms (cache miss)
1636 silly packumentCache full:https://registry.npmjs.org/npm-pick-manifest set size:undefined disposed:false
1637 silly fetch manifest @npmcli/promise-spawn@^9.0.0
1638 silly packumentCache full:https://registry.npmjs.org/@npmcli%2fpromise-spawn cache-miss
1639 http cache https://registry.npmjs.org/@npmcli%2fpromise-spawn 4ms (cache hit)
1640 silly packumentCache full:https://registry.npmjs.org/@npmcli%2fpromise-spawn set size:70616 disposed:false
1641 silly fetch manifest @npmcli/installed-package-contents@^4.0.0
1642 silly packumentCache full:https://registry.npmjs.org/@npmcli%2finstalled-package-contents cache-miss
1643 http fetch GET 200 https://registry.npmjs.org/@npmcli%2fpackage-json 172ms (cache miss)
1644 silly packumentCache full:https://registry.npmjs.org/@npmcli%2fpackage-json set size:undefined disposed:false
1645 silly fetch manifest path-parse@^1.0.7
1646 silly packumentCache full:https://registry.npmjs.org/path-parse cache-miss
1647 http fetch GET 200 https://registry.npmjs.org/npm-packlist 503ms (cache miss)
1648 silly packumentCache full:https://registry.npmjs.org/npm-packlist set size:undefined disposed:false
1649 silly fetch manifest is-core-module@^2.16.0
1650 silly packumentCache full:https://registry.npmjs.org/is-core-module cache-miss
1651 http fetch GET 200 https://registry.npmjs.org/npm-registry-fetch 294ms (cache miss)
1652 silly packumentCache full:https://registry.npmjs.org/npm-registry-fetch set size:undefined disposed:false
1653 silly fetch manifest supports-preserve-symlinks-flag@^1.0.0
1654 silly packumentCache full:https://registry.npmjs.org/supports-preserve-symlinks-flag cache-miss
1655 http cache https://registry.npmjs.org/supports-preserve-symlinks-flag 2ms (cache hit)
1656 silly packumentCache full:https://registry.npmjs.org/supports-preserve-symlinks-flag set size:6802 disposed:false
1657 silly fetch manifest y18n@^5.0.5
1658 silly packumentCache full:https://registry.npmjs.org/y18n cache-miss
1659 http fetch GET 200 https://registry.npmjs.org/path-parse 133ms (cache miss)
1660 silly packumentCache full:https://registry.npmjs.org/path-parse set size:undefined disposed:false
1661 silly fetch manifest cliui@^9.0.1
1662 silly packumentCache full:https://registry.npmjs.org/cliui cache-miss
1663 http fetch GET 200 https://registry.npmjs.org/@npmcli%2finstalled-package-contents 221ms (cache miss)
1664 silly packumentCache full:https://registry.npmjs.org/@npmcli%2finstalled-package-contents set size:undefined disposed:false
1665 silly fetch manifest escalade@^3.1.1
1666 silly packumentCache full:https://registry.npmjs.org/escalade cache-miss
1667 http fetch GET 200 https://registry.npmjs.org/is-core-module 194ms (cache miss)
1668 silly packumentCache full:https://registry.npmjs.org/is-core-module set size:undefined disposed:false
1669 silly fetch manifest string-width@^7.2.0
1670 silly packumentCache full:https://registry.npmjs.org/string-width cache-miss
1671 http fetch GET 200 https://registry.npmjs.org/cliui 135ms (cache miss)
1672 silly packumentCache full:https://registry.npmjs.org/cliui set size:undefined disposed:false
1673 silly fetch manifest yargs-parser@^22.0.0
1674 silly packumentCache full:https://registry.npmjs.org/yargs-parser cache-miss
1675 http fetch GET 200 https://registry.npmjs.org/y18n 178ms (cache miss)
1676 silly packumentCache full:https://registry.npmjs.org/y18n set size:undefined disposed:false
1677 silly fetch manifest get-caller-file@^2.0.5
1678 silly packumentCache full:https://registry.npmjs.org/get-caller-file cache-miss
1679 http fetch GET 200 https://registry.npmjs.org/string-width 131ms (cache miss)
1680 silly packumentCache full:https://registry.npmjs.org/string-width set size:undefined disposed:false
1681 http fetch GET 200 https://registry.npmjs.org/yargs-parser 119ms (cache miss)
1682 silly packumentCache full:https://registry.npmjs.org/yargs-parser set size:undefined disposed:false
1683 http fetch GET 200 https://registry.npmjs.org/get-caller-file 121ms (cache miss)
1684 silly packumentCache full:https://registry.npmjs.org/get-caller-file set size:undefined disposed:false
1685 http fetch GET 200 https://registry.npmjs.org/escalade 834ms (cache miss)
1686 silly packumentCache full:https://registry.npmjs.org/escalade set size:undefined disposed:false
1687 http fetch GET 200 https://registry.npmjs.org/@algolia%2fclient-search 5668ms (cache miss)
1688 silly packumentCache full:https://registry.npmjs.org/@algolia%2fclient-search set size:undefined disposed:false
1689 http fetch GET 200 https://registry.npmjs.org/@algolia%2fclient-analytics 7972ms (cache miss)
1690 silly packumentCache full:https://registry.npmjs.org/@algolia%2fclient-analytics set size:976265 disposed:false
1691 http fetch GET 200 https://registry.npmjs.org/@algolia%2fabtesting 9625ms (cache miss)
1692 silly packumentCache full:https://registry.npmjs.org/@algolia%2fabtesting set size:undefined disposed:false
1693 silly placeDep ROOT ora@8.2.0 OK for: @angular-devkit/schematics@20.3.28 want: 8.2.0
1694 silly fetch manifest chalk@^5.3.0
1695 silly packumentCache full:https://registry.npmjs.org/chalk cache-miss
1696 silly fetch manifest cli-cursor@^5.0.0
1697 silly packumentCache full:https://registry.npmjs.org/cli-cursor cache-miss
1698 silly fetch manifest strip-ansi@^7.1.0
1699 silly packumentCache full:https://registry.npmjs.org/strip-ansi cache-miss
1700 silly fetch manifest log-symbols@^6.0.0
1701 silly packumentCache full:https://registry.npmjs.org/log-symbols cache-miss
1702 silly fetch manifest cli-spinners@^2.9.2
1703 silly packumentCache full:https://registry.npmjs.org/cli-spinners cache-miss
1704 silly fetch manifest is-interactive@^2.0.0
1705 silly packumentCache full:https://registry.npmjs.org/is-interactive cache-miss
1706 silly fetch manifest stdin-discarder@^0.2.2
1707 silly packumentCache full:https://registry.npmjs.org/stdin-discarder cache-miss
1708 http cache https://registry.npmjs.org/chalk 11ms (cache hit)
1709 silly packumentCache full:https://registry.npmjs.org/chalk set size:117861 disposed:false
1710 silly fetch manifest is-unicode-supported@^2.0.0
1711 silly packumentCache full:https://registry.npmjs.org/is-unicode-supported cache-miss
1712 http fetch GET 200 https://registry.npmjs.org/cli-cursor 304ms (cache miss)
1713 silly packumentCache full:https://registry.npmjs.org/cli-cursor set size:undefined disposed:false
1714 http fetch GET 200 https://registry.npmjs.org/stdin-discarder 303ms (cache miss)
1715 silly packumentCache full:https://registry.npmjs.org/stdin-discarder set size:undefined disposed:false
1716 http fetch GET 200 https://registry.npmjs.org/is-unicode-supported 292ms (cache miss)
1717 silly packumentCache full:https://registry.npmjs.org/is-unicode-supported set size:undefined disposed:false
1718 http fetch GET 200 https://registry.npmjs.org/strip-ansi 307ms (cache miss)
1719 silly packumentCache full:https://registry.npmjs.org/strip-ansi set size:undefined disposed:false
1720 http fetch GET 200 https://registry.npmjs.org/cli-spinners 318ms (cache miss)
1721 silly packumentCache full:https://registry.npmjs.org/cli-spinners set size:undefined disposed:false
1722 http fetch GET 200 https://registry.npmjs.org/log-symbols 320ms (cache miss)
1723 silly packumentCache full:https://registry.npmjs.org/log-symbols set size:undefined disposed:false
1724 http fetch GET 200 https://registry.npmjs.org/is-interactive 398ms (cache miss)
1725 silly packumentCache full:https://registry.npmjs.org/is-interactive set size:undefined disposed:false
1726 silly placeDep ROOT @jridgewell/sourcemap-codec@1.5.5 OK for: @angular/compiler-cli@20.3.25 want: ^1.4.14
1727 silly placeDep ROOT chokidar@4.0.3 OK for: @angular/compiler-cli@20.3.25 want: ^4.0.0
1728 silly placeDep ROOT convert-source-map@1.9.0 OK for: @angular/compiler-cli@20.3.25 want: ^1.5.1
1729 silly placeDep ROOT reflect-metadata@0.2.2 OK for: @angular/compiler-cli@20.3.25 want: ^0.2.0
1730 silly fetch manifest readdirp@^4.0.1
1731 silly packumentCache full:https://registry.npmjs.org/readdirp cache-miss
1732 http fetch GET 200 https://registry.npmjs.org/readdirp 283ms (cache miss)
1733 silly packumentCache full:https://registry.npmjs.org/readdirp set size:undefined disposed:false
1734 silly fetch manifest @babel/core@^7.0.0
1735 silly packumentCache full:https://registry.npmjs.org/@babel%2fcore cache-miss
1736 http cache https://registry.npmjs.org/@babel%2fcore 6ms (cache hit)
1737 silly packumentCache full:https://registry.npmjs.org/@babel%2fcore set size:779631 disposed:false
1738 silly placeDep ROOT @babel/code-frame@7.29.7 OK for: @babel/core@7.28.3 want: ^7.27.1
1739 silly placeDep ROOT @babel/generator@7.29.7 OK for: @babel/core@7.28.3 want: ^7.28.3
1740 silly placeDep ROOT @babel/helper-compilation-targets@7.29.7 OK for: @babel/core@7.28.3 want: ^7.27.2
1741 silly placeDep ROOT @babel/helper-module-transforms@7.29.7 OK for: @babel/core@7.28.3 want: ^7.28.3
1742 silly placeDep ROOT @babel/helpers@7.29.7 OK for: @babel/core@7.28.3 want: ^7.28.3
1743 silly placeDep ROOT @babel/parser@7.29.7 OK for: @babel/core@7.28.3 want: ^7.28.3
1744 silly placeDep ROOT @babel/template@7.29.7 OK for: @babel/core@7.28.3 want: ^7.27.2
1745 silly placeDep ROOT @babel/traverse@7.29.7 OK for: @babel/core@7.28.3 want: ^7.28.3
1746 silly placeDep ROOT @babel/types@7.29.7 OK for: @babel/core@7.28.3 want: ^7.28.2
1747 silly placeDep node_modules/@babel/core convert-source-map@2.0.0 OK for: @babel/core@7.28.3 want: ^2.0.0
1748 silly placeDep ROOT debug@4.4.3 OK for: @babel/core@7.28.3 want: ^4.1.0
1749 silly placeDep ROOT gensync@1.0.0-beta.2 OK for: @babel/core@7.28.3 want: ^1.0.0-beta.2
1750 silly placeDep ROOT json5@2.2.3 OK for: @babel/core@7.28.3 want: ^2.2.3
1751 silly placeDep node_modules/@babel/core semver@6.3.1 OK for: @babel/core@7.28.3 want: ^6.3.1
1752 silly fetch manifest @babel/helper-validator-identifier@^7.29.7
1753 silly packumentCache full:https://registry.npmjs.org/@babel%2fhelper-validator-identifier cache-miss
1754 silly fetch manifest js-tokens@^4.0.0
1755 silly packumentCache full:https://registry.npmjs.org/js-tokens cache-miss
1756 silly fetch manifest @babel/parser@^7.29.7
1757 silly packumentCache full:https://registry.npmjs.org/@babel%2fparser cache-hit
1758 silly fetch manifest @babel/types@^7.29.7
1759 silly packumentCache full:https://registry.npmjs.org/@babel%2ftypes cache-miss
1760 silly fetch manifest jsesc@^3.0.2
1761 silly packumentCache full:https://registry.npmjs.org/jsesc cache-miss
1762 silly fetch manifest @babel/compat-data@^7.29.7
1763 silly packumentCache full:https://registry.npmjs.org/@babel%2fcompat-data cache-miss
1764 silly fetch manifest @babel/helper-validator-option@^7.29.7
1765 silly packumentCache full:https://registry.npmjs.org/@babel%2fhelper-validator-option cache-miss
1766 silly fetch manifest lru-cache@^5.1.1
1767 silly packumentCache full:https://registry.npmjs.org/lru-cache cache-miss
1768 http cache https://registry.npmjs.org/@babel%2ftypes 11ms (cache hit)
1769 silly packumentCache full:https://registry.npmjs.org/@babel%2ftypes set size:496342 disposed:false
1770 silly fetch manifest @babel/helper-module-imports@^7.29.7
1771 silly packumentCache full:https://registry.npmjs.org/@babel%2fhelper-module-imports cache-miss
1772 http fetch GET 200 https://registry.npmjs.org/js-tokens 387ms (cache miss)
1773 silly packumentCache full:https://registry.npmjs.org/js-tokens set size:undefined disposed:false
1774 silly fetch manifest @babel/helper-validator-identifier@^7.29.7
1775 silly packumentCache full:https://registry.npmjs.org/@babel%2fhelper-validator-identifier cache-miss
1776 http fetch GET 200 https://registry.npmjs.org/jsesc 390ms (cache miss)
1777 silly packumentCache full:https://registry.npmjs.org/jsesc set size:undefined disposed:false
1778 silly fetch manifest @babel/traverse@^7.29.7
1779 silly packumentCache full:https://registry.npmjs.org/@babel%2ftraverse cache-miss
1780 http cache https://registry.npmjs.org/@babel%2ftraverse 4ms (cache hit)
1781 silly packumentCache full:https://registry.npmjs.org/@babel%2ftraverse set size:557773 disposed:false
1782 silly fetch manifest @babel/template@^7.29.7
1783 silly packumentCache full:https://registry.npmjs.org/@babel%2ftemplate cache-miss
1784 http cache https://registry.npmjs.org/@babel%2ftemplate 3ms (cache hit)
1785 silly packumentCache full:https://registry.npmjs.org/@babel%2ftemplate set size:235045 disposed:false
1786 silly fetch manifest @babel/helper-globals@^7.29.7
1787 silly packumentCache full:https://registry.npmjs.org/@babel%2fhelper-globals cache-miss
1788 http fetch GET 200 https://registry.npmjs.org/@babel%2fhelper-validator-option 457ms (cache miss)
1789 silly packumentCache full:https://registry.npmjs.org/@babel%2fhelper-validator-option set size:undefined disposed:false
1790 silly fetch manifest debug@^4.3.1
1791 silly packumentCache full:https://registry.npmjs.org/debug cache-hit
1792 silly fetch manifest @babel/helper-string-parser@^7.29.7
1793 silly packumentCache full:https://registry.npmjs.org/@babel%2fhelper-string-parser cache-miss
1794 http fetch GET 200 https://registry.npmjs.org/@babel%2fhelper-validator-identifier 464ms (cache miss)
1795 silly packumentCache full:https://registry.npmjs.org/@babel%2fhelper-validator-identifier set size:undefined disposed:false
1796 silly fetch manifest ms@^2.1.3
1797 silly packumentCache full:https://registry.npmjs.org/ms cache-miss
1798 http fetch GET 200 https://registry.npmjs.org/@babel%2fhelper-module-imports 488ms (cache miss)
1799 silly packumentCache full:https://registry.npmjs.org/@babel%2fhelper-module-imports set size:undefined disposed:false
1800 http fetch GET 200 https://registry.npmjs.org/lru-cache 564ms (cache miss)
1801 silly packumentCache full:https://registry.npmjs.org/lru-cache set size:undefined disposed:false
1802 http fetch GET 200 https://registry.npmjs.org/ms 300ms (cache miss)
1803 silly packumentCache full:https://registry.npmjs.org/ms set size:undefined disposed:false
1804 http fetch GET 200 https://registry.npmjs.org/@babel%2fhelper-validator-identifier 410ms (cache miss)
1805 silly packumentCache full:https://registry.npmjs.org/@babel%2fhelper-validator-identifier set size:undefined disposed:false
1806 http fetch GET 200 https://registry.npmjs.org/@babel%2fhelper-string-parser 383ms (cache miss)
1807 silly packumentCache full:https://registry.npmjs.org/@babel%2fhelper-string-parser set size:undefined disposed:false
1808 http fetch GET 200 https://registry.npmjs.org/@babel%2fhelper-globals 442ms (cache miss)
1809 silly packumentCache full:https://registry.npmjs.org/@babel%2fhelper-globals set size:undefined disposed:false
1810 http fetch GET 200 https://registry.npmjs.org/@babel%2fcompat-data 2597ms (cache miss)
1811 silly packumentCache full:https://registry.npmjs.org/@babel%2fcompat-data set size:undefined disposed:false
1812 silly placeDep ROOT @babel/helper-validator-identifier@7.29.7 OK for: @babel/code-frame@7.29.7 want: ^7.29.7
1813 silly placeDep ROOT js-tokens@4.0.0 OK for: @babel/code-frame@7.29.7 want: ^4.0.0
1814 silly placeDep ROOT picocolors@1.1.1 OK for: @babel/code-frame@7.29.7 want: ^1.1.1
1815 silly placeDep ROOT jsesc@3.1.0 OK for: @babel/generator@7.29.7 want: ^3.0.2
1816 silly placeDep ROOT @babel/compat-data@7.29.7 OK for: @babel/helper-compilation-targets@7.29.7 want: ^7.29.7
1817 silly placeDep ROOT @babel/helper-validator-option@7.29.7 OK for: @babel/helper-compilation-targets@7.29.7 want: ^7.29.7
1818 silly placeDep ROOT lru-cache@5.1.1 OK for: @babel/helper-compilation-targets@7.29.7 want: ^5.1.1
1819 silly placeDep node_modules/@babel/helper-compilation-targets semver@6.3.1 OK for: @babel/helper-compilation-targets@7.29.7 want: ^6.3.1
1820 silly fetch manifest yallist@^3.0.2
1821 silly packumentCache full:https://registry.npmjs.org/yallist cache-miss
1822 http fetch GET 200 https://registry.npmjs.org/yallist 351ms (cache miss)
1823 silly packumentCache full:https://registry.npmjs.org/yallist set size:undefined disposed:false
1824 silly placeDep ROOT @babel/helper-module-imports@7.29.7 OK for: @babel/helper-module-transforms@7.29.7 want: ^7.29.7
1825 silly placeDep ROOT @babel/helper-globals@7.29.7 OK for: @babel/traverse@7.29.7 want: ^7.29.7
1826 silly placeDep ROOT @babel/helper-string-parser@7.29.7 OK for: @babel/types@7.29.7 want: ^7.29.7
1827 silly placeDep ROOT @commitlint/format@21.0.1 OK for: @commitlint/cli@21.0.2 want: ^21.0.1
1828 silly placeDep ROOT @commitlint/lint@21.0.2 OK for: @commitlint/cli@21.0.2 want: ^21.0.2
1829 silly placeDep ROOT @commitlint/load@21.0.2 OK for: @commitlint/cli@21.0.2 want: ^21.0.2
1830 silly placeDep ROOT @commitlint/read@21.0.2 OK for: @commitlint/cli@21.0.2 want: ^21.0.2
1831 silly placeDep ROOT @commitlint/types@21.0.1 OK for: @commitlint/cli@21.0.2 want: ^21.0.1
1832 silly placeDep ROOT tinyexec@1.2.4 OK for: @commitlint/cli@21.0.2 want: ^1.0.0
1833 silly fetch manifest @commitlint/is-ignored@^21.0.2
1834 silly packumentCache full:https://registry.npmjs.org/@commitlint%2fis-ignored cache-miss
1835 silly fetch manifest @commitlint/parse@^21.0.2
1836 silly packumentCache full:https://registry.npmjs.org/@commitlint%2fparse cache-miss
1837 silly fetch manifest @commitlint/rules@^21.0.2
1838 silly packumentCache full:https://registry.npmjs.org/@commitlint%2frules cache-miss
1839 silly fetch manifest @commitlint/config-validator@^21.0.1
1840 silly packumentCache full:https://registry.npmjs.org/@commitlint%2fconfig-validator cache-miss
1841 silly fetch manifest @commitlint/execute-rule@^21.0.1
1842 silly packumentCache full:https://registry.npmjs.org/@commitlint%2fexecute-rule cache-miss
1843 silly fetch manifest @commitlint/resolve-extends@^21.0.1
1844 silly packumentCache full:https://registry.npmjs.org/@commitlint%2fresolve-extends cache-miss
1845 silly fetch manifest cosmiconfig@^9.0.1
1846 silly packumentCache full:https://registry.npmjs.org/cosmiconfig cache-miss
1847 http fetch GET 200 https://registry.npmjs.org/cosmiconfig 132ms (cache miss)
1848 silly packumentCache full:https://registry.npmjs.org/cosmiconfig set size:undefined disposed:false
1849 silly fetch manifest cosmiconfig-typescript-loader@^6.1.0
1850 silly packumentCache full:https://registry.npmjs.org/cosmiconfig-typescript-loader cache-miss
1851 http fetch GET 200 https://registry.npmjs.org/@commitlint%2frules 172ms (cache miss)
1852 silly packumentCache full:https://registry.npmjs.org/@commitlint%2frules set size:undefined disposed:false
1853 silly fetch manifest es-toolkit@^1.46.0
1854 silly packumentCache full:https://registry.npmjs.org/es-toolkit cache-miss
1855 http fetch GET 200 https://registry.npmjs.org/@commitlint%2fconfig-validator 204ms (cache miss)
1856 silly packumentCache full:https://registry.npmjs.org/@commitlint%2fconfig-validator set size:undefined disposed:false
1857 silly fetch manifest is-plain-obj@^4.1.0
1858 silly packumentCache full:https://registry.npmjs.org/is-plain-obj cache-miss
1859 http fetch GET 200 https://registry.npmjs.org/@commitlint%2fis-ignored 463ms (cache miss)
1860 silly packumentCache full:https://registry.npmjs.org/@commitlint%2fis-ignored set size:undefined disposed:false
1861 silly fetch manifest @commitlint/top-level@^21.0.2
1862 silly packumentCache full:https://registry.npmjs.org/@commitlint%2ftop-level cache-miss
1863 http fetch GET 200 https://registry.npmjs.org/@commitlint%2fparse 668ms (cache miss)
1864 silly packumentCache full:https://registry.npmjs.org/@commitlint%2fparse set size:undefined disposed:false
1865 silly fetch manifest git-raw-commits@^5.0.0
1866 silly packumentCache full:https://registry.npmjs.org/git-raw-commits cache-miss
1867 http fetch GET 200 https://registry.npmjs.org/es-toolkit 635ms (cache miss)
1868 silly packumentCache full:https://registry.npmjs.org/es-toolkit set size:undefined disposed:false
1869 silly fetch manifest conventional-commits-parser@^6.3.0
1870 silly packumentCache full:https://registry.npmjs.org/conventional-commits-parser cache-miss
1871 http fetch GET 200 https://registry.npmjs.org/is-plain-obj 687ms (cache miss)
1872 silly packumentCache full:https://registry.npmjs.org/is-plain-obj set size:undefined disposed:false
1873 http fetch GET 200 https://registry.npmjs.org/@commitlint%2fresolve-extends 1208ms (cache miss)
1874 silly packumentCache full:https://registry.npmjs.org/@commitlint%2fresolve-extends set size:undefined disposed:false
1875 http fetch GET 200 https://registry.npmjs.org/cosmiconfig-typescript-loader 1142ms (cache miss)
1876 silly packumentCache full:https://registry.npmjs.org/cosmiconfig-typescript-loader set size:undefined disposed:false
1877 http fetch GET 200 https://registry.npmjs.org/conventional-commits-parser 438ms (cache miss)
1878 silly packumentCache full:https://registry.npmjs.org/conventional-commits-parser set size:undefined disposed:false
1879 http fetch GET 200 https://registry.npmjs.org/git-raw-commits 934ms (cache miss)
1880 silly packumentCache full:https://registry.npmjs.org/git-raw-commits set size:undefined disposed:false
1881 http fetch GET 200 https://registry.npmjs.org/@commitlint%2ftop-level 5470ms (cache miss)
1882 silly packumentCache full:https://registry.npmjs.org/@commitlint%2ftop-level set size:148178 disposed:false
1883 http fetch GET 200 https://registry.npmjs.org/@commitlint%2fexecute-rule 7058ms (cache miss)
1884 silly packumentCache full:https://registry.npmjs.org/@commitlint%2fexecute-rule set size:undefined disposed:false
1885 silly placeDep ROOT conventional-changelog-conventionalcommits@9.3.1 OK for: @commitlint/config-conventional@21.0.2 want: ^9.2.0
1886 silly fetch manifest compare-func@^2.0.0
1887 silly packumentCache full:https://registry.npmjs.org/compare-func cache-miss
1888 http cache https://registry.npmjs.org/compare-func 3ms (cache hit)
1889 silly packumentCache full:https://registry.npmjs.org/compare-func set size:26786 disposed:false
1890 silly placeDep ROOT @commitlint/is-ignored@21.0.2 OK for: @commitlint/lint@21.0.2 want: ^21.0.2
1891 silly placeDep ROOT @commitlint/parse@21.0.2 OK for: @commitlint/lint@21.0.2 want: ^21.0.2
1892 silly placeDep ROOT @commitlint/rules@21.0.2 OK for: @commitlint/lint@21.0.2 want: ^21.0.2
1893 silly fetch manifest conventional-changelog-angular@^8.2.0
1894 silly packumentCache full:https://registry.npmjs.org/conventional-changelog-angular cache-miss
1895 silly fetch manifest @commitlint/ensure@^21.0.1
1896 silly packumentCache full:https://registry.npmjs.org/@commitlint%2fensure cache-miss
1897 silly fetch manifest @commitlint/message@^21.0.2
1898 silly packumentCache full:https://registry.npmjs.org/@commitlint%2fmessage cache-miss
1899 silly fetch manifest @commitlint/to-lines@^21.0.1
1900 silly packumentCache full:https://registry.npmjs.org/@commitlint%2fto-lines cache-miss
1901 http cache https://registry.npmjs.org/@commitlint%2fmessage 4ms (cache hit)
1902 silly packumentCache full:https://registry.npmjs.org/@commitlint%2fmessage set size:157781 disposed:false
1903 http cache https://registry.npmjs.org/conventional-changelog-angular 7ms (cache hit)
1904 silly packumentCache full:https://registry.npmjs.org/conventional-changelog-angular set size:125934 disposed:false
1905 http cache https://registry.npmjs.org/@commitlint%2fto-lines 8ms (cache hit)
1906 silly packumentCache full:https://registry.npmjs.org/@commitlint%2fto-lines set size:143217 disposed:false
1907 http cache https://registry.npmjs.org/@commitlint%2fensure 11ms (cache hit)
1908 silly packumentCache full:https://registry.npmjs.org/@commitlint%2fensure set size:197630 disposed:false
1909 silly fetch manifest typescript@>=4.9.5
1910 silly packumentCache full:https://registry.npmjs.org/typescript cache-miss
1911 http cache https://registry.npmjs.org/typescript 26ms (cache hit)
1912 silly packumentCache full:https://registry.npmjs.org/typescript set size:15409943 disposed:false
1913 silly fetch manifest @types/node@*
1914 silly packumentCache full:https://registry.npmjs.org/@types%2fnode cache-miss
1915 http cache https://registry.npmjs.org/@types%2fnode 15ms (cache hit)
1916 silly packumentCache full:https://registry.npmjs.org/@types%2fnode set size:11047915 disposed:false
1917 silly placeDep ROOT @commitlint/config-validator@21.0.1 OK for: @commitlint/load@21.0.2 want: ^21.0.1
1918 silly placeDep ROOT @commitlint/execute-rule@21.0.1 OK for: @commitlint/load@21.0.2 want: ^21.0.1
1919 silly placeDep ROOT @commitlint/resolve-extends@21.0.1 OK for: @commitlint/load@21.0.2 want: ^21.0.1
1920 silly placeDep ROOT cosmiconfig@9.0.2 OK for: @commitlint/load@21.0.2 want: ^9.0.1
1921 silly placeDep ROOT cosmiconfig-typescript-loader@6.3.0 OK for: @commitlint/load@21.0.2 want: ^6.1.0
1922 silly placeDep ROOT @types/node@25.9.3 OK for: cosmiconfig-typescript-loader@6.3.0 want: *
1923 silly placeDep ROOT es-toolkit@1.47.1 OK for: @commitlint/load@21.0.2 want: ^1.46.0
1924 silly placeDep ROOT is-plain-obj@4.1.0 OK for: @commitlint/load@21.0.2 want: ^4.1.0
1925 silly fetch manifest global-directory@^5.0.0
1926 silly packumentCache full:https://registry.npmjs.org/global-directory cache-miss
1927 silly fetch manifest resolve-from@^5.0.0
1928 silly packumentCache full:https://registry.npmjs.org/resolve-from cache-miss
1929 silly fetch manifest js-yaml@^4.1.0
1930 silly packumentCache full:https://registry.npmjs.org/js-yaml cache-miss
1931 silly fetch manifest env-paths@^2.2.1
1932 silly packumentCache full:https://registry.npmjs.org/env-paths cache-miss
1933 silly fetch manifest parse-json@^5.2.0
1934 silly packumentCache full:https://registry.npmjs.org/parse-json cache-miss
1935 silly fetch manifest import-fresh@^3.3.0
1936 silly packumentCache full:https://registry.npmjs.org/import-fresh cache-miss
1937 silly fetch manifest jiti@2.6.1
1938 silly packumentCache full:https://registry.npmjs.org/jiti cache-hit
1939 silly fetch manifest undici-types@>=7.24.0 <7.24.7
1940 silly packumentCache full:https://registry.npmjs.org/undici-types cache-miss
1941 http cache https://registry.npmjs.org/import-fresh 4ms (cache hit)
1942 silly packumentCache full:https://registry.npmjs.org/import-fresh set size:24604 disposed:false
1943 http cache https://registry.npmjs.org/js-yaml 10ms (cache hit)
1944 silly packumentCache full:https://registry.npmjs.org/js-yaml set size:152841 disposed:false
1945 http cache https://registry.npmjs.org/resolve-from 12ms (cache hit)
1946 silly packumentCache full:https://registry.npmjs.org/resolve-from set size:12911 disposed:false
1947 http cache https://registry.npmjs.org/parse-json 12ms (cache hit)
1948 silly packumentCache full:https://registry.npmjs.org/parse-json set size:48198 disposed:false
1949 http cache https://registry.npmjs.org/env-paths 12ms (cache hit)
1950 silly packumentCache full:https://registry.npmjs.org/env-paths set size:26913 disposed:false
1951 http cache https://registry.npmjs.org/undici-types 12ms (cache hit)
1952 silly packumentCache full:https://registry.npmjs.org/undici-types set size:229187 disposed:false
1953 http cache https://registry.npmjs.org/global-directory 15ms (cache hit)
1954 silly packumentCache full:https://registry.npmjs.org/global-directory set size:8560 disposed:false
1955 silly placeDep ROOT conventional-changelog-angular@8.3.1 OK for: @commitlint/parse@21.0.2 want: ^8.2.0
1956 silly placeDep ROOT conventional-commits-parser@6.4.0 OK for: @commitlint/parse@21.0.2 want: ^6.3.0
1957 silly fetch manifest @simple-libs/stream-utils@^1.2.0
1958 silly packumentCache full:https://registry.npmjs.org/@simple-libs%2fstream-utils cache-miss
1959 silly fetch manifest meow@^13.0.0
1960 silly packumentCache full:https://registry.npmjs.org/meow cache-miss
1961 http cache https://registry.npmjs.org/@simple-libs%2fstream-utils 1ms (cache hit)
1962 silly packumentCache full:https://registry.npmjs.org/@simple-libs%2fstream-utils set size:9692 disposed:false
1963 http cache https://registry.npmjs.org/meow 2ms (cache hit)
1964 silly packumentCache full:https://registry.npmjs.org/meow set size:128964 disposed:false
1965 silly placeDep ROOT @commitlint/top-level@21.0.2 OK for: @commitlint/read@21.0.2 want: ^21.0.2
1966 silly placeDep ROOT git-raw-commits@5.0.1 OK for: @commitlint/read@21.0.2 want: ^5.0.0
1967 silly fetch manifest escalade@^3.2.0
1968 silly packumentCache full:https://registry.npmjs.org/escalade cache-miss
1969 silly fetch manifest @conventional-changelog/git-client@^2.6.0
1970 silly packumentCache full:https://registry.npmjs.org/@conventional-changelog%2fgit-client cache-miss
1971 http cache https://registry.npmjs.org/escalade 2ms (cache hit)
1972 silly packumentCache full:https://registry.npmjs.org/escalade set size:33724 disposed:false
1973 http fetch GET 200 https://registry.npmjs.org/@conventional-changelog%2fgit-client 134ms (cache miss)
1974 silly packumentCache full:https://registry.npmjs.org/@conventional-changelog%2fgit-client set size:undefined disposed:false
1975 silly placeDep ROOT global-directory@5.0.0 OK for: @commitlint/resolve-extends@21.0.1 want: ^5.0.0
1976 silly placeDep ROOT resolve-from@5.0.0 OK for: @commitlint/resolve-extends@21.0.1 want: ^5.0.0
1977 silly fetch manifest ini@6.0.0
1978 silly packumentCache full:https://registry.npmjs.org/ini cache-miss
1979 http cache https://registry.npmjs.org/ini 2ms (cache hit)
1980 silly packumentCache full:https://registry.npmjs.org/ini set size:59180 disposed:false
1981 silly placeDep ROOT @commitlint/ensure@21.0.1 OK for: @commitlint/rules@21.0.2 want: ^21.0.1
1982 silly placeDep ROOT @commitlint/message@21.0.2 OK for: @commitlint/rules@21.0.2 want: ^21.0.2
1983 silly placeDep ROOT @commitlint/to-lines@21.0.1 OK for: @commitlint/rules@21.0.2 want: ^21.0.1
1984 silly placeDep ROOT escalade@3.2.0 OK for: @commitlint/top-level@21.0.2 want: ^3.2.0
1985 silly placeDep ROOT @inquirer/core@10.3.2 OK for: @inquirer/confirm@5.1.14 want: ^10.1.15
1986 silly placeDep ROOT @inquirer/type@3.0.10 OK for: @inquirer/confirm@5.1.14 want: ^3.0.8
1987 silly fetch manifest cli-width@^4.1.0
1988 silly packumentCache full:https://registry.npmjs.org/cli-width cache-miss
1989 silly fetch manifest wrap-ansi@^6.2.0
1990 silly packumentCache full:https://registry.npmjs.org/wrap-ansi cache-miss
1991 silly fetch manifest mute-stream@^2.0.0
1992 silly packumentCache full:https://registry.npmjs.org/mute-stream cache-miss
1993 silly fetch manifest signal-exit@^4.1.0
1994 silly packumentCache full:https://registry.npmjs.org/signal-exit cache-miss
1995 silly fetch manifest @inquirer/ansi@^1.0.2
1996 silly packumentCache full:https://registry.npmjs.org/@inquirer%2fansi cache-miss
1997 silly fetch manifest @inquirer/type@^3.0.10
1998 silly packumentCache full:https://registry.npmjs.org/@inquirer%2ftype cache-hit
1999 silly fetch manifest yoctocolors-cjs@^2.1.3
2000 silly packumentCache full:https://registry.npmjs.org/yoctocolors-cjs cache-miss
2001 silly fetch manifest @inquirer/figures@^1.0.15
2002 silly packumentCache full:https://registry.npmjs.org/@inquirer%2ffigures cache-miss
2003 http cache https://registry.npmjs.org/wrap-ansi 3ms (cache hit)
2004 silly packumentCache full:https://registry.npmjs.org/wrap-ansi set size:55299 disposed:false
2005 http fetch GET 200 https://registry.npmjs.org/yoctocolors-cjs 79ms (cache miss)
2006 silly packumentCache full:https://registry.npmjs.org/yoctocolors-cjs set size:undefined disposed:false
2007 http fetch GET 200 https://registry.npmjs.org/mute-stream 81ms (cache miss)
2008 silly packumentCache full:https://registry.npmjs.org/mute-stream set size:undefined disposed:false
2009 http fetch GET 200 https://registry.npmjs.org/@inquirer%2ffigures 88ms (cache miss)
2010 silly packumentCache full:https://registry.npmjs.org/@inquirer%2ffigures set size:undefined disposed:false
2011 http fetch GET 200 https://registry.npmjs.org/signal-exit 108ms (cache miss)
2012 silly packumentCache full:https://registry.npmjs.org/signal-exit set size:undefined disposed:false
2013 http fetch GET 200 https://registry.npmjs.org/cli-width 158ms (cache miss)
2014 silly packumentCache full:https://registry.npmjs.org/cli-width set size:undefined disposed:false
2015 http fetch GET 200 https://registry.npmjs.org/@inquirer%2fansi 188ms (cache miss)
2016 silly packumentCache full:https://registry.npmjs.org/@inquirer%2fansi set size:undefined disposed:false
2017 silly placeDep ROOT @inquirer/ansi@1.0.2 OK for: @inquirer/core@10.3.2 want: ^1.0.2
2018 silly placeDep ROOT @inquirer/figures@1.0.15 OK for: @inquirer/core@10.3.2 want: ^1.0.15
2019 silly placeDep ROOT cli-width@4.1.0 OK for: @inquirer/core@10.3.2 want: ^4.1.0
2020 silly placeDep ROOT mute-stream@2.0.0 OK for: @inquirer/core@10.3.2 want: ^2.0.0
2021 silly placeDep ROOT signal-exit@4.1.0 OK for: @inquirer/core@10.3.2 want: ^4.1.0
2022 silly placeDep ROOT wrap-ansi@6.2.0 OK for: @inquirer/core@10.3.2 want: ^6.2.0
2023 silly placeDep ROOT yoctocolors-cjs@2.1.3 OK for: @inquirer/core@10.3.2 want: ^2.1.3
2024 silly fetch manifest strip-ansi@^6.0.0
2025 silly packumentCache full:https://registry.npmjs.org/strip-ansi cache-miss
2026 silly fetch manifest ansi-styles@^4.0.0
2027 silly packumentCache full:https://registry.npmjs.org/ansi-styles cache-miss
2028 silly fetch manifest string-width@^4.1.0
2029 silly packumentCache full:https://registry.npmjs.org/string-width cache-miss
2030 http cache https://registry.npmjs.org/strip-ansi 2ms (cache hit)
2031 silly packumentCache full:https://registry.npmjs.org/strip-ansi set size:44998 disposed:false
2032 http cache https://registry.npmjs.org/string-width 3ms (cache hit)
2033 silly packumentCache full:https://registry.npmjs.org/string-width set size:70381 disposed:false
2034 http fetch GET 200 https://registry.npmjs.org/ansi-styles 171ms (cache miss)
2035 silly packumentCache full:https://registry.npmjs.org/ansi-styles set size:undefined disposed:false
2036 silly placeDep ROOT @inquirer/checkbox@4.3.2 OK for: @inquirer/prompts@7.8.2 want: ^4.2.1
2037 silly placeDep ROOT @inquirer/editor@4.2.23 OK for: @inquirer/prompts@7.8.2 want: ^4.2.17
2038 silly placeDep ROOT @inquirer/expand@4.0.23 OK for: @inquirer/prompts@7.8.2 want: ^4.0.17
2039 silly placeDep ROOT @inquirer/input@4.3.1 OK for: @inquirer/prompts@7.8.2 want: ^4.2.1
2040 silly placeDep ROOT @inquirer/number@3.0.23 OK for: @inquirer/prompts@7.8.2 want: ^3.0.17
2041 silly placeDep ROOT @inquirer/password@4.0.23 OK for: @inquirer/prompts@7.8.2 want: ^4.0.17
2042 silly placeDep ROOT @inquirer/rawlist@4.1.11 OK for: @inquirer/prompts@7.8.2 want: ^4.1.5
2043 silly placeDep ROOT @inquirer/search@3.2.2 OK for: @inquirer/prompts@7.8.2 want: ^3.1.0
2044 silly placeDep ROOT @inquirer/select@4.4.2 OK for: @inquirer/prompts@7.8.2 want: ^4.3.1
2045 silly fetch manifest @inquirer/external-editor@^1.0.3
2046 silly packumentCache full:https://registry.npmjs.org/@inquirer%2fexternal-editor cache-miss
2047 http fetch GET 200 https://registry.npmjs.org/@inquirer%2fexternal-editor 73ms (cache miss)
2048 silly packumentCache full:https://registry.npmjs.org/@inquirer%2fexternal-editor set size:undefined disposed:false
2049 silly placeDep ROOT @inquirer/external-editor@1.0.3 OK for: @inquirer/editor@4.2.23 want: ^1.0.3
2050 silly fetch manifest chardet@^2.1.1
2051 silly packumentCache full:https://registry.npmjs.org/chardet cache-miss
2052 silly fetch manifest iconv-lite@^0.7.0
2053 silly packumentCache full:https://registry.npmjs.org/iconv-lite cache-miss
2054 http fetch GET 200 https://registry.npmjs.org/iconv-lite 74ms (cache miss)
2055 silly packumentCache full:https://registry.npmjs.org/iconv-lite set size:undefined disposed:false
2056 http fetch GET 200 https://registry.npmjs.org/chardet 106ms (cache miss)
2057 silly packumentCache full:https://registry.npmjs.org/chardet set size:undefined disposed:false
2058 silly placeDep ROOT chardet@2.1.1 OK for: @inquirer/external-editor@1.0.3 want: ^2.1.1
2059 silly placeDep ROOT iconv-lite@0.7.2 OK for: @inquirer/external-editor@1.0.3 want: ^0.7.0
2060 silly fetch manifest safer-buffer@>= 2.1.2 < 3.0.0
2061 silly packumentCache full:https://registry.npmjs.org/safer-buffer cache-miss
2062 http fetch GET 200 https://registry.npmjs.org/safer-buffer 119ms (cache miss)
2063 silly packumentCache full:https://registry.npmjs.org/safer-buffer set size:undefined disposed:false
2064 silly placeDep ROOT @jridgewell/resolve-uri@3.1.2 OK for: @jridgewell/trace-mapping@0.3.31 want: ^3.1.0
2065 silly placeDep ROOT @hono/node-server@1.19.14 OK for: @modelcontextprotocol/sdk@1.26.0 want: ^1.19.9
2066 silly placeDep ROOT hono@4.12.25 OK for: @hono/node-server@1.19.14 want: ^4
2067 silly placeDep ROOT content-type@1.0.5 OK for: @modelcontextprotocol/sdk@1.26.0 want: ^1.0.5
2068 silly placeDep ROOT cors@2.8.6 OK for: @modelcontextprotocol/sdk@1.26.0 want: ^2.8.5
2069 silly placeDep ROOT cross-spawn@7.0.6 OK for: @modelcontextprotocol/sdk@1.26.0 want: ^7.0.5
2070 silly placeDep ROOT eventsource@3.0.7 OK for: @modelcontextprotocol/sdk@1.26.0 want: ^3.0.2
2071 silly placeDep ROOT eventsource-parser@3.1.0 OK for: @modelcontextprotocol/sdk@1.26.0 want: ^3.0.0
2072 silly placeDep ROOT express@5.2.1 OK for: @modelcontextprotocol/sdk@1.26.0 want: ^5.2.1
2073 silly placeDep ROOT express-rate-limit@8.5.2 OK for: @modelcontextprotocol/sdk@1.26.0 want: ^8.2.1
2074 silly placeDep ROOT jose@6.2.3 OK for: @modelcontextprotocol/sdk@1.26.0 want: ^6.1.3
2075 silly placeDep ROOT json-schema-typed@8.0.2 OK for: @modelcontextprotocol/sdk@1.26.0 want: ^8.0.2
2076 silly placeDep ROOT pkce-challenge@5.0.1 OK for: @modelcontextprotocol/sdk@1.26.0 want: ^5.0.0
2077 silly placeDep ROOT raw-body@3.0.2 OK for: @modelcontextprotocol/sdk@1.26.0 want: ^3.0.0
2078 silly placeDep ROOT zod-to-json-schema@3.25.2 OK for: @modelcontextprotocol/sdk@1.26.0 want: ^3.25.1
2079 silly fetch manifest object-assign@^4
2080 silly packumentCache full:https://registry.npmjs.org/object-assign cache-miss
2081 silly fetch manifest vary@^1
2082 silly packumentCache full:https://registry.npmjs.org/vary cache-miss
2083 silly fetch manifest which@^2.0.1
2084 silly packumentCache full:https://registry.npmjs.org/which cache-miss
2085 silly fetch manifest path-key@^3.1.0
2086 silly packumentCache full:https://registry.npmjs.org/path-key cache-miss
2087 silly fetch manifest shebang-command@^2.0.0
2088 silly packumentCache full:https://registry.npmjs.org/shebang-command cache-miss
2089 silly fetch manifest eventsource-parser@^3.0.1
2090 silly packumentCache full:https://registry.npmjs.org/eventsource-parser cache-miss
2091 silly fetch manifest qs@^6.14.0
2092 silly packumentCache full:https://registry.npmjs.org/qs cache-miss
2093 http cache https://registry.npmjs.org/which 6ms (cache hit)
2094 silly packumentCache full:https://registry.npmjs.org/which set size:70143 disposed:false
2095 silly fetch manifest depd@^2.0.0
2096 silly packumentCache full:https://registry.npmjs.org/depd cache-miss
2097 http cache https://registry.npmjs.org/eventsource-parser 9ms (cache hit)
2098 silly packumentCache full:https://registry.npmjs.org/eventsource-parser set size:78018 disposed:false
2099 silly fetch manifest etag@^1.8.1
2100 silly packumentCache full:https://registry.npmjs.org/etag cache-miss
2101 http fetch GET 200 https://registry.npmjs.org/vary 117ms (cache miss)
2102 silly packumentCache full:https://registry.npmjs.org/vary set size:undefined disposed:false
2103 silly fetch manifest once@^1.4.0
2104 silly packumentCache full:https://registry.npmjs.org/once cache-miss
2105 http fetch GET 200 https://registry.npmjs.org/shebang-command 118ms (cache miss)
2106 silly packumentCache full:https://registry.npmjs.org/shebang-command set size:undefined disposed:false
2107 silly fetch manifest send@^1.1.0
2108 silly packumentCache full:https://registry.npmjs.org/send cache-miss
2109 http fetch GET 200 https://registry.npmjs.org/path-key 157ms (cache miss)
2110 silly packumentCache full:https://registry.npmjs.org/path-key set size:undefined disposed:false
2111 silly fetch manifest vary@^1.1.2
2112 silly packumentCache full:https://registry.npmjs.org/vary cache-miss
2113 http fetch GET 200 https://registry.npmjs.org/depd 151ms (cache miss)
2114 silly packumentCache full:https://registry.npmjs.org/depd set size:undefined disposed:false
2115 silly fetch manifest fresh@^2.0.0
2116 silly packumentCache full:https://registry.npmjs.org/fresh cache-miss
2117 http cache https://registry.npmjs.org/vary 3ms (cache hit)
2118 silly packumentCache full:https://registry.npmjs.org/vary set size:15994 disposed:false
2119 silly fetch manifest cookie@^0.7.1
2120 silly packumentCache full:https://registry.npmjs.org/cookie cache-miss
2121 http fetch GET 200 https://registry.npmjs.org/etag 170ms (cache miss)
2122 silly packumentCache full:https://registry.npmjs.org/etag set size:undefined disposed:false
2123 silly fetch manifest router@^2.2.0
2124 silly packumentCache full:https://registry.npmjs.org/router cache-miss
2125 http fetch GET 200 https://registry.npmjs.org/send 116ms (cache miss)
2126 silly packumentCache full:https://registry.npmjs.org/send set size:undefined disposed:false
2127 silly fetch manifest accepts@^2.0.0
2128 silly packumentCache full:https://registry.npmjs.org/accepts cache-miss
2129 http fetch GET 200 https://registry.npmjs.org/object-assign 254ms (cache miss)
2130 silly packumentCache full:https://registry.npmjs.org/object-assign set size:undefined disposed:false
2131 silly fetch manifest type-is@^2.0.1
2132 silly packumentCache full:https://registry.npmjs.org/type-is cache-miss
2133 http fetch GET 200 https://registry.npmjs.org/fresh 109ms (cache miss)
2134 silly packumentCache full:https://registry.npmjs.org/fresh set size:undefined disposed:false
2135 silly fetch manifest parseurl@^1.3.3
2136 silly packumentCache full:https://registry.npmjs.org/parseurl cache-miss
2137 http fetch GET 200 https://registry.npmjs.org/cookie 109ms (cache miss)
2138 silly packumentCache full:https://registry.npmjs.org/cookie set size:undefined disposed:false
2139 silly fetch manifest statuses@^2.0.1
2140 silly packumentCache full:https://registry.npmjs.org/statuses cache-miss
2141 http fetch GET 200 https://registry.npmjs.org/router 125ms (cache miss)
2142 silly packumentCache full:https://registry.npmjs.org/router set size:undefined disposed:false
2143 silly fetch manifest encodeurl@^2.0.0
2144 silly packumentCache full:https://registry.npmjs.org/encodeurl cache-miss
2145 http fetch GET 200 https://registry.npmjs.org/accepts 99ms (cache miss)
2146 silly packumentCache full:https://registry.npmjs.org/accepts set size:undefined disposed:false
2147 silly fetch manifest mime-types@^3.0.0
2148 silly packumentCache full:https://registry.npmjs.org/mime-types cache-miss
2149 http fetch GET 200 https://registry.npmjs.org/parseurl 250ms (cache miss)
2150 silly packumentCache full:https://registry.npmjs.org/parseurl set size:undefined disposed:false
2151 silly fetch manifest proxy-addr@^2.0.7
2152 silly packumentCache full:https://registry.npmjs.org/proxy-addr cache-miss
2153 http fetch GET 200 https://registry.npmjs.org/encodeurl 218ms (cache miss)
2154 silly packumentCache full:https://registry.npmjs.org/encodeurl set size:undefined disposed:false
2155 silly fetch manifest body-parser@^2.2.1
2156 silly packumentCache full:https://registry.npmjs.org/body-parser cache-miss
2157 http cache https://registry.npmjs.org/body-parser 2ms (cache hit)
2158 silly packumentCache full:https://registry.npmjs.org/body-parser set size:199299 disposed:false
2159 silly fetch manifest escape-html@^1.0.3
2160 silly packumentCache full:https://registry.npmjs.org/escape-html cache-miss
2161 http fetch GET 200 https://registry.npmjs.org/type-is 348ms (cache miss)
2162 silly packumentCache full:https://registry.npmjs.org/type-is set size:undefined disposed:false
2163 silly fetch manifest http-errors@^2.0.0
2164 silly packumentCache full:https://registry.npmjs.org/http-errors cache-miss
2165 http fetch GET 200 https://registry.npmjs.org/proxy-addr 237ms (cache miss)
2166 silly packumentCache full:https://registry.npmjs.org/proxy-addr set size:undefined disposed:false
2167 silly fetch manifest on-finished@^2.4.1
2168 silly packumentCache full:https://registry.npmjs.org/on-finished cache-miss
2169 http fetch GET 200 https://registry.npmjs.org/escape-html 248ms (cache miss)
2170 silly packumentCache full:https://registry.npmjs.org/escape-html set size:undefined disposed:false
2171 silly fetch manifest finalhandler@^2.1.0
2172 silly packumentCache full:https://registry.npmjs.org/finalhandler cache-miss
2173 http fetch GET 200 https://registry.npmjs.org/on-finished 146ms (cache miss)
2174 silly packumentCache full:https://registry.npmjs.org/on-finished set size:undefined disposed:false
2175 silly fetch manifest serve-static@^2.2.0
2176 silly packumentCache full:https://registry.npmjs.org/serve-static cache-miss
2177 http fetch GET 200 https://registry.npmjs.org/finalhandler 129ms (cache miss)
2178 silly packumentCache full:https://registry.npmjs.org/finalhandler set size:undefined disposed:false
2179 silly fetch manifest cookie-signature@^1.2.1
2180 silly packumentCache full:https://registry.npmjs.org/cookie-signature cache-miss
2181 http fetch GET 200 https://registry.npmjs.org/http-errors 327ms (cache miss)
2182 silly packumentCache full:https://registry.npmjs.org/http-errors set size:undefined disposed:false
2183 silly fetch manifest merge-descriptors@^2.0.0
2184 silly packumentCache full:https://registry.npmjs.org/merge-descriptors cache-miss
2185 http fetch GET 200 https://registry.npmjs.org/cookie-signature 107ms (cache miss)
2186 silly packumentCache full:https://registry.npmjs.org/cookie-signature set size:undefined disposed:false
2187 silly fetch manifest content-disposition@^1.0.0
2188 silly packumentCache full:https://registry.npmjs.org/content-disposition cache-miss
2189 http fetch GET 200 https://registry.npmjs.org/serve-static 184ms (cache miss)
2190 silly packumentCache full:https://registry.npmjs.org/serve-static set size:undefined disposed:false
2191 silly fetch manifest ip-address@^10.2.0
2192 silly packumentCache full:https://registry.npmjs.org/ip-address cache-miss
2193 http fetch GET 200 https://registry.npmjs.org/merge-descriptors 172ms (cache miss)
2194 silly packumentCache full:https://registry.npmjs.org/merge-descriptors set size:undefined disposed:false
2195 silly fetch manifest bytes@~3.1.2
2196 silly packumentCache full:https://registry.npmjs.org/bytes cache-miss
2197 http fetch GET 200 https://registry.npmjs.org/content-disposition 116ms (cache miss)
2198 silly packumentCache full:https://registry.npmjs.org/content-disposition set size:undefined disposed:false
2199 silly fetch manifest unpipe@~1.0.0
2200 silly packumentCache full:https://registry.npmjs.org/unpipe cache-miss
2201 http fetch GET 200 https://registry.npmjs.org/qs 1177ms (cache miss)
2202 silly packumentCache full:https://registry.npmjs.org/qs set size:undefined disposed:false
2203 silly fetch manifest http-errors@~2.0.1
2204 silly packumentCache full:https://registry.npmjs.org/http-errors cache-miss
2205 http cache https://registry.npmjs.org/http-errors 2ms (cache hit)
2206 silly packumentCache full:https://registry.npmjs.org/http-errors set size:71987 disposed:false
2207 http fetch GET 200 https://registry.npmjs.org/unpipe 105ms (cache miss)
2208 silly packumentCache full:https://registry.npmjs.org/unpipe set size:undefined disposed:false
2209 http fetch GET 200 https://registry.npmjs.org/ip-address 209ms (cache miss)
2210 silly packumentCache full:https://registry.npmjs.org/ip-address set size:undefined disposed:false
2211 http fetch GET 200 https://registry.npmjs.org/mime-types 3601ms (cache miss)
2212 silly packumentCache full:https://registry.npmjs.org/mime-types set size:undefined disposed:false
2213 http fetch GET 200 https://registry.npmjs.org/bytes 4258ms (cache miss)
2214 silly packumentCache full:https://registry.npmjs.org/bytes set size:undefined disposed:false
2215 http fetch GET 200 https://registry.npmjs.org/once 5373ms (cache miss)
2216 silly packumentCache full:https://registry.npmjs.org/once set size:11752 disposed:false
2217 http fetch GET 200 https://registry.npmjs.org/statuses 5377ms (cache miss)
2218 silly packumentCache full:https://registry.npmjs.org/statuses set size:37117 disposed:false
2219 silly placeDep ROOT undici-types@7.24.6 OK for: @types/node@25.9.3 want: >=7.24.0 <7.24.7
2220 silly placeDep ROOT fast-deep-equal@3.1.3 OK for: ajv@8.18.0 want: ^3.1.3
2221 silly placeDep ROOT fast-uri@3.1.2 OK for: ajv@8.18.0 want: ^3.0.1
2222 silly placeDep ROOT json-schema-traverse@1.0.0 OK for: ajv@8.18.0 want: ^1.0.0
2223 silly placeDep ROOT require-from-string@2.0.2 OK for: ajv@8.18.0 want: ^2.0.2
2224 silly placeDep ROOT @algolia/abtesting@1.1.0 OK for: algoliasearch@5.35.0 want: 1.1.0
2225 silly placeDep ROOT @algolia/client-abtesting@5.35.0 OK for: algoliasearch@5.35.0 want: 5.35.0
2226 silly placeDep ROOT @algolia/client-analytics@5.35.0 OK for: algoliasearch@5.35.0 want: 5.35.0
2227 silly placeDep ROOT @algolia/client-common@5.35.0 OK for: algoliasearch@5.35.0 want: 5.35.0
2228 silly placeDep ROOT @algolia/client-insights@5.35.0 OK for: algoliasearch@5.35.0 want: 5.35.0
2229 silly placeDep ROOT @algolia/client-personalization@5.35.0 OK for: algoliasearch@5.35.0 want: 5.35.0
2230 silly placeDep ROOT @algolia/client-query-suggestions@5.35.0 OK for: algoliasearch@5.35.0 want: 5.35.0
2231 silly placeDep ROOT @algolia/client-search@5.35.0 OK for: algoliasearch@5.35.0 want: 5.35.0
2232 silly placeDep ROOT @algolia/ingestion@1.35.0 OK for: algoliasearch@5.35.0 want: 1.35.0
2233 silly placeDep ROOT @algolia/monitoring@1.35.0 OK for: algoliasearch@5.35.0 want: 1.35.0
2234 silly placeDep ROOT @algolia/recommend@5.35.0 OK for: algoliasearch@5.35.0 want: 5.35.0
2235 silly placeDep ROOT @algolia/requester-browser-xhr@5.35.0 OK for: algoliasearch@5.35.0 want: 5.35.0
2236 silly placeDep ROOT @algolia/requester-fetch@5.35.0 OK for: algoliasearch@5.35.0 want: 5.35.0
2237 silly placeDep ROOT @algolia/requester-node-http@5.35.0 OK for: algoliasearch@5.35.0 want: 5.35.0
2238 silly fetch manifest chokidar@^5.0.0
2239 silly packumentCache full:https://registry.npmjs.org/chokidar cache-hit
2240 silly fetch manifest eslint@^8.57.0 || ^9.0.0
2241 silly packumentCache full:https://registry.npmjs.org/eslint cache-miss
2242 http cache https://registry.npmjs.org/eslint 11ms (cache hit)
2243 silly packumentCache full:https://registry.npmjs.org/eslint set size:2011545 disposed:false
2244 silly fetch manifest typescript@*
2245 silly packumentCache full:https://registry.npmjs.org/typescript cache-miss
2246 http cache https://registry.npmjs.org/typescript 21ms (cache hit)
2247 silly packumentCache full:https://registry.npmjs.org/typescript set size:15409943 disposed:false
2248 silly placeDep node_modules/angular-eslint @angular-devkit/core@21.2.15 OK for: angular-eslint@21.0.1 want: >= 21.0.0 < 22.0.0
2249 silly placeDep node_modules/angular-eslint chokidar@5.0.0 OK for: @angular-devkit/core@21.2.15 want: ^5.0.0
2250 silly placeDep node_modules/angular-eslint @angular-devkit/schematics@21.2.15 OK for: angular-eslint@21.0.1 want: >= 21.0.0 < 22.0.0
2251 silly placeDep ROOT @angular-eslint/builder@21.0.1 OK for: angular-eslint@21.0.1 want: 21.0.1
2252 silly placeDep ROOT @angular-eslint/eslint-plugin@21.0.1 OK for: angular-eslint@21.0.1 want: 21.0.1
2253 silly placeDep ROOT @typescript-eslint/utils@8.61.0 OK for: @angular-eslint/eslint-plugin@21.0.1 want: ^7.11.0 || ^8.0.0
2254 silly placeDep ROOT @angular-eslint/eslint-plugin-template@21.0.1 OK for: angular-eslint@21.0.1 want: 21.0.1
2255 silly placeDep ROOT @typescript-eslint/types@8.61.0 OK for: @angular-eslint/eslint-plugin-template@21.0.1 want: ^7.11.0 || ^8.0.0
2256 silly placeDep ROOT @angular-eslint/template-parser@21.0.1 OK for: @angular-eslint/eslint-plugin-template@21.0.1 want: 21.0.1
2257 silly placeDep ROOT @angular-eslint/schematics@21.0.1 OK for: angular-eslint@21.0.1 want: 21.0.1
2258 silly fetch manifest readdirp@^5.0.0
2259 silly packumentCache full:https://registry.npmjs.org/readdirp cache-miss
2260 silly fetch manifest ora@9.3.0
2261 silly packumentCache full:https://registry.npmjs.org/ora cache-hit
2262 silly fetch manifest magic-string@0.30.21
2263 silly packumentCache full:https://registry.npmjs.org/magic-string cache-miss
2264 silly fetch manifest @angular-devkit/architect@>= 0.2100.0 < 0.2200.0
2265 silly packumentCache full:https://registry.npmjs.org/@angular-devkit%2farchitect cache-miss
2266 silly fetch manifest ts-api-utils@^2.1.0
2267 silly packumentCache full:https://registry.npmjs.org/ts-api-utils cache-miss
2268 silly fetch manifest @angular-eslint/utils@21.0.1
2269 silly packumentCache full:https://registry.npmjs.org/@angular-eslint%2futils cache-miss
2270 silly fetch manifest @angular-eslint/bundled-angular-compiler@21.0.1
2271 silly packumentCache full:https://registry.npmjs.org/@angular-eslint%2fbundled-angular-compiler cache-miss
2272 silly fetch manifest @typescript-eslint/types@8.61.0
2273 silly packumentCache full:https://registry.npmjs.org/@typescript-eslint%2ftypes cache-miss
2274 http cache https://registry.npmjs.org/ts-api-utils 3ms (cache hit)
2275 silly packumentCache full:https://registry.npmjs.org/ts-api-utils set size:226785 disposed:false
2276 silly fetch manifest @eslint-community/eslint-utils@^4.9.1
2277 silly packumentCache full:https://registry.npmjs.org/@eslint-community%2feslint-utils cache-miss
2278 http cache https://registry.npmjs.org/@angular-devkit%2farchitect 7ms (cache hit)
2279 silly packumentCache full:https://registry.npmjs.org/@angular-devkit%2farchitect set size:2174822 disposed:false
2280 silly fetch manifest @typescript-eslint/scope-manager@8.61.0
2281 silly packumentCache full:https://registry.npmjs.org/@typescript-eslint%2fscope-manager cache-miss
2282 http cache https://registry.npmjs.org/@angular-eslint%2fbundled-angular-compiler 17ms (cache hit)
2283 silly packumentCache full:https://registry.npmjs.org/@angular-eslint%2fbundled-angular-compiler set size:1816018 disposed:false
2284 silly fetch manifest @typescript-eslint/typescript-estree@8.61.0
2285 silly packumentCache full:https://registry.npmjs.org/@typescript-eslint%2ftypescript-estree cache-miss
2286 http cache https://registry.npmjs.org/magic-string 23ms (cache hit)
2287 silly packumentCache full:https://registry.npmjs.org/magic-string set size:331817 disposed:false
2288 silly fetch manifest aria-query@5.3.2
2289 silly packumentCache full:https://registry.npmjs.org/aria-query cache-miss
2290 http cache https://registry.npmjs.org/readdirp 25ms (cache hit)
2291 silly packumentCache full:https://registry.npmjs.org/readdirp set size:107589 disposed:false
2292 silly fetch manifest axobject-query@4.1.0
2293 silly packumentCache full:https://registry.npmjs.org/axobject-query cache-miss
2294 http cache https://registry.npmjs.org/@typescript-eslint%2ftypes 35ms (cache hit)
2295 silly packumentCache full:https://registry.npmjs.org/@typescript-eslint%2ftypes set size:12343481 disposed:false
2296 silly fetch manifest @angular-eslint/utils@21.0.1
2297 silly packumentCache full:https://registry.npmjs.org/@angular-eslint%2futils cache-miss
2298 http cache https://registry.npmjs.org/aria-query 75ms (cache hit)
2299 silly packumentCache full:https://registry.npmjs.org/aria-query set size:98864 disposed:false
2300 silly fetch manifest eslint-scope@^9.0.0
2301 silly packumentCache full:https://registry.npmjs.org/eslint-scope cache-miss
2302 http cache https://registry.npmjs.org/axobject-query 74ms (cache hit)
2303 silly packumentCache full:https://registry.npmjs.org/axobject-query set size:75032 disposed:false
2304 silly fetch manifest ignore@7.0.5
2305 silly packumentCache full:https://registry.npmjs.org/ignore cache-miss
2306 http cache https://registry.npmjs.org/@eslint-community%2feslint-utils 96ms (cache hit)
2307 silly packumentCache full:https://registry.npmjs.org/@eslint-community%2feslint-utils set size:93301 disposed:false
2308 silly fetch manifest semver@7.7.3
2309 silly packumentCache full:https://registry.npmjs.org/semver cache-hit
2310 silly fetch manifest strip-json-comments@3.1.1
2311 silly packumentCache full:https://registry.npmjs.org/strip-json-comments cache-miss
2312 http cache https://registry.npmjs.org/@typescript-eslint%2ftypescript-estree 92ms (cache hit)
2313 silly packumentCache full:https://registry.npmjs.org/@typescript-eslint%2ftypescript-estree set size:16492200 disposed:false
2314 http cache https://registry.npmjs.org/ignore 73ms (cache hit)
2315 silly packumentCache full:https://registry.npmjs.org/ignore set size:237380 disposed:false
2316 http cache https://registry.npmjs.org/eslint-scope 76ms (cache hit)
2317 silly packumentCache full:https://registry.npmjs.org/eslint-scope set size:98867 disposed:false
2318 http fetch GET 200 https://registry.npmjs.org/@typescript-eslint%2fscope-manager 1029ms (cache miss)
2319 silly packumentCache full:https://registry.npmjs.org/@typescript-eslint%2fscope-manager set size:undefined disposed:false
2320 http fetch GET 200 https://registry.npmjs.org/@angular-eslint%2futils 1860ms (cache miss)
2321 silly packumentCache full:https://registry.npmjs.org/@angular-eslint%2futils set size:undefined disposed:false
2322 http fetch GET 200 https://registry.npmjs.org/strip-json-comments 5797ms (cache miss)
2323 silly packumentCache full:https://registry.npmjs.org/strip-json-comments set size:43569 disposed:false
2324 http fetch GET 200 https://registry.npmjs.org/@angular-eslint%2futils 9231ms (cache miss)
2325 silly packumentCache full:https://registry.npmjs.org/@angular-eslint%2futils set size:1895380 disposed:false
2326 silly placeDep node_modules/@angular-eslint/builder @angular-devkit/architect@0.2102.15 OK for: @angular-eslint/builder@21.0.1 want: >= 0.2100.0 < 0.2200.0
2327 silly placeDep node_modules/@angular-eslint/builder @angular-devkit/core@21.2.15 OK for: @angular-eslint/builder@21.0.1 want: >= 21.0.0 < 22.0.0
2328 silly placeDep node_modules/@angular-eslint/builder chokidar@5.0.0 OK for: @angular-devkit/core@21.2.15 want: ^5.0.0
2329 silly fetch manifest @angular-devkit/core@21.2.15
2330 silly packumentCache full:https://registry.npmjs.org/@angular-devkit%2fcore cache-miss
2331 http cache https://registry.npmjs.org/@angular-devkit%2fcore 8ms (cache hit)
2332 silly packumentCache full:https://registry.npmjs.org/@angular-devkit%2fcore set size:2380308 disposed:false
2333 silly fetch manifest @typescript-eslint/utils@^7.11.0 || ^8.0.0
2334 silly packumentCache full:https://registry.npmjs.org/@typescript-eslint%2futils cache-miss
2335 http cache https://registry.npmjs.org/@typescript-eslint%2futils 21ms (cache hit)
2336 silly packumentCache full:https://registry.npmjs.org/@typescript-eslint%2futils set size:10251956 disposed:false
2337 silly placeDep ROOT @angular-eslint/bundled-angular-compiler@21.0.1 OK for: @angular-eslint/eslint-plugin@21.0.1 want: 21.0.1
2338 silly placeDep ROOT @angular-eslint/utils@21.0.1 OK for: @angular-eslint/eslint-plugin@21.0.1 want: 21.0.1
2339 silly placeDep ROOT ts-api-utils@2.5.0 OK for: @angular-eslint/eslint-plugin@21.0.1 want: ^2.1.0
2340 silly placeDep ROOT aria-query@5.3.2 OK for: @angular-eslint/eslint-plugin-template@21.0.1 want: 5.3.2
2341 silly placeDep ROOT axobject-query@4.1.0 OK for: @angular-eslint/eslint-plugin-template@21.0.1 want: 4.1.0
2342 silly placeDep node_modules/@angular-eslint/schematics @angular-devkit/core@21.2.15 OK for: @angular-eslint/schematics@21.0.1 want: >= 21.0.0 < 22.0.0
2343 silly placeDep node_modules/@angular-eslint/schematics chokidar@5.0.0 OK for: @angular-devkit/core@21.2.15 want: ^5.0.0
2344 silly placeDep node_modules/@angular-eslint/schematics @angular-devkit/schematics@21.2.15 OK for: @angular-eslint/schematics@21.0.1 want: >= 21.0.0 < 22.0.0
2345 silly placeDep ROOT ignore@7.0.5 OK for: @angular-eslint/schematics@21.0.1 want: 7.0.5
2346 silly placeDep node_modules/@angular-eslint/schematics semver@7.7.3 OK for: @angular-eslint/schematics@21.0.1 want: 7.7.3
2347 silly placeDep ROOT strip-json-comments@3.1.1 OK for: @angular-eslint/schematics@21.0.1 want: 3.1.1
2348 silly placeDep ROOT eslint-scope@9.1.2 OK for: @angular-eslint/template-parser@21.0.1 want: ^9.0.0
2349 silly fetch manifest @types/esrecurse@^4.3.1
2350 silly packumentCache full:https://registry.npmjs.org/@types%2fesrecurse cache-miss
2351 silly fetch manifest @types/estree@^1.0.8
2352 silly packumentCache full:https://registry.npmjs.org/@types%2festree cache-hit
2353 silly fetch manifest esrecurse@^4.3.0
2354 silly packumentCache full:https://registry.npmjs.org/esrecurse cache-miss
2355 silly fetch manifest estraverse@^5.2.0
2356 silly packumentCache full:https://registry.npmjs.org/estraverse cache-miss
2357 http cache https://registry.npmjs.org/@types%2fesrecurse 2ms (cache hit)
2358 silly packumentCache full:https://registry.npmjs.org/@types%2fesrecurse set size:3878 disposed:false
2359 http fetch GET 200 https://registry.npmjs.org/estraverse 440ms (cache miss)
2360 silly packumentCache full:https://registry.npmjs.org/estraverse set size:undefined disposed:false
2361 http fetch GET 200 https://registry.npmjs.org/esrecurse 553ms (cache miss)
2362 silly packumentCache full:https://registry.npmjs.org/esrecurse set size:undefined disposed:false
2363 silly fetch manifest eslint@^8.57.0 || ^9.0.0 || ^10.0.0
2364 silly packumentCache full:https://registry.npmjs.org/eslint cache-miss
2365 http cache https://registry.npmjs.org/eslint 8ms (cache hit)
2366 silly packumentCache full:https://registry.npmjs.org/eslint set size:2011545 disposed:false
2367 silly fetch manifest typescript@>=4.8.4 <6.1.0
2368 silly packumentCache full:https://registry.npmjs.org/typescript cache-miss
2369 http cache https://registry.npmjs.org/typescript 25ms (cache hit)
2370 silly packumentCache full:https://registry.npmjs.org/typescript set size:15409943 disposed:false
2371 silly placeDep ROOT @eslint-community/eslint-utils@4.9.1 OK for: @typescript-eslint/utils@8.61.0 want: ^4.9.1
2372 silly placeDep ROOT @typescript-eslint/scope-manager@8.61.0 OK for: @typescript-eslint/utils@8.61.0 want: 8.61.0
2373 silly placeDep ROOT @typescript-eslint/typescript-estree@8.61.0 OK for: @typescript-eslint/utils@8.61.0 want: 8.61.0
2374 silly fetch manifest eslint-visitor-keys@^3.4.3
2375 silly packumentCache full:https://registry.npmjs.org/eslint-visitor-keys cache-miss
2376 silly fetch manifest @typescript-eslint/visitor-keys@8.61.0
2377 silly packumentCache full:https://registry.npmjs.org/@typescript-eslint%2fvisitor-keys cache-miss
2378 silly fetch manifest semver@^7.7.3
2379 silly packumentCache full:https://registry.npmjs.org/semver cache-hit
2380 silly fetch manifest minimatch@^10.2.2
2381 silly packumentCache full:https://registry.npmjs.org/minimatch cache-hit
2382 silly fetch manifest @typescript-eslint/visitor-keys@8.61.0
2383 silly packumentCache full:https://registry.npmjs.org/@typescript-eslint%2fvisitor-keys cache-miss
2384 silly fetch manifest @typescript-eslint/tsconfig-utils@8.61.0
2385 silly packumentCache full:https://registry.npmjs.org/@typescript-eslint%2ftsconfig-utils cache-miss
2386 silly fetch manifest @typescript-eslint/project-service@8.61.0
2387 silly packumentCache full:https://registry.npmjs.org/@typescript-eslint%2fproject-service cache-miss
2388 http cache https://registry.npmjs.org/eslint-visitor-keys 4ms (cache hit)
2389 silly packumentCache full:https://registry.npmjs.org/eslint-visitor-keys set size:69949 disposed:false
2390 http fetch GET 200 https://registry.npmjs.org/@typescript-eslint%2fvisitor-keys 1205ms (cache miss)
2391 silly packumentCache full:https://registry.npmjs.org/@typescript-eslint%2fvisitor-keys set size:undefined disposed:false
2392 http fetch GET 200 https://registry.npmjs.org/@typescript-eslint%2fproject-service 1507ms (cache miss)
2393 silly packumentCache full:https://registry.npmjs.org/@typescript-eslint%2fproject-service set size:undefined disposed:false
2394 http fetch GET 200 https://registry.npmjs.org/@typescript-eslint%2ftsconfig-utils 1532ms (cache miss)
2395 silly packumentCache full:https://registry.npmjs.org/@typescript-eslint%2ftsconfig-utils set size:undefined disposed:false
2396 http fetch GET 200 https://registry.npmjs.org/@typescript-eslint%2fvisitor-keys 5519ms (cache miss)
2397 silly packumentCache full:https://registry.npmjs.org/@typescript-eslint%2fvisitor-keys set size:undefined disposed:false
2398 silly placeDep ROOT eslint-visitor-keys@3.4.3 OK for: @eslint-community/eslint-utils@4.9.1 want: ^3.4.3
2399 silly placeDep ROOT @typescript-eslint/visitor-keys@8.61.0 OK for: @typescript-eslint/scope-manager@8.61.0 want: 8.61.0
2400 silly fetch manifest eslint-visitor-keys@^5.0.0
2401 silly packumentCache full:https://registry.npmjs.org/eslint-visitor-keys cache-hit
2402 silly placeDep ROOT @typescript-eslint/project-service@8.61.0 OK for: @typescript-eslint/typescript-estree@8.61.0 want: 8.61.0
2403 silly placeDep ROOT @typescript-eslint/tsconfig-utils@8.61.0 OK for: @typescript-eslint/typescript-estree@8.61.0 want: 8.61.0
2404 silly placeDep ROOT minimatch@10.2.5 OK for: @typescript-eslint/typescript-estree@8.61.0 want: ^10.2.2
2405 silly placeDep node_modules/@typescript-eslint/typescript-estree semver@7.8.4 OK for: @typescript-eslint/typescript-estree@8.61.0 want: ^7.7.3
2406 silly placeDep node_modules/@typescript-eslint/typescript-estree tinyglobby@0.2.17 OK for: @typescript-eslint/typescript-estree@8.61.0 want: ^0.2.15
2407 silly fetch manifest @typescript-eslint/tsconfig-utils@^8.61.0
2408 silly packumentCache full:https://registry.npmjs.org/@typescript-eslint%2ftsconfig-utils cache-miss
2409 silly fetch manifest brace-expansion@^5.0.5
2410 silly packumentCache full:https://registry.npmjs.org/brace-expansion cache-miss
2411 http cache https://registry.npmjs.org/brace-expansion 6ms (cache hit)
2412 silly packumentCache full:https://registry.npmjs.org/brace-expansion set size:72152 disposed:false
2413 http cache https://registry.npmjs.org/@typescript-eslint%2ftsconfig-utils 9ms (cache hit)
2414 silly packumentCache full:https://registry.npmjs.org/@typescript-eslint%2ftsconfig-utils set size:1336174 disposed:false
2415 silly placeDep node_modules/@typescript-eslint/visitor-keys eslint-visitor-keys@5.0.1 OK for: @typescript-eslint/visitor-keys@8.61.0 want: ^5.0.0
2416 silly placeDep ROOT css-select@6.0.0 OK for: beasties@0.3.5 want: ^6.0.0
2417 silly placeDep ROOT css-what@7.0.0 OK for: beasties@0.3.5 want: ^7.0.0
2418 silly placeDep ROOT dom-serializer@2.0.0 OK for: beasties@0.3.5 want: ^2.0.0
2419 silly placeDep ROOT domhandler@5.0.3 OK for: beasties@0.3.5 want: ^5.0.3
2420 silly placeDep ROOT htmlparser2@10.1.0 OK for: beasties@0.3.5 want: ^10.0.0
2421 silly placeDep ROOT postcss@8.5.15 OK for: beasties@0.3.5 want: ^8.4.49
2422 silly placeDep ROOT postcss-media-query-parser@0.2.3 OK for: beasties@0.3.5 want: ^0.2.3
2423 silly fetch manifest boolbase@^1.0.0
2424 silly packumentCache full:https://registry.npmjs.org/boolbase cache-miss
2425 silly fetch manifest domutils@^3.2.2
2426 silly packumentCache full:https://registry.npmjs.org/domutils cache-miss
2427 silly fetch manifest nth-check@^2.1.1
2428 silly packumentCache full:https://registry.npmjs.org/nth-check cache-miss
2429 silly fetch manifest entities@^4.2.0
2430 silly packumentCache full:https://registry.npmjs.org/entities cache-miss
2431 silly fetch manifest domhandler@^5.0.2
2432 silly packumentCache full:https://registry.npmjs.org/domhandler cache-miss
2433 silly fetch manifest domelementtype@^2.3.0
2434 silly packumentCache full:https://registry.npmjs.org/domelementtype cache-miss
2435 silly fetch manifest domelementtype@^2.3.0
2436 silly packumentCache full:https://registry.npmjs.org/domelementtype cache-miss
2437 http cache https://registry.npmjs.org/nth-check 3ms (cache hit)
2438 silly packumentCache full:https://registry.npmjs.org/nth-check set size:27445 disposed:false
2439 silly fetch manifest domutils@^3.2.2
2440 silly packumentCache full:https://registry.npmjs.org/domutils cache-miss
2441 http cache https://registry.npmjs.org/domelementtype 3ms (cache hit)
2442 silly packumentCache full:https://registry.npmjs.org/domelementtype set size:33363 disposed:false
2443 silly fetch manifest entities@^7.0.1
2444 silly packumentCache full:https://registry.npmjs.org/entities cache-miss
2445 http cache https://registry.npmjs.org/domutils 4ms (cache hit)
2446 silly packumentCache full:https://registry.npmjs.org/domutils set size:110068 disposed:false
2447 silly fetch manifest nanoid@^3.3.12
2448 silly packumentCache full:https://registry.npmjs.org/nanoid cache-miss
2449 http cache https://registry.npmjs.org/boolbase 6ms (cache hit)
2450 silly packumentCache full:https://registry.npmjs.org/boolbase set size:4438 disposed:false
2451 silly fetch manifest source-map-js@^1.2.1
2452 silly packumentCache full:https://registry.npmjs.org/source-map-js cache-hit
2453 http cache https://registry.npmjs.org/domelementtype 5ms (cache hit)
2454 silly packumentCache full:https://registry.npmjs.org/domelementtype set size:33363 disposed:false
2455 silly packumentCache full:https://registry.npmjs.org/domelementtype dispose
2456 http cache https://registry.npmjs.org/entities 6ms (cache hit)
2457 silly packumentCache full:https://registry.npmjs.org/entities set size:101550 disposed:false
2458 http cache https://registry.npmjs.org/domhandler 6ms (cache hit)
2459 silly packumentCache full:https://registry.npmjs.org/domhandler set size:78187 disposed:false
2460 http cache https://registry.npmjs.org/entities 5ms (cache hit)
2461 silly packumentCache full:https://registry.npmjs.org/entities set size:101550 disposed:false
2462 silly packumentCache full:https://registry.npmjs.org/entities dispose
2463 http cache https://registry.npmjs.org/domutils 5ms (cache hit)
2464 silly packumentCache full:https://registry.npmjs.org/domutils set size:110068 disposed:false
2465 silly packumentCache full:https://registry.npmjs.org/domutils dispose
2466 http fetch GET 200 https://registry.npmjs.org/nanoid 516ms (cache miss)
2467 silly packumentCache full:https://registry.npmjs.org/nanoid set size:undefined disposed:false
2468 silly fetch manifest browserslist@>= 4.21.0
2469 silly packumentCache full:https://registry.npmjs.org/browserslist cache-miss
2470 http cache https://registry.npmjs.org/browserslist 3ms (cache hit)
2471 silly packumentCache full:https://registry.npmjs.org/browserslist set size:504681 disposed:false
2472 silly placeDep ROOT baseline-browser-mapping@2.10.37 OK for: browserslist@4.28.2 want: ^2.10.12
2473 silly placeDep ROOT caniuse-lite@1.0.30001799 OK for: browserslist@4.28.2 want: ^1.0.30001782
2474 silly placeDep ROOT electron-to-chromium@1.5.372 OK for: browserslist@4.28.2 want: ^1.5.328
2475 silly placeDep ROOT node-releases@2.0.47 OK for: browserslist@4.28.2 want: ^2.0.36
2476 silly placeDep ROOT update-browserslist-db@1.2.3 OK for: browserslist@4.28.2 want: ^1.2.3
2477 silly placeDep ROOT readdirp@4.1.2 OK for: chokidar@4.0.3 want: ^4.0.1
2478 silly placeDep ROOT compare-func@2.0.0 OK for: conventional-changelog-angular@8.3.1 want: ^2.0.0
2479 silly fetch manifest array-ify@^1.0.0
2480 silly packumentCache full:https://registry.npmjs.org/array-ify cache-miss
2481 silly fetch manifest dot-prop@^5.1.0
2482 silly packumentCache full:https://registry.npmjs.org/dot-prop cache-miss
2483 http cache https://registry.npmjs.org/dot-prop 2ms (cache hit)
2484 silly packumentCache full:https://registry.npmjs.org/dot-prop set size:74769 disposed:false
