0 verbose cli /Users/juanfranciscomanzanogarcia/.nvm/versions/node/v22.22.0/bin/node /Users/juanfranciscomanzanogarcia/.nvm/versions/node/v22.22.0/bin/npm
1 info using npm@10.9.4
2 info using node@v22.22.0
3 silly config load:file:/Users/juanfranciscomanzanogarcia/.nvm/versions/node/v22.22.0/lib/node_modules/npm/npmrc
4 silly config load:file:/Users/juanfranciscomanzanogarcia/Desktop/push-angular/.npmrc
5 silly config load:file:/Users/juanfranciscomanzanogarcia/.npmrc
6 silly config load:file:/Users/juanfranciscomanzanogarcia/.nvm/versions/node/v22.22.0/etc/npmrc
7 verbose title npm install
8 verbose argv "install" "--cache" "./npm-cache"
9 verbose logfile logs-max:10 dir:/Users/juanfranciscomanzanogarcia/Desktop/push-angular/npm-cache/_logs/2026-06-12T23_18_28_872Z-
10 verbose logfile /Users/juanfranciscomanzanogarcia/Desktop/push-angular/npm-cache/_logs/2026-06-12T23_18_28_872Z-debug-0.log
11 silly logfile done cleaning log files
12 silly packumentCache heap:2197815296 maxSize:549453824 maxEntrySize:274726912
13 silly idealTree buildDeps
14 silly fetch manifest @angular/common@^20.2.0
15 silly packumentCache full:https://registry.npmjs.org/@angular%2fcommon cache-miss
16 http cache https://registry.npmjs.org/@angular%2fcommon 9ms (cache hit)
17 silly packumentCache full:https://registry.npmjs.org/@angular%2fcommon set size:3149898 disposed:false
18 silly fetch manifest @angular/core@^20.2.0
19 silly packumentCache full:https://registry.npmjs.org/@angular%2fcore cache-miss
20 http cache https://registry.npmjs.org/@angular%2fcore 5ms (cache hit)
21 silly packumentCache full:https://registry.npmjs.org/@angular%2fcore set size:3040375 disposed:false
22 silly fetch manifest @angular/compiler@^20.2.0
23 silly packumentCache full:https://registry.npmjs.org/@angular%2fcompiler cache-miss
24 http cache https://registry.npmjs.org/@angular%2fcompiler 5ms (cache hit)
25 silly packumentCache full:https://registry.npmjs.org/@angular%2fcompiler set size:2739276 disposed:false
26 silly fetch manifest rxjs@~7.8.0
27 silly packumentCache full:https://registry.npmjs.org/rxjs cache-miss
28 http cache https://registry.npmjs.org/rxjs 3ms (cache hit)
29 silly packumentCache full:https://registry.npmjs.org/rxjs set size:980097 disposed:false
30 silly fetch manifest zone.js@~0.15.0
31 silly packumentCache full:https://registry.npmjs.org/zone.js cache-miss
32 http cache https://registry.npmjs.org/zone.js 2ms (cache hit)
33 silly packumentCache full:https://registry.npmjs.org/zone.js set size:378576 disposed:false
34 silly fetch manifest @angular/forms@^20.2.0
35 silly packumentCache full:https://registry.npmjs.org/@angular%2fforms cache-miss
36 http cache https://registry.npmjs.org/@angular%2fforms 4ms (cache hit)
37 silly packumentCache full:https://registry.npmjs.org/@angular%2fforms set size:2794004 disposed:false
38 silly fetch manifest @angular/platform-browser@^20.2.0
39 silly packumentCache full:https://registry.npmjs.org/@angular%2fplatform-browser cache-miss
40 http cache https://registry.npmjs.org/@angular%2fplatform-browser 5ms (cache hit)
41 silly packumentCache full:https://registry.npmjs.org/@angular%2fplatform-browser set size:3143369 disposed:false
42 silly fetch manifest @angular/animations@20.3.25
43 silly packumentCache full:https://registry.npmjs.org/@angular%2fanimations cache-miss
44 http cache https://registry.npmjs.org/@angular%2fanimations 6ms (cache hit)
45 silly packumentCache full:https://registry.npmjs.org/@angular%2fanimations set size:2869106 disposed:false
46 silly fetch manifest @angular/router@^20.2.0
47 silly packumentCache full:https://registry.npmjs.org/@angular%2frouter cache-miss
48 http cache https://registry.npmjs.org/@angular%2frouter 6ms (cache hit)
49 silly packumentCache full:https://registry.npmjs.org/@angular%2frouter set size:3033054 disposed:false
50 silly fetch manifest tslib@^2.3.0
51 silly packumentCache full:https://registry.npmjs.org/tslib cache-miss
52 http cache https://registry.npmjs.org/tslib 4ms (cache hit)
53 silly packumentCache full:https://registry.npmjs.org/tslib set size:108760 disposed:false
54 silly fetch manifest @angular/build@^20.2.1
55 silly packumentCache full:https://registry.npmjs.org/@angular%2fbuild cache-miss
56 http cache https://registry.npmjs.org/@angular%2fbuild 5ms (cache hit)
57 silly packumentCache full:https://registry.npmjs.org/@angular%2fbuild set size:912254 disposed:false
58 silly fetch manifest @angular/compiler-cli@^20.2.0
59 silly packumentCache full:https://registry.npmjs.org/@angular%2fcompiler-cli cache-miss
60 http cache https://registry.npmjs.org/@angular%2fcompiler-cli 5ms (cache hit)
61 silly packumentCache full:https://registry.npmjs.org/@angular%2fcompiler-cli set size:3320721 disposed:false
62 silly fetch manifest typescript@~5.9.2
63 silly packumentCache full:https://registry.npmjs.org/typescript cache-miss
64 http cache https://registry.npmjs.org/typescript 15ms (cache hit)
65 silly packumentCache full:https://registry.npmjs.org/typescript set size:15409943 disposed:false
66 silly fetch manifest @angular/localize@^20.0.0
67 silly packumentCache full:https://registry.npmjs.org/@angular%2flocalize cache-miss
68 http cache https://registry.npmjs.org/@angular%2flocalize 9ms (cache hit)
69 silly packumentCache full:https://registry.npmjs.org/@angular%2flocalize set size:2432108 disposed:false
70 silly fetch manifest @angular/platform-server@^20.0.0
71 silly packumentCache full:https://registry.npmjs.org/@angular%2fplatform-server cache-miss
72 http cache https://registry.npmjs.org/@angular%2fplatform-server 4ms (cache hit)
73 silly packumentCache full:https://registry.npmjs.org/@angular%2fplatform-server set size:3200172 disposed:false
74 silly fetch manifest @angular/service-worker@^20.0.0
75 silly packumentCache full:https://registry.npmjs.org/@angular%2fservice-worker cache-miss
76 http cache https://registry.npmjs.org/@angular%2fservice-worker 6ms (cache hit)
77 silly packumentCache full:https://registry.npmjs.org/@angular%2fservice-worker set size:2953409 disposed:false
78 silly fetch manifest @angular/ssr@^20.3.28
79 silly packumentCache full:https://registry.npmjs.org/@angular%2fssr cache-miss
80 http cache https://registry.npmjs.org/@angular%2fssr 2ms (cache hit)
81 silly packumentCache full:https://registry.npmjs.org/@angular%2fssr set size:729842 disposed:false
82 silly fetch manifest karma@~6.4.0
83 silly packumentCache full:https://registry.npmjs.org/karma cache-miss
84 http cache https://registry.npmjs.org/karma 5ms (cache hit)
85 silly packumentCache full:https://registry.npmjs.org/karma set size:3361521 disposed:false
86 silly fetch manifest less@^4.2.0
87 silly packumentCache full:https://registry.npmjs.org/less cache-miss
88 http cache https://registry.npmjs.org/less 3ms (cache hit)
89 silly packumentCache full:https://registry.npmjs.org/less set size:461684 disposed:false
90 silly fetch manifest ng-packagr@^20.0.0
91 silly packumentCache full:https://registry.npmjs.org/ng-packagr cache-miss
92 http cache https://registry.npmjs.org/ng-packagr 3ms (cache hit)
93 silly packumentCache full:https://registry.npmjs.org/ng-packagr set size:1115816 disposed:false
94 silly fetch manifest tailwindcss@^2.0.0 || ^3.0.0 || ^4.0.0
95 silly packumentCache full:https://registry.npmjs.org/tailwindcss cache-miss
96 http cache https://registry.npmjs.org/tailwindcss 12ms (cache hit)
97 silly packumentCache full:https://registry.npmjs.org/tailwindcss set size:10647510 disposed:false
98 silly fetch manifest postcss@^8.4.0
99 silly packumentCache full:https://registry.npmjs.org/postcss cache-miss
100 http cache https://registry.npmjs.org/postcss 2ms (cache hit)
101 silly packumentCache full:https://registry.npmjs.org/postcss set size:723316 disposed:false
102 silly fetch manifest vitest@^3.1.1
103 silly packumentCache full:https://registry.npmjs.org/vitest cache-miss
104 http cache https://registry.npmjs.org/vitest 3ms (cache hit)
105 silly packumentCache full:https://registry.npmjs.org/vitest set size:2190482 disposed:false
106 silly fetch manifest @edge-runtime/vm@*
107 silly packumentCache full:https://registry.npmjs.org/@edge-runtime%2fvm cache-miss
108 http cache https://registry.npmjs.org/@edge-runtime%2fvm 2ms (cache hit)
109 silly packumentCache full:https://registry.npmjs.org/@edge-runtime%2fvm set size:269934 disposed:false
110 silly fetch manifest @types/debug@^4.1.12
111 silly packumentCache full:https://registry.npmjs.org/@types%2fdebug cache-miss
112 http cache https://registry.npmjs.org/@types%2fdebug 1ms (cache hit)
113 silly packumentCache full:https://registry.npmjs.org/@types%2fdebug set size:55727 disposed:false
114 silly fetch manifest @types/node@^18.0.0 || ^20.0.0 || >=22.0.0
115 silly packumentCache full:https://registry.npmjs.org/@types%2fnode cache-miss
116 http cache https://registry.npmjs.org/@types%2fnode 13ms (cache hit)
117 silly packumentCache full:https://registry.npmjs.org/@types%2fnode set size:11047915 disposed:false
118 silly fetch manifest @vitest/browser@3.2.6
119 silly packumentCache full:https://registry.npmjs.org/@vitest%2fbrowser cache-miss
120 http cache https://registry.npmjs.org/@vitest%2fbrowser 4ms (cache hit)
121 silly packumentCache full:https://registry.npmjs.org/@vitest%2fbrowser set size:765315 disposed:false
122 silly fetch manifest playwright@*
123 silly packumentCache full:https://registry.npmjs.org/playwright cache-miss
124 http cache https://registry.npmjs.org/playwright 18ms (cache hit)
125 silly packumentCache full:https://registry.npmjs.org/playwright set size:16362358 disposed:false
126 silly fetch manifest webdriverio@^7.0.0 || ^8.0.0 || ^9.0.0
127 silly packumentCache full:https://registry.npmjs.org/webdriverio cache-miss
128 http cache https://registry.npmjs.org/webdriverio 5ms (cache hit)
129 silly packumentCache full:https://registry.npmjs.org/webdriverio set size:3133693 disposed:false
130 silly fetch manifest puppeteer-core@>=22.x || <=24.x
131 silly packumentCache full:https://registry.npmjs.org/puppeteer-core cache-miss
132 http cache https://registry.npmjs.org/puppeteer-core 3ms (cache hit)
133 silly packumentCache full:https://registry.npmjs.org/puppeteer-core set size:1536152 disposed:false
134 silly fetch manifest @vitest/ui@3.2.6
135 silly packumentCache full:https://registry.npmjs.org/@vitest%2fui cache-miss
136 http cache https://registry.npmjs.org/@vitest%2fui 5ms (cache hit)
137 silly packumentCache full:https://registry.npmjs.org/@vitest%2fui set size:1254752 disposed:false
138 silly fetch manifest happy-dom@*
139 silly packumentCache full:https://registry.npmjs.org/happy-dom cache-miss
140 http cache https://registry.npmjs.org/happy-dom 4ms (cache hit)
141 silly packumentCache full:https://registry.npmjs.org/happy-dom set size:2465679 disposed:false
142 silly fetch manifest jsdom@*
143 silly packumentCache full:https://registry.npmjs.org/jsdom cache-miss
144 http cache https://registry.npmjs.org/jsdom 2ms (cache hit)
145 silly packumentCache full:https://registry.npmjs.org/jsdom set size:1064917 disposed:false
146 silly fetch manifest canvas@^3.0.0
147 silly packumentCache full:https://registry.npmjs.org/canvas cache-miss
148 http cache https://registry.npmjs.org/canvas 3ms (cache hit)
149 silly packumentCache full:https://registry.npmjs.org/canvas set size:372046 disposed:false
150 silly fetch manifest @angular/cli@^20.2.1
151 silly packumentCache full:https://registry.npmjs.org/@angular%2fcli cache-miss
152 http cache https://registry.npmjs.org/@angular%2fcli 5ms (cache hit)
153 silly packumentCache full:https://registry.npmjs.org/@angular%2fcli set size:3165524 disposed:false
154 silly fetch manifest @commitlint/cli@^21.0.2
155 silly packumentCache full:https://registry.npmjs.org/@commitlint%2fcli cache-miss
156 http cache https://registry.npmjs.org/@commitlint%2fcli 2ms (cache hit)
157 silly packumentCache full:https://registry.npmjs.org/@commitlint%2fcli set size:432841 disposed:false
158 silly fetch manifest @commitlint/config-conventional@^21.0.2
159 silly packumentCache full:https://registry.npmjs.org/@commitlint%2fconfig-conventional cache-miss
160 http cache https://registry.npmjs.org/@commitlint%2fconfig-conventional 1ms (cache hit)
161 silly packumentCache full:https://registry.npmjs.org/@commitlint%2fconfig-conventional set size:259521 disposed:false
162 silly fetch manifest @types/jasmine@~5.1.0
163 silly packumentCache full:https://registry.npmjs.org/@types%2fjasmine cache-miss
164 http cache https://registry.npmjs.org/@types%2fjasmine 2ms (cache hit)
165 silly packumentCache full:https://registry.npmjs.org/@types%2fjasmine set size:520126 disposed:false
166 silly fetch manifest angular-eslint@21.0.1
167 silly packumentCache full:https://registry.npmjs.org/angular-eslint cache-miss
168 http cache https://registry.npmjs.org/angular-eslint 3ms (cache hit)
169 silly packumentCache full:https://registry.npmjs.org/angular-eslint set size:1357998 disposed:false
170 silly fetch manifest eslint@^9.39.1
171 silly packumentCache full:https://registry.npmjs.org/eslint cache-miss
172 http cache https://registry.npmjs.org/eslint 4ms (cache hit)
173 silly packumentCache full:https://registry.npmjs.org/eslint set size:2011545 disposed:false
174 silly fetch manifest jiti@*
175 silly packumentCache full:https://registry.npmjs.org/jiti cache-miss
176 http cache https://registry.npmjs.org/jiti 2ms (cache hit)
177 silly packumentCache full:https://registry.npmjs.org/jiti set size:387989 disposed:false
178 silly fetch manifest typescript-eslint@8.46.4
179 silly packumentCache full:https://registry.npmjs.org/typescript-eslint cache-miss
180 http cache https://registry.npmjs.org/typescript-eslint 6ms (cache hit)
181 silly packumentCache full:https://registry.npmjs.org/typescript-eslint set size:4077473 disposed:false
182 silly fetch manifest eslint-config-prettier@^10.1.8
183 silly packumentCache full:https://registry.npmjs.org/eslint-config-prettier cache-miss
184 http cache https://registry.npmjs.org/eslint-config-prettier 3ms (cache hit)
185 silly packumentCache full:https://registry.npmjs.org/eslint-config-prettier set size:231551 disposed:false
186 silly fetch manifest husky@^9.1.7
187 silly packumentCache full:https://registry.npmjs.org/husky cache-miss
188 http cache https://registry.npmjs.org/husky 1ms (cache hit)
189 silly packumentCache full:https://registry.npmjs.org/husky set size:643645 disposed:false
190 silly fetch manifest jasmine-core@~5.9.0
191 silly packumentCache full:https://registry.npmjs.org/jasmine-core cache-miss
192 http cache https://registry.npmjs.org/jasmine-core 1ms (cache hit)
193 silly packumentCache full:https://registry.npmjs.org/jasmine-core set size:234688 disposed:false
194 silly fetch manifest karma-chrome-launcher@~3.2.0
195 silly packumentCache full:https://registry.npmjs.org/karma-chrome-launcher cache-miss
196 http cache https://registry.npmjs.org/karma-chrome-launcher 2ms (cache hit)
197 silly packumentCache full:https://registry.npmjs.org/karma-chrome-launcher set size:86868 disposed:false
198 silly fetch manifest karma-coverage@~2.2.0
199 silly packumentCache full:https://registry.npmjs.org/karma-coverage cache-miss
200 http cache https://registry.npmjs.org/karma-coverage 1ms (cache hit)
201 silly packumentCache full:https://registry.npmjs.org/karma-coverage set size:165083 disposed:false
202 silly fetch manifest karma-jasmine@~5.1.0
203 silly packumentCache full:https://registry.npmjs.org/karma-jasmine cache-miss
204 http cache https://registry.npmjs.org/karma-jasmine 1ms (cache hit)
205 silly packumentCache full:https://registry.npmjs.org/karma-jasmine set size:165501 disposed:false
206 silly fetch manifest karma-jasmine-html-reporter@~2.1.0
207 silly packumentCache full:https://registry.npmjs.org/karma-jasmine-html-reporter cache-miss
208 http cache https://registry.npmjs.org/karma-jasmine-html-reporter 1ms (cache hit)
209 silly packumentCache full:https://registry.npmjs.org/karma-jasmine-html-reporter set size:63300 disposed:false
210 silly fetch manifest lint-staged@^16.4.0
211 silly packumentCache full:https://registry.npmjs.org/lint-staged cache-miss
212 http cache https://registry.npmjs.org/lint-staged 2ms (cache hit)
213 silly packumentCache full:https://registry.npmjs.org/lint-staged set size:975786 disposed:false
214 silly fetch manifest prettier@^3.8.4
215 silly packumentCache full:https://registry.npmjs.org/prettier cache-miss
216 http cache https://registry.npmjs.org/prettier 2ms (cache hit)
217 silly packumentCache full:https://registry.npmjs.org/prettier set size:670758 disposed:false
218 silly placeDep ROOT @angular/build@20.3.28 OK for: push-angular@0.0.0 want: ^20.2.1
219 silly placeDep ROOT tslib@2.8.1 OK for: @angular/build@20.3.28 want: ^2.3.0
220 silly placeDep ROOT typescript@5.9.3 OK for: @angular/build@20.3.28 want: >=5.8 <6.0
221 silly placeDep ROOT @angular/compiler@20.3.25 OK for: @angular/build@20.3.28 want: ^20.0.0
222 silly placeDep ROOT @angular/compiler-cli@20.3.25 OK for: @angular/build@20.3.28 want: ^20.0.0
223 silly placeDep ROOT @angular/cli@20.3.28 OK for: push-angular@0.0.0 want: ^20.2.1
224 silly placeDep ROOT @angular/common@20.3.25 OK for: push-angular@0.0.0 want: ^20.2.0
225 silly placeDep ROOT rxjs@7.8.2 OK for: @angular/common@20.3.25 want: ^6.5.3 || ^7.4.0
226 silly placeDep ROOT @angular/core@20.3.25 OK for: @angular/common@20.3.25 want: 20.3.25
227 silly placeDep ROOT @angular/forms@20.3.25 OK for: push-angular@0.0.0 want: ^20.2.0
228 silly placeDep ROOT @angular/platform-browser@20.3.25 OK for: @angular/forms@20.3.25 want: 20.3.25
229 silly placeDep ROOT @angular/router@20.3.25 OK for: push-angular@0.0.0 want: ^20.2.0
230 silly placeDep ROOT @commitlint/cli@21.0.2 OK for: push-angular@0.0.0 want: ^21.0.2
231 silly placeDep ROOT @commitlint/config-conventional@21.0.2 OK for: push-angular@0.0.0 want: ^21.0.2
232 silly placeDep ROOT @types/jasmine@5.1.15 OK for: push-angular@0.0.0 want: ~5.1.0
233 silly placeDep ROOT angular-eslint@21.0.1 OK for: push-angular@0.0.0 want: 21.0.1
234 silly placeDep ROOT eslint@9.39.4 OK for: angular-eslint@21.0.1 want: ^8.57.0 || ^9.0.0
235 silly placeDep ROOT typescript-eslint@8.46.4 OK for: angular-eslint@21.0.1 want: ^8.0.0
236 silly placeDep ROOT eslint-config-prettier@10.1.8 OK for: push-angular@0.0.0 want: ^10.1.8
237 silly placeDep ROOT husky@9.1.7 OK for: push-angular@0.0.0 want: ^9.1.7
238 silly placeDep ROOT jasmine-core@5.9.0 OK for: push-angular@0.0.0 want: ~5.9.0
239 silly placeDep ROOT karma@6.4.4 OK for: push-angular@0.0.0 want: ~6.4.0
240 silly placeDep ROOT karma-chrome-launcher@3.2.0 OK for: push-angular@0.0.0 want: ~3.2.0
241 silly placeDep ROOT karma-coverage@2.2.1 OK for: push-angular@0.0.0 want: ~2.2.0
242 silly placeDep ROOT karma-jasmine@5.1.0 OK for: push-angular@0.0.0 want: ~5.1.0
243 silly placeDep ROOT karma-jasmine-html-reporter@2.1.0 OK for: push-angular@0.0.0 want: ~2.1.0
244 silly placeDep ROOT lint-staged@16.4.0 OK for: push-angular@0.0.0 want: ^16.4.0
245 silly placeDep ROOT prettier@3.8.4 OK for: push-angular@0.0.0 want: ^3.8.4
246 silly placeDep ROOT zone.js@0.15.1 OK for: push-angular@0.0.0 want: ~0.15.0
247 silly fetch manifest sass@1.90.0
248 silly packumentCache full:https://registry.npmjs.org/sass cache-miss
249 silly fetch manifest vite@7.3.2
250 silly packumentCache full:https://registry.npmjs.org/vite cache-miss
251 silly fetch manifest listr2@9.0.1
252 silly packumentCache full:https://registry.npmjs.org/listr2 cache-miss
253 silly fetch manifest mrmime@2.0.1
254 silly packumentCache full:https://registry.npmjs.org/mrmime cache-miss
255 silly fetch manifest rollup@4.59.0
256 silly packumentCache full:https://registry.npmjs.org/rollup cache-miss
257 silly fetch manifest semver@7.7.2
258 silly packumentCache full:https://registry.npmjs.org/semver cache-miss
259 silly fetch manifest esbuild@0.28.0
260 silly packumentCache full:https://registry.npmjs.org/esbuild cache-miss
261 http cache https://registry.npmjs.org/sass 9ms (cache hit)
262 silly packumentCache full:https://registry.npmjs.org/sass set size:730445 disposed:false
263 silly fetch manifest piscina@5.1.3
264 silly packumentCache full:https://registry.npmjs.org/piscina cache-miss
265 http cache https://registry.npmjs.org/listr2 17ms (cache hit)
266 silly packumentCache full:https://registry.npmjs.org/listr2 set size:1056609 disposed:false
267 silly fetch manifest beasties@0.3.5
268 silly packumentCache full:https://registry.npmjs.org/beasties cache-miss
269 http cache https://registry.npmjs.org/rollup 27ms (cache hit)
270 silly packumentCache full:https://registry.npmjs.org/rollup set size:6217825 disposed:false
271 silly fetch manifest picomatch@4.0.4
272 silly packumentCache full:https://registry.npmjs.org/picomatch cache-miss
273 http cache https://registry.npmjs.org/vite 91ms (cache hit)
274 silly packumentCache full:https://registry.npmjs.org/vite set size:38863551 disposed:false
275 silly fetch manifest watchpack@2.4.4
276 silly packumentCache full:https://registry.npmjs.org/watchpack cache-miss
277 http cache https://registry.npmjs.org/semver 200ms (cache hit)
278 silly packumentCache full:https://registry.npmjs.org/semver set size:243512 disposed:false
279 silly fetch manifest tinyglobby@0.2.14
280 silly packumentCache full:https://registry.npmjs.org/tinyglobby cache-miss
281 http cache https://registry.npmjs.org/mrmime 202ms (cache hit)
282 silly packumentCache full:https://registry.npmjs.org/mrmime set size:17044 disposed:false
283 silly fetch manifest @babel/core@7.28.3
284 silly packumentCache full:https://registry.npmjs.org/@babel%2fcore cache-miss
285 http cache https://registry.npmjs.org/esbuild 204ms (cache hit)
286 silly packumentCache full:https://registry.npmjs.org/esbuild set size:1259608 disposed:false
287 silly fetch manifest browserslist@^4.23.0
288 silly packumentCache full:https://registry.npmjs.org/browserslist cache-miss
289 http cache https://registry.npmjs.org/piscina 203ms (cache hit)
290 silly packumentCache full:https://registry.npmjs.org/piscina set size:172181 disposed:false
291 silly fetch manifest jsonc-parser@3.3.1
292 silly packumentCache full:https://registry.npmjs.org/jsonc-parser cache-miss
293 http cache https://registry.npmjs.org/picomatch 164ms (cache hit)
294 silly packumentCache full:https://registry.npmjs.org/picomatch set size:126376 disposed:false
295 silly fetch manifest magic-string@0.30.17
296 silly packumentCache full:https://registry.npmjs.org/magic-string cache-miss
297 http cache https://registry.npmjs.org/watchpack 23ms (cache hit)
298 silly packumentCache full:https://registry.npmjs.org/watchpack set size:148533 disposed:false
299 silly fetch manifest @inquirer/confirm@5.1.14
300 silly packumentCache full:https://registry.npmjs.org/@inquirer%2fconfirm cache-miss
301 http cache https://registry.npmjs.org/beasties 200ms (cache hit)
302 silly packumentCache full:https://registry.npmjs.org/beasties set size:48890 disposed:false
303 silly fetch manifest https-proxy-agent@7.0.6
304 silly packumentCache full:https://registry.npmjs.org/https-proxy-agent cache-miss
305 http cache https://registry.npmjs.org/tinyglobby 20ms (cache hit)
306 silly packumentCache full:https://registry.npmjs.org/tinyglobby set size:54291 disposed:false
307 silly fetch manifest source-map-support@0.5.21
308 silly packumentCache full:https://registry.npmjs.org/source-map-support cache-miss
309 http cache https://registry.npmjs.org/browserslist 15ms (cache hit)
310 silly packumentCache full:https://registry.npmjs.org/browserslist set size:504681 disposed:false
311 silly fetch manifest @ampproject/remapping@2.3.0
312 silly packumentCache full:https://registry.npmjs.org/@ampproject%2fremapping cache-miss
313 http cache https://registry.npmjs.org/@babel%2fcore 24ms (cache hit)
314 silly packumentCache full:https://registry.npmjs.org/@babel%2fcore set size:779631 disposed:false
315 silly fetch manifest istanbul-lib-instrument@6.0.3
316 silly packumentCache full:https://registry.npmjs.org/istanbul-lib-instrument cache-miss
317 http cache https://registry.npmjs.org/jsonc-parser 12ms (cache hit)
318 silly packumentCache full:https://registry.npmjs.org/jsonc-parser set size:99919 disposed:false
319 silly fetch manifest @vitejs/plugin-basic-ssl@2.1.0
320 silly packumentCache full:https://registry.npmjs.org/@vitejs%2fplugin-basic-ssl cache-miss
321 http cache https://registry.npmjs.org/@inquirer%2fconfirm 11ms (cache hit)
322 silly packumentCache full:https://registry.npmjs.org/@inquirer%2fconfirm set size:320882 disposed:false
323 silly fetch manifest @angular-devkit/architect@0.2003.28
324 silly packumentCache full:https://registry.npmjs.org/@angular-devkit%2farchitect cache-miss
325 http cache https://registry.npmjs.org/https-proxy-agent 11ms (cache hit)
326 silly packumentCache full:https://registry.npmjs.org/https-proxy-agent set size:83792 disposed:false
327 silly fetch manifest parse5-html-rewriting-stream@8.0.0
328 silly packumentCache full:https://registry.npmjs.org/parse5-html-rewriting-stream cache-miss
329 http cache https://registry.npmjs.org/magic-string 14ms (cache hit)
330 silly packumentCache full:https://registry.npmjs.org/magic-string set size:331817 disposed:false
331 silly fetch manifest @babel/helper-annotate-as-pure@7.27.3
332 silly packumentCache full:https://registry.npmjs.org/@babel%2fhelper-annotate-as-pure cache-miss
333 http cache https://registry.npmjs.org/source-map-support 15ms (cache hit)
334 silly packumentCache full:https://registry.npmjs.org/source-map-support set size:125488 disposed:false
335 silly fetch manifest @babel/helper-split-export-declaration@7.24.7
336 silly packumentCache full:https://registry.npmjs.org/@babel%2fhelper-split-export-declaration cache-miss
337 http cache https://registry.npmjs.org/@ampproject%2fremapping 11ms (cache hit)
338 silly packumentCache full:https://registry.npmjs.org/@ampproject%2fremapping set size:88598 disposed:false
339 silly fetch manifest lmdb@3.4.2
340 silly packumentCache full:https://registry.npmjs.org/lmdb cache-miss
341 http cache https://registry.npmjs.org/istanbul-lib-instrument 9ms (cache hit)
342 silly packumentCache full:https://registry.npmjs.org/istanbul-lib-instrument set size:219175 disposed:false
343 silly fetch manifest yargs@^18.0.0
344 silly packumentCache full:https://registry.npmjs.org/yargs cache-miss
345 http cache https://registry.npmjs.org/@vitejs%2fplugin-basic-ssl 9ms (cache hit)
346 silly packumentCache full:https://registry.npmjs.org/@vitejs%2fplugin-basic-ssl set size:45104 disposed:false
347 silly fetch manifest semver@^7.0.0
348 silly packumentCache full:https://registry.npmjs.org/semver cache-hit
349 silly fetch manifest chokidar@^4.0.0
350 silly packumentCache full:https://registry.npmjs.org/chokidar cache-miss
351 http cache https://registry.npmjs.org/@babel%2fhelper-annotate-as-pure 6ms (cache hit)
352 silly packumentCache full:https://registry.npmjs.org/@babel%2fhelper-annotate-as-pure set size:179510 disposed:false
353 silly fetch manifest reflect-metadata@^0.2.0
354 silly packumentCache full:https://registry.npmjs.org/reflect-metadata cache-miss
355 http cache https://registry.npmjs.org/@angular-devkit%2farchitect 11ms (cache hit)
356 silly packumentCache full:https://registry.npmjs.org/@angular-devkit%2farchitect set size:2174822 disposed:false
357 silly fetch manifest convert-source-map@^1.5.1
358 silly packumentCache full:https://registry.npmjs.org/convert-source-map cache-miss
359 http cache https://registry.npmjs.org/parse5-html-rewriting-stream 18ms (cache hit)
360 silly packumentCache full:https://registry.npmjs.org/parse5-html-rewriting-stream set size:23913 disposed:false
361 silly fetch manifest @jridgewell/sourcemap-codec@^1.4.14
362 silly packumentCache full:https://registry.npmjs.org/@jridgewell%2fsourcemap-codec cache-miss
363 http cache https://registry.npmjs.org/lmdb 16ms (cache hit)
364 silly packumentCache full:https://registry.npmjs.org/lmdb set size:977039 disposed:false
365 silly fetch manifest ini@5.0.0
366 silly packumentCache full:https://registry.npmjs.org/ini cache-miss
367 http cache https://registry.npmjs.org/@babel%2fhelper-split-export-declaration 20ms (cache hit)
368 silly packumentCache full:https://registry.npmjs.org/@babel%2fhelper-split-export-declaration set size:132747 disposed:false
369 silly fetch manifest zod@4.1.13
370 silly packumentCache full:https://registry.npmjs.org/zod cache-miss
371 http cache https://registry.npmjs.org/yargs 19ms (cache hit)
372 silly packumentCache full:https://registry.npmjs.org/yargs set size:740973 disposed:false
373 silly fetch manifest yargs@18.0.0
374 silly packumentCache full:https://registry.npmjs.org/yargs cache-hit
375 silly fetch manifest pacote@21.0.4
376 silly packumentCache full:https://registry.npmjs.org/pacote cache-miss
377 http cache https://registry.npmjs.org/convert-source-map 13ms (cache hit)
378 silly packumentCache full:https://registry.npmjs.org/convert-source-map set size:66997 disposed:false
379 silly fetch manifest resolve@1.22.10
380 silly packumentCache full:https://registry.npmjs.org/resolve cache-miss
381 http cache https://registry.npmjs.org/chokidar 23ms (cache hit)
382 silly packumentCache full:https://registry.npmjs.org/chokidar set size:255902 disposed:false
383 silly fetch manifest algoliasearch@5.35.0
384 silly packumentCache full:https://registry.npmjs.org/algoliasearch cache-miss
385 http cache https://registry.npmjs.org/reflect-metadata 22ms (cache hit)
386 silly packumentCache full:https://registry.npmjs.org/reflect-metadata set size:61305 disposed:false
387 silly fetch manifest npm-package-arg@13.0.0
388 silly packumentCache full:https://registry.npmjs.org/npm-package-arg cache-miss
389 http cache https://registry.npmjs.org/@jridgewell%2fsourcemap-codec 13ms (cache hit)
390 silly packumentCache full:https://registry.npmjs.org/@jridgewell%2fsourcemap-codec set size:51856 disposed:false
391 silly fetch manifest @inquirer/prompts@7.8.2
392 silly packumentCache full:https://registry.npmjs.org/@inquirer%2fprompts cache-miss
393 http cache https://registry.npmjs.org/ini 11ms (cache hit)
394 silly packumentCache full:https://registry.npmjs.org/ini set size:59180 disposed:false
395 silly fetch manifest @yarnpkg/lockfile@1.1.0
396 silly packumentCache full:https://registry.npmjs.org/@yarnpkg%2flockfile cache-miss
397 http cache https://registry.npmjs.org/zod 15ms (cache hit)
398 silly packumentCache full:https://registry.npmjs.org/zod set size:3552562 disposed:false
399 silly fetch manifest @schematics/angular@20.3.28
400 silly packumentCache full:https://registry.npmjs.org/@schematics%2fangular cache-miss
401 http cache https://registry.npmjs.org/pacote 24ms (cache hit)
402 silly packumentCache full:https://registry.npmjs.org/pacote set size:763537 disposed:false
403 silly fetch manifest @angular-devkit/core@20.3.28
404 silly packumentCache full:https://registry.npmjs.org/@angular-devkit%2fcore cache-miss
405 http cache https://registry.npmjs.org/@inquirer%2fprompts 23ms (cache hit)
406 silly packumentCache full:https://registry.npmjs.org/@inquirer%2fprompts set size:331361 disposed:false
407 silly fetch manifest @modelcontextprotocol/sdk@1.26.0
408 silly packumentCache full:https://registry.npmjs.org/@modelcontextprotocol%2fsdk cache-miss
409 http cache https://registry.npmjs.org/resolve 27ms (cache hit)
410 silly packumentCache full:https://registry.npmjs.org/resolve set size:244568 disposed:false
411 silly fetch manifest @angular-devkit/schematics@20.3.28
412 silly packumentCache full:https://registry.npmjs.org/@angular-devkit%2fschematics cache-miss
413 http cache https://registry.npmjs.org/@yarnpkg%2flockfile 25ms (cache hit)
414 silly packumentCache full:https://registry.npmjs.org/@yarnpkg%2flockfile set size:8937 disposed:false
415 silly fetch manifest @listr2/prompt-adapter-inquirer@3.0.1
416 silly packumentCache full:https://registry.npmjs.org/@listr2%2fprompt-adapter-inquirer cache-miss
417 http cache https://registry.npmjs.org/algoliasearch 29ms (cache hit)
418 silly packumentCache full:https://registry.npmjs.org/algoliasearch set size:1796984 disposed:false
419 silly fetch manifest @commitlint/format@^21.0.1
420 silly packumentCache full:https://registry.npmjs.org/@commitlint%2fformat cache-miss
421 http cache https://registry.npmjs.org/npm-package-arg 36ms (cache hit)
422 silly packumentCache full:https://registry.npmjs.org/npm-package-arg set size:133940 disposed:false
423 silly fetch manifest @commitlint/lint@^21.0.2
424 silly packumentCache full:https://registry.npmjs.org/@commitlint%2flint cache-miss
425 http cache https://registry.npmjs.org/@schematics%2fangular 24ms (cache hit)
426 silly packumentCache full:https://registry.npmjs.org/@schematics%2fangular set size:2386712 disposed:false
427 silly fetch manifest @commitlint/load@^21.0.2
428 silly packumentCache full:https://registry.npmjs.org/@commitlint%2fload cache-miss
429 http cache https://registry.npmjs.org/@modelcontextprotocol%2fsdk 24ms (cache hit)
430 silly packumentCache full:https://registry.npmjs.org/@modelcontextprotocol%2fsdk set size:295660 disposed:false
431 silly fetch manifest @commitlint/read@^21.0.2
432 silly packumentCache full:https://registry.npmjs.org/@commitlint%2fread cache-miss
433 http cache https://registry.npmjs.org/@angular-devkit%2fcore 30ms (cache hit)
434 silly packumentCache full:https://registry.npmjs.org/@angular-devkit%2fcore set size:2380308 disposed:false
435 silly fetch manifest @commitlint/types@^21.0.1
436 silly packumentCache full:https://registry.npmjs.org/@commitlint%2ftypes cache-miss
437 http cache https://registry.npmjs.org/@listr2%2fprompt-adapter-inquirer 32ms (cache hit)
438 silly packumentCache full:https://registry.npmjs.org/@listr2%2fprompt-adapter-inquirer set size:131647 disposed:false
439 silly fetch manifest tinyexec@^1.0.0
440 silly packumentCache full:https://registry.npmjs.org/tinyexec cache-miss
441 http cache https://registry.npmjs.org/@commitlint%2fformat 24ms (cache hit)
442 silly packumentCache full:https://registry.npmjs.org/@commitlint%2fformat set size:177475 disposed:false
443 silly fetch manifest @commitlint/types@^21.0.1
444 silly packumentCache full:https://registry.npmjs.org/@commitlint%2ftypes cache-miss
445 http cache https://registry.npmjs.org/@angular-devkit%2fschematics 36ms (cache hit)
446 silly packumentCache full:https://registry.npmjs.org/@angular-devkit%2fschematics set size:2328170 disposed:false
447 silly fetch manifest conventional-changelog-conventionalcommits@^9.2.0
448 silly packumentCache full:https://registry.npmjs.org/conventional-changelog-conventionalcommits cache-miss
449 http cache https://registry.npmjs.org/@commitlint%2flint 35ms (cache hit)
450 silly packumentCache full:https://registry.npmjs.org/@commitlint%2flint set size:265989 disposed:false
451 silly fetch manifest @angular-devkit/core@>= 21.0.0 < 22.0.0
452 silly packumentCache full:https://registry.npmjs.org/@angular-devkit%2fcore cache-miss
453 http cache https://registry.npmjs.org/@commitlint%2ftypes 15ms (cache hit)
454 silly packumentCache full:https://registry.npmjs.org/@commitlint%2ftypes set size:98796 disposed:false
455 silly fetch manifest @angular-eslint/builder@21.0.1
456 silly packumentCache full:https://registry.npmjs.org/@angular-eslint%2fbuilder cache-miss
457 http cache https://registry.npmjs.org/@commitlint%2fread 24ms (cache hit)
458 silly packumentCache full:https://registry.npmjs.org/@commitlint%2fread set size:190109 disposed:false
459 silly fetch manifest @typescript-eslint/types@^8.0.0
460 silly packumentCache full:https://registry.npmjs.org/@typescript-eslint%2ftypes cache-miss
461 http cache https://registry.npmjs.org/tinyexec 16ms (cache hit)
462 silly packumentCache full:https://registry.npmjs.org/tinyexec set size:63398 disposed:false
463 silly fetch manifest @typescript-eslint/utils@^8.0.0
464 silly packumentCache full:https://registry.npmjs.org/@typescript-eslint%2futils cache-miss
465 http cache https://registry.npmjs.org/@commitlint%2fload 27ms (cache hit)
466 silly packumentCache full:https://registry.npmjs.org/@commitlint%2fload set size:298383 disposed:false
467 silly fetch manifest @angular-devkit/schematics@>= 21.0.0 < 22.0.0
468 silly packumentCache full:https://registry.npmjs.org/@angular-devkit%2fschematics cache-miss
469 http cache https://registry.npmjs.org/@commitlint%2ftypes 16ms (cache hit)
470 silly packumentCache full:https://registry.npmjs.org/@commitlint%2ftypes set size:98796 disposed:false
471 silly packumentCache full:https://registry.npmjs.org/@commitlint%2ftypes dispose
472 silly fetch manifest @angular-eslint/schematics@21.0.1
473 silly packumentCache full:https://registry.npmjs.org/@angular-eslint%2fschematics cache-miss
474 http cache https://registry.npmjs.org/conventional-changelog-conventionalcommits 9ms (cache hit)
475 silly packumentCache full:https://registry.npmjs.org/conventional-changelog-conventionalcommits set size:88164 disposed:false
476 silly fetch manifest @angular-eslint/eslint-plugin@21.0.1
477 silly packumentCache full:https://registry.npmjs.org/@angular-eslint%2feslint-plugin cache-miss
478 http cache https://registry.npmjs.org/@angular-devkit%2fcore 8ms (cache hit)
479 silly packumentCache full:https://registry.npmjs.org/@angular-devkit%2fcore set size:2380308 disposed:false
480 silly fetch manifest @angular-eslint/template-parser@21.0.1
481 silly packumentCache full:https://registry.npmjs.org/@angular-eslint%2ftemplate-parser cache-miss
482 http cache https://registry.npmjs.org/@angular-devkit%2fschematics 18ms (cache hit)
483 silly packumentCache full:https://registry.npmjs.org/@angular-devkit%2fschematics set size:2328170 disposed:false
484 silly fetch manifest @angular-eslint/eslint-plugin-template@21.0.1
485 silly packumentCache full:https://registry.npmjs.org/@angular-eslint%2feslint-plugin-template cache-miss
486 http cache https://registry.npmjs.org/@angular-eslint%2fbuilder 32ms (cache hit)
487 silly packumentCache full:https://registry.npmjs.org/@angular-eslint%2fbuilder set size:2673957 disposed:false
488 silly fetch manifest @typescript-eslint/utils@8.46.4
489 silly packumentCache full:https://registry.npmjs.org/@typescript-eslint%2futils cache-miss
490 http cache https://registry.npmjs.org/@typescript-eslint%2futils 44ms (cache hit)
491 silly packumentCache full:https://registry.npmjs.org/@typescript-eslint%2futils set size:10251956 disposed:false
492 silly fetch manifest @typescript-eslint/parser@8.46.4
493 silly packumentCache full:https://registry.npmjs.org/@typescript-eslint%2fparser cache-miss
494 http cache https://registry.npmjs.org/@angular-eslint%2feslint-plugin 94ms (cache hit)
495 silly packumentCache full:https://registry.npmjs.org/@angular-eslint%2feslint-plugin set size:2884350 disposed:false
496 silly fetch manifest @typescript-eslint/eslint-plugin@8.46.4
497 silly packumentCache full:https://registry.npmjs.org/@typescript-eslint%2feslint-plugin cache-miss
498 http cache https://registry.npmjs.org/@typescript-eslint%2ftypes 114ms (cache hit)
499 silly packumentCache full:https://registry.npmjs.org/@typescript-eslint%2ftypes set size:12343481 disposed:false
500 silly fetch manifest @typescript-eslint/typescript-estree@8.46.4
501 silly packumentCache full:https://registry.npmjs.org/@typescript-eslint%2ftypescript-estree cache-miss
502 http cache https://registry.npmjs.org/@angular-eslint%2fschematics 153ms (cache hit)
503 silly packumentCache full:https://registry.npmjs.org/@angular-eslint%2fschematics set size:3434997 disposed:false
504 silly fetch manifest ajv@^6.14.0
505 silly packumentCache full:https://registry.npmjs.org/ajv cache-miss
506 http cache https://registry.npmjs.org/@typescript-eslint%2futils 140ms (cache hit)
507 silly packumentCache full:https://registry.npmjs.org/@typescript-eslint%2futils set size:10251956 disposed:false
508 silly fetch manifest chalk@^4.0.0
509 silly packumentCache full:https://registry.npmjs.org/chalk cache-miss
510 http cache https://registry.npmjs.org/@angular-eslint%2ftemplate-parser 189ms (cache hit)
511 silly packumentCache full:https://registry.npmjs.org/@angular-eslint%2ftemplate-parser set size:2715722 disposed:false
512 silly fetch manifest debug@^4.3.2
513 silly packumentCache full:https://registry.npmjs.org/debug cache-miss
514 http cache https://registry.npmjs.org/@angular-eslint%2feslint-plugin-template 192ms (cache hit)
515 silly packumentCache full:https://registry.npmjs.org/@angular-eslint%2feslint-plugin-template set size:3071540 disposed:false
516 silly fetch manifest espree@^10.4.0
517 silly packumentCache full:https://registry.npmjs.org/espree cache-miss
518 http cache https://registry.npmjs.org/@typescript-eslint%2fparser 150ms (cache hit)
519 silly packumentCache full:https://registry.npmjs.org/@typescript-eslint%2fparser set size:15281021 disposed:false
520 silly fetch manifest ignore@^5.2.0
521 silly packumentCache full:https://registry.npmjs.org/ignore cache-miss
522 http cache https://registry.npmjs.org/ajv 153ms (cache hit)
523 silly packumentCache full:https://registry.npmjs.org/ajv set size:1142658 disposed:false
524 silly fetch manifest esquery@^1.5.0
525 silly packumentCache full:https://registry.npmjs.org/esquery cache-miss
526 http cache https://registry.npmjs.org/espree 92ms (cache hit)
527 silly packumentCache full:https://registry.npmjs.org/espree set size:326080 disposed:false
528 silly fetch manifest esutils@^2.0.2
529 silly packumentCache full:https://registry.npmjs.org/esutils cache-miss
530 http cache https://registry.npmjs.org/@typescript-eslint%2ftypescript-estree 187ms (cache hit)
531 silly packumentCache full:https://registry.npmjs.org/@typescript-eslint%2ftypescript-estree set size:16492200 disposed:false
532 silly fetch manifest find-up@^5.0.0
533 silly packumentCache full:https://registry.npmjs.org/find-up cache-miss
534 http cache https://registry.npmjs.org/chalk 182ms (cache hit)
535 silly packumentCache full:https://registry.npmjs.org/chalk set size:117861 disposed:false
536 silly fetch manifest is-glob@^4.0.0
537 silly packumentCache full:https://registry.npmjs.org/is-glob cache-miss
538 http cache https://registry.npmjs.org/ignore 80ms (cache hit)
539 silly packumentCache full:https://registry.npmjs.org/ignore set size:237380 disposed:false
540 silly fetch manifest minimatch@^3.1.5
541 silly packumentCache full:https://registry.npmjs.org/minimatch cache-miss
542 http cache https://registry.npmjs.org/@typescript-eslint%2feslint-plugin 296ms (cache hit)
543 silly packumentCache full:https://registry.npmjs.org/@typescript-eslint%2feslint-plugin set size:18053521 disposed:false
544 silly fetch manifest @eslint/js@9.39.4
545 silly packumentCache full:https://registry.npmjs.org/@eslint%2fjs cache-miss
546 http cache https://registry.npmjs.org/debug 256ms (cache hit)
547 silly packumentCache full:https://registry.npmjs.org/debug set size:195840 disposed:false
548 silly fetch manifest optionator@^0.9.3
549 silly packumentCache full:https://registry.npmjs.org/optionator cache-miss
550 http cache https://registry.npmjs.org/find-up 95ms (cache hit)
551 silly packumentCache full:https://registry.npmjs.org/find-up set size:42620 disposed:false
552 silly fetch manifest cross-spawn@^7.0.6
553 silly packumentCache full:https://registry.npmjs.org/cross-spawn cache-miss
554 http cache https://registry.npmjs.org/@eslint%2fjs 9ms (cache hit)
555 silly packumentCache full:https://registry.npmjs.org/@eslint%2fjs set size:140022 disposed:false
556 silly fetch manifest glob-parent@^6.0.2
557 silly packumentCache full:https://registry.npmjs.org/glob-parent cache-miss
558 http cache https://registry.npmjs.org/esutils 156ms (cache hit)
559 silly packumentCache full:https://registry.npmjs.org/esutils set size:29522 disposed:false
560 silly fetch manifest imurmurhash@^0.1.4
561 silly packumentCache full:https://registry.npmjs.org/imurmurhash cache-miss
562 http cache https://registry.npmjs.org/is-glob 96ms (cache hit)
563 silly packumentCache full:https://registry.npmjs.org/is-glob set size:40530 disposed:false
564 silly fetch manifest @eslint/core@^0.17.0
565 silly packumentCache full:https://registry.npmjs.org/@eslint%2fcore cache-miss
566 http cache https://registry.npmjs.org/minimatch 95ms (cache hit)
567 silly packumentCache full:https://registry.npmjs.org/minimatch set size:375282 disposed:false
568 silly fetch manifest eslint-scope@^8.4.0
569 silly packumentCache full:https://registry.npmjs.org/eslint-scope cache-miss
570 http cache https://registry.npmjs.org/optionator 10ms (cache hit)
571 silly packumentCache full:https://registry.npmjs.org/optionator set size:49651 disposed:false
572 silly fetch manifest lodash.merge@^4.6.2
573 silly packumentCache full:https://registry.npmjs.org/lodash.merge cache-miss
574 http cache https://registry.npmjs.org/esquery 163ms (cache hit)
575 silly packumentCache full:https://registry.npmjs.org/esquery set size:48888 disposed:false
576 silly fetch manifest @humanfs/node@^0.16.6
577 silly packumentCache full:https://registry.npmjs.org/@humanfs%2fnode cache-miss
578 http cache https://registry.npmjs.org/imurmurhash 6ms (cache hit)
579 silly packumentCache full:https://registry.npmjs.org/imurmurhash set size:35819 disposed:false
580 silly fetch manifest @types/estree@^1.0.6
581 silly packumentCache full:https://registry.npmjs.org/@types%2festree cache-miss
582 http cache https://registry.npmjs.org/glob-parent 8ms (cache hit)
583 silly packumentCache full:https://registry.npmjs.org/glob-parent set size:42445 disposed:false
584 silly fetch manifest fast-deep-equal@^3.1.3
585 silly packumentCache full:https://registry.npmjs.org/fast-deep-equal cache-miss
586 http cache https://registry.npmjs.org/@eslint%2fcore 6ms (cache hit)
587 silly packumentCache full:https://registry.npmjs.org/@eslint%2fcore set size:58023 disposed:false
588 silly fetch manifest natural-compare@^1.4.0
589 silly packumentCache full:https://registry.npmjs.org/natural-compare cache-miss
590 http cache https://registry.npmjs.org/@humanfs%2fnode 4ms (cache hit)
591 silly packumentCache full:https://registry.npmjs.org/@humanfs%2fnode set size:39629 disposed:false
592 silly fetch manifest @eslint/eslintrc@^3.3.5
593 silly packumentCache full:https://registry.npmjs.org/@eslint%2feslintrc cache-miss
594 http cache https://registry.npmjs.org/lodash.merge 6ms (cache hit)
595 silly packumentCache full:https://registry.npmjs.org/lodash.merge set size:78575 disposed:false
596 silly fetch manifest file-entry-cache@^8.0.0
597 silly packumentCache full:https://registry.npmjs.org/file-entry-cache cache-miss
598 http cache https://registry.npmjs.org/eslint-scope 6ms (cache hit)
599 silly packumentCache full:https://registry.npmjs.org/eslint-scope set size:98867 disposed:false
600 silly fetch manifest @eslint/plugin-kit@^0.4.1
601 silly packumentCache full:https://registry.npmjs.org/@eslint%2fplugin-kit cache-miss
602 http cache https://registry.npmjs.org/cross-spawn 12ms (cache hit)
603 silly packumentCache full:https://registry.npmjs.org/cross-spawn set size:109066 disposed:false
604 silly fetch manifest eslint-visitor-keys@^4.2.1
605 silly packumentCache full:https://registry.npmjs.org/eslint-visitor-keys cache-miss
606 http cache https://registry.npmjs.org/fast-deep-equal 6ms (cache hit)
607 silly packumentCache full:https://registry.npmjs.org/fast-deep-equal set size:48634 disposed:false
608 silly fetch manifest @eslint/config-array@^0.21.2
609 silly packumentCache full:https://registry.npmjs.org/@eslint%2fconfig-array cache-miss
610 http cache https://registry.npmjs.org/@types%2festree 7ms (cache hit)
611 silly packumentCache full:https://registry.npmjs.org/@types%2festree set size:76072 disposed:false
612 silly fetch manifest @humanwhocodes/retry@^0.4.2
613 silly packumentCache full:https://registry.npmjs.org/@humanwhocodes%2fretry cache-miss
614 http cache https://registry.npmjs.org/file-entry-cache 6ms (cache hit)
615 silly packumentCache full:https://registry.npmjs.org/file-entry-cache set size:154007 disposed:false
616 silly fetch manifest escape-string-regexp@^4.0.0
617 silly packumentCache full:https://registry.npmjs.org/escape-string-regexp cache-miss
618 http cache https://registry.npmjs.org/@eslint%2feslintrc 8ms (cache hit)
619 silly packumentCache full:https://registry.npmjs.org/@eslint%2feslintrc set size:168674 disposed:false
620 silly fetch manifest @eslint/config-helpers@^0.4.2
621 silly packumentCache full:https://registry.npmjs.org/@eslint%2fconfig-helpers cache-miss
622 http cache https://registry.npmjs.org/@eslint%2fplugin-kit 7ms (cache hit)
623 silly packumentCache full:https://registry.npmjs.org/@eslint%2fplugin-kit set size:76057 disposed:false
624 silly fetch manifest @eslint-community/regexpp@^4.12.1
625 silly packumentCache full:https://registry.npmjs.org/@eslint-community%2fregexpp cache-miss
626 http cache https://registry.npmjs.org/eslint-visitor-keys 7ms (cache hit)
627 silly packumentCache full:https://registry.npmjs.org/eslint-visitor-keys set size:69949 disposed:false
628 silly fetch manifest @eslint-community/eslint-utils@^4.8.0
629 silly packumentCache full:https://registry.npmjs.org/@eslint-community%2feslint-utils cache-miss
630 http cache https://registry.npmjs.org/natural-compare 10ms (cache hit)
631 silly packumentCache full:https://registry.npmjs.org/natural-compare set size:7852 disposed:false
632 silly fetch manifest @humanwhocodes/module-importer@^1.0.1
633 silly packumentCache full:https://registry.npmjs.org/@humanwhocodes%2fmodule-importer cache-miss
634 http cache https://registry.npmjs.org/@eslint%2fconfig-helpers 4ms (cache hit)
635 silly packumentCache full:https://registry.npmjs.org/@eslint%2fconfig-helpers set size:52610 disposed:false
636 silly fetch manifest json-stable-stringify-without-jsonify@^1.0.1
637 silly packumentCache full:https://registry.npmjs.org/json-stable-stringify-without-jsonify cache-miss
638 http cache https://registry.npmjs.org/@eslint%2fconfig-array 7ms (cache hit)
639 silly packumentCache full:https://registry.npmjs.org/@eslint%2fconfig-array set size:74140 disposed:false
640 silly fetch manifest di@^0.0.1
641 silly packumentCache full:https://registry.npmjs.org/di cache-miss
642 http cache https://registry.npmjs.org/escape-string-regexp 7ms (cache hit)
643 silly packumentCache full:https://registry.npmjs.org/escape-string-regexp set size:22244 disposed:false
644 silly fetch manifest tmp@^0.2.1
645 silly packumentCache full:https://registry.npmjs.org/tmp cache-miss
646 http cache https://registry.npmjs.org/@humanwhocodes%2fretry 8ms (cache hit)
647 silly packumentCache full:https://registry.npmjs.org/@humanwhocodes%2fretry set size:42348 disposed:false
648 silly fetch manifest glob@^7.1.7
649 silly packumentCache full:https://registry.npmjs.org/glob cache-miss
650 http cache https://registry.npmjs.org/@eslint-community%2fregexpp 6ms (cache hit)
651 silly packumentCache full:https://registry.npmjs.org/@eslint-community%2fregexpp set size:106609 disposed:false
652 silly fetch manifest mime@^2.5.2
653 silly packumentCache full:https://registry.npmjs.org/mime cache-miss
654 http cache https://registry.npmjs.org/@eslint-community%2feslint-utils 8ms (cache hit)
655 silly packumentCache full:https://registry.npmjs.org/@eslint-community%2feslint-utils set size:93301 disposed:false
656 silly fetch manifest qjobs@^1.2.0
657 silly packumentCache full:https://registry.npmjs.org/qjobs cache-miss
658 http cache https://registry.npmjs.org/@humanwhocodes%2fmodule-importer 8ms (cache hit)
659 silly packumentCache full:https://registry.npmjs.org/@humanwhocodes%2fmodule-importer set size:9516 disposed:false
660 silly fetch manifest yargs@^16.1.1
661 silly packumentCache full:https://registry.npmjs.org/yargs cache-hit
662 silly fetch manifest braces@^3.0.2
663 silly packumentCache full:https://registry.npmjs.org/braces cache-miss
664 http cache https://registry.npmjs.org/tmp 8ms (cache hit)
665 silly packumentCache full:https://registry.npmjs.org/tmp set size:79523 disposed:false
666 silly fetch manifest lodash@^4.17.21
667 silly packumentCache full:https://registry.npmjs.org/lodash cache-miss
668 http cache https://registry.npmjs.org/mime 8ms (cache hit)
669 silly packumentCache full:https://registry.npmjs.org/mime set size:119236 disposed:false
670 silly fetch manifest log4js@^6.4.1
671 silly packumentCache full:https://registry.npmjs.org/log4js cache-miss
672 http cache https://registry.npmjs.org/json-stable-stringify-without-jsonify 11ms (cache hit)
673 silly packumentCache full:https://registry.npmjs.org/json-stable-stringify-without-jsonify set size:5808 disposed:false
674 silly fetch manifest mkdirp@^0.5.5
675 silly packumentCache full:https://registry.npmjs.org/mkdirp cache-miss
676 http cache https://registry.npmjs.org/di 10ms (cache hit)
677 silly packumentCache full:https://registry.npmjs.org/di set size:28722 disposed:false
678 silly fetch manifest rimraf@^3.0.2
679 silly packumentCache full:https://registry.npmjs.org/rimraf cache-miss
680 http cache https://registry.npmjs.org/glob 10ms (cache hit)
681 silly packumentCache full:https://registry.npmjs.org/glob set size:469465 disposed:false
682 silly fetch manifest connect@^3.7.0
683 silly packumentCache full:https://registry.npmjs.org/connect cache-miss
684 http cache https://registry.npmjs.org/qjobs 9ms (cache hit)
685 silly packumentCache full:https://registry.npmjs.org/qjobs set size:24885 disposed:false
686 silly fetch manifest chokidar@^3.5.1
687 silly packumentCache full:https://registry.npmjs.org/chokidar cache-hit
688 silly fetch manifest minimatch@^3.0.4
689 silly packumentCache full:https://registry.npmjs.org/minimatch cache-hit
690 silly fetch manifest socket.io@^4.7.2
691 silly packumentCache full:https://registry.npmjs.org/socket.io cache-miss
692 http cache https://registry.npmjs.org/braces 9ms (cache hit)
693 silly packumentCache full:https://registry.npmjs.org/braces set size:114529 disposed:false
694 silly fetch manifest http-proxy@^1.18.1
695 silly packumentCache full:https://registry.npmjs.org/http-proxy cache-miss
696 http cache https://registry.npmjs.org/lodash 9ms (cache hit)
697 silly packumentCache full:https://registry.npmjs.org/lodash set size:247652 disposed:false
698 silly fetch manifest source-map@^0.6.1
699 silly packumentCache full:https://registry.npmjs.org/source-map cache-miss
700 http cache https://registry.npmjs.org/mkdirp 10ms (cache hit)
701 silly packumentCache full:https://registry.npmjs.org/mkdirp set size:116431 disposed:false
702 silly fetch manifest body-parser@^1.19.0
703 silly packumentCache full:https://registry.npmjs.org/body-parser cache-miss
704 http cache https://registry.npmjs.org/log4js 11ms (cache hit)
705 silly packumentCache full:https://registry.npmjs.org/log4js set size:409677 disposed:false
706 silly fetch manifest graceful-fs@^4.2.6
707 silly packumentCache full:https://registry.npmjs.org/graceful-fs cache-miss
708 http cache https://registry.npmjs.org/rimraf 13ms (cache hit)
709 silly packumentCache full:https://registry.npmjs.org/rimraf set size:212626 disposed:false
710 silly fetch manifest isbinaryfile@^4.0.8
711 silly packumentCache full:https://registry.npmjs.org/isbinaryfile cache-miss
712 http cache https://registry.npmjs.org/connect 11ms (cache hit)
713 silly packumentCache full:https://registry.npmjs.org/connect set size:438385 disposed:false
714 silly fetch manifest range-parser@^1.2.1
715 silly packumentCache full:https://registry.npmjs.org/range-parser cache-miss
716 http cache https://registry.npmjs.org/socket.io 15ms (cache hit)
717 silly packumentCache full:https://registry.npmjs.org/socket.io set size:379231 disposed:false
718 silly fetch manifest ua-parser-js@^0.7.30
719 silly packumentCache full:https://registry.npmjs.org/ua-parser-js cache-miss
720 http cache https://registry.npmjs.org/http-proxy 17ms (cache hit)
721 silly packumentCache full:https://registry.npmjs.org/http-proxy set size:183156 disposed:false
722 silly fetch manifest dom-serialize@^2.2.1
723 silly packumentCache full:https://registry.npmjs.org/dom-serialize cache-miss
724 http cache https://registry.npmjs.org/body-parser 15ms (cache hit)
725 silly packumentCache full:https://registry.npmjs.org/body-parser set size:199299 disposed:false
726 silly fetch manifest @colors/colors@1.5.0
727 silly packumentCache full:https://registry.npmjs.org/@colors%2fcolors cache-miss
728 http cache https://registry.npmjs.org/source-map 17ms (cache hit)
729 silly packumentCache full:https://registry.npmjs.org/source-map set size:226212 disposed:false
730 silly fetch manifest which@^1.2.1
731 silly packumentCache full:https://registry.npmjs.org/which cache-miss
732 http cache https://registry.npmjs.org/range-parser 11ms (cache hit)
733 silly packumentCache full:https://registry.npmjs.org/range-parser set size:22228 disposed:false
734 silly fetch manifest istanbul-lib-coverage@^3.2.0
735 silly packumentCache full:https://registry.npmjs.org/istanbul-lib-coverage cache-miss
736 http cache https://registry.npmjs.org/isbinaryfile 14ms (cache hit)
737 silly packumentCache full:https://registry.npmjs.org/isbinaryfile set size:84537 disposed:false
738 silly fetch manifest istanbul-lib-instrument@^5.1.0
739 silly packumentCache full:https://registry.npmjs.org/istanbul-lib-instrument cache-hit
740 silly fetch manifest istanbul-lib-report@^3.0.0
741 silly packumentCache full:https://registry.npmjs.org/istanbul-lib-report cache-miss
742 http cache https://registry.npmjs.org/graceful-fs 17ms (cache hit)
743 silly packumentCache full:https://registry.npmjs.org/graceful-fs set size:124285 disposed:false
744 silly fetch manifest istanbul-lib-source-maps@^4.0.1
745 silly packumentCache full:https://registry.npmjs.org/istanbul-lib-source-maps cache-miss
746 http cache https://registry.npmjs.org/ua-parser-js 10ms (cache hit)
747 silly packumentCache full:https://registry.npmjs.org/ua-parser-js set size:719507 disposed:false
748 silly fetch manifest istanbul-reports@^3.0.5
749 silly packumentCache full:https://registry.npmjs.org/istanbul-reports cache-miss
750 http cache https://registry.npmjs.org/dom-serialize 12ms (cache hit)
751 silly packumentCache full:https://registry.npmjs.org/dom-serialize set size:14341 disposed:false
752 silly fetch manifest jasmine-core@^4.1.0
753 silly packumentCache full:https://registry.npmjs.org/jasmine-core cache-hit
754 silly fetch manifest yaml@^2.8.2
755 silly packumentCache full:https://registry.npmjs.org/yaml cache-miss
756 http cache https://registry.npmjs.org/istanbul-lib-coverage 9ms (cache hit)
757 silly packumentCache full:https://registry.npmjs.org/istanbul-lib-coverage set size:75651 disposed:false
758 silly fetch manifest listr2@^9.0.5
759 silly packumentCache full:https://registry.npmjs.org/listr2 cache-miss
760 http cache https://registry.npmjs.org/istanbul-reports 4ms (cache hit)
761 silly packumentCache full:https://registry.npmjs.org/istanbul-reports set size:148926 disposed:false
762 silly fetch manifest tinyexec@^1.0.4
763 silly packumentCache full:https://registry.npmjs.org/tinyexec cache-hit
764 silly fetch manifest commander@^14.0.3
765 silly packumentCache full:https://registry.npmjs.org/commander cache-miss
766 http cache https://registry.npmjs.org/istanbul-lib-source-maps 9ms (cache hit)
767 silly packumentCache full:https://registry.npmjs.org/istanbul-lib-source-maps set size:104683 disposed:false
768 silly fetch manifest picomatch@^4.0.3
769 silly packumentCache full:https://registry.npmjs.org/picomatch cache-hit
770 silly fetch manifest string-argv@^0.3.2
771 silly packumentCache full:https://registry.npmjs.org/string-argv cache-miss
772 http cache https://registry.npmjs.org/istanbul-lib-report 11ms (cache hit)
773 silly packumentCache full:https://registry.npmjs.org/istanbul-lib-report set size:66223 disposed:false
774 http cache https://registry.npmjs.org/which 14ms (cache hit)
775 silly packumentCache full:https://registry.npmjs.org/which set size:70143 disposed:false
776 http cache https://registry.npmjs.org/@colors%2fcolors 17ms (cache hit)
777 silly packumentCache full:https://registry.npmjs.org/@colors%2fcolors set size:12042 disposed:false
778 http cache https://registry.npmjs.org/yaml 10ms (cache hit)
779 silly packumentCache full:https://registry.npmjs.org/yaml set size:385754 disposed:false
780 http cache https://registry.npmjs.org/listr2 11ms (cache hit)
781 silly packumentCache full:https://registry.npmjs.org/listr2 set size:1056609 disposed:false
782 http cache https://registry.npmjs.org/string-argv 12ms (cache hit)
783 silly packumentCache full:https://registry.npmjs.org/string-argv set size:28606 disposed:false
784 http cache https://registry.npmjs.org/commander 14ms (cache hit)
785 silly packumentCache full:https://registry.npmjs.org/commander set size:353115 disposed:false
786 silly fetch manifest @types/node@^20.19.0 || >=22.12.0
787 silly packumentCache full:https://registry.npmjs.org/@types%2fnode cache-miss
788 http cache https://registry.npmjs.org/@types%2fnode 11ms (cache hit)
789 silly packumentCache full:https://registry.npmjs.org/@types%2fnode set size:11047915 disposed:false
790 silly fetch manifest jiti@>=1.21.0
791 silly packumentCache full:https://registry.npmjs.org/jiti cache-hit
792 silly fetch manifest lightningcss@^1.21.0
793 silly packumentCache full:https://registry.npmjs.org/lightningcss cache-miss
794 http cache https://registry.npmjs.org/lightningcss 2ms (cache hit)
795 silly packumentCache full:https://registry.npmjs.org/lightningcss set size:186753 disposed:false
796 silly fetch manifest sass-embedded@^1.70.0
797 silly packumentCache full:https://registry.npmjs.org/sass-embedded cache-miss
798 http cache https://registry.npmjs.org/sass-embedded 2ms (cache hit)
799 silly packumentCache full:https://registry.npmjs.org/sass-embedded set size:419718 disposed:false
800 silly fetch manifest stylus@>=0.54.8
801 silly packumentCache full:https://registry.npmjs.org/stylus cache-miss
802 http cache https://registry.npmjs.org/stylus 4ms (cache hit)
803 silly packumentCache full:https://registry.npmjs.org/stylus set size:286766 disposed:false
804 silly fetch manifest sugarss@^5.0.0
805 silly packumentCache full:https://registry.npmjs.org/sugarss cache-miss
806 http cache https://registry.npmjs.org/sugarss 1ms (cache hit)
807 silly packumentCache full:https://registry.npmjs.org/sugarss set size:44975 disposed:false
808 silly fetch manifest terser@^5.16.0
809 silly packumentCache full:https://registry.npmjs.org/terser cache-miss
810 http cache https://registry.npmjs.org/terser 1ms (cache hit)
811 silly packumentCache full:https://registry.npmjs.org/terser set size:803566 disposed:false
812 silly fetch manifest tsx@^4.8.1
813 silly packumentCache full:https://registry.npmjs.org/tsx cache-miss
814 http cache https://registry.npmjs.org/tsx 2ms (cache hit)
815 silly packumentCache full:https://registry.npmjs.org/tsx set size:304668 disposed:false
816 silly fetch manifest yaml@^2.4.2
817 silly packumentCache full:https://registry.npmjs.org/yaml cache-hit
818 silly fetch manifest @types/node@>=18
819 silly packumentCache full:https://registry.npmjs.org/@types%2fnode cache-miss
820 http cache https://registry.npmjs.org/@types%2fnode 11ms (cache hit)
821 silly packumentCache full:https://registry.npmjs.org/@types%2fnode set size:11047915 disposed:false
822 silly placeDep ROOT @ampproject/remapping@2.3.0 OK for: @angular/build@20.3.28 want: 2.3.0
823 silly placeDep ROOT @angular-devkit/architect@0.2003.28 OK for: @angular/build@20.3.28 want: 0.2003.28
824 silly placeDep ROOT @babel/core@7.28.3 OK for: @angular/build@20.3.28 want: 7.28.3
825 silly placeDep ROOT @babel/helper-annotate-as-pure@7.27.3 OK for: @angular/build@20.3.28 want: 7.27.3
826 silly placeDep ROOT @babel/helper-split-export-declaration@7.24.7 OK for: @angular/build@20.3.28 want: 7.24.7
827 silly placeDep ROOT @inquirer/confirm@5.1.14 OK for: @angular/build@20.3.28 want: 5.1.14
828 silly placeDep ROOT @vitejs/plugin-basic-ssl@2.1.0 OK for: @angular/build@20.3.28 want: 2.1.0
829 silly placeDep ROOT vite@7.3.2 OK for: @vitejs/plugin-basic-ssl@2.1.0 want: ^6.0.0 || ^7.0.0
830 silly placeDep ROOT beasties@0.3.5 OK for: @angular/build@20.3.28 want: 0.3.5
831 silly placeDep ROOT browserslist@4.28.2 OK for: @angular/build@20.3.28 want: ^4.23.0
832 silly placeDep ROOT esbuild@0.28.0 OK for: @angular/build@20.3.28 want: 0.28.0
833 silly placeDep ROOT https-proxy-agent@7.0.6 OK for: @angular/build@20.3.28 want: 7.0.6
834 silly placeDep ROOT istanbul-lib-instrument@6.0.3 OK for: @angular/build@20.3.28 want: 6.0.3
835 silly placeDep ROOT jsonc-parser@3.3.1 OK for: @angular/build@20.3.28 want: 3.3.1
836 silly placeDep ROOT listr2@9.0.1 OK for: @angular/build@20.3.28 want: 9.0.1
837 silly placeDep ROOT lmdb@3.4.2 OK for: @angular/build@20.3.28 want: 3.4.2
838 silly placeDep ROOT magic-string@0.30.17 OK for: @angular/build@20.3.28 want: 0.30.17
839 silly placeDep ROOT mrmime@2.0.1 OK for: @angular/build@20.3.28 want: 2.0.1
840 silly placeDep ROOT parse5-html-rewriting-stream@8.0.0 OK for: @angular/build@20.3.28 want: 8.0.0
841 silly placeDep ROOT picomatch@4.0.4 OK for: @angular/build@20.3.28 want: 4.0.4
842 silly placeDep ROOT piscina@5.1.3 OK for: @angular/build@20.3.28 want: 5.1.3
843 silly placeDep ROOT rollup@4.59.0 OK for: @angular/build@20.3.28 want: 4.59.0
844 silly placeDep ROOT sass@1.90.0 OK for: @angular/build@20.3.28 want: 1.90.0
845 silly placeDep ROOT semver@7.7.2 OK for: @angular/build@20.3.28 want: 7.7.2
846 silly placeDep ROOT source-map-support@0.5.21 OK for: @angular/build@20.3.28 want: 0.5.21
847 silly placeDep ROOT tinyglobby@0.2.14 OK for: @angular/build@20.3.28 want: 0.2.14
848 silly placeDep ROOT watchpack@2.4.4 OK for: @angular/build@20.3.28 want: 2.4.4
849 silly fetch manifest @jridgewell/gen-mapping@^0.3.5
850 silly packumentCache full:https://registry.npmjs.org/@jridgewell%2fgen-mapping cache-miss
851 silly fetch manifest @jridgewell/trace-mapping@^0.3.24
852 silly packumentCache full:https://registry.npmjs.org/@jridgewell%2ftrace-mapping cache-miss
853 silly fetch manifest debug@^4.1.0
854 silly packumentCache full:https://registry.npmjs.org/debug cache-hit
855 silly fetch manifest json5@^2.2.3
856 silly packumentCache full:https://registry.npmjs.org/json5 cache-miss
857 silly fetch manifest semver@^6.3.1
858 silly packumentCache full:https://registry.npmjs.org/semver cache-hit
859 silly fetch manifest gensync@^1.0.0-beta.2
860 silly packumentCache full:https://registry.npmjs.org/gensync cache-miss
861 silly fetch manifest @babel/types@^7.28.2
862 silly packumentCache full:https://registry.npmjs.org/@babel%2ftypes cache-miss
863 silly fetch manifest @babel/parser@^7.28.3
864 silly packumentCache full:https://registry.npmjs.org/@babel%2fparser cache-miss
865 silly fetch manifest @babel/helpers@^7.28.3
866 silly packumentCache full:https://registry.npmjs.org/@babel%2fhelpers cache-miss
867 http cache https://registry.npmjs.org/@jridgewell%2ftrace-mapping 7ms (cache hit)
868 silly packumentCache full:https://registry.npmjs.org/@jridgewell%2ftrace-mapping set size:170909 disposed:false
869 silly fetch manifest @babel/template@^7.27.2
870 silly packumentCache full:https://registry.npmjs.org/@babel%2ftemplate cache-miss
871 http cache https://registry.npmjs.org/gensync 7ms (cache hit)
872 silly packumentCache full:https://registry.npmjs.org/gensync set size:15068 disposed:false
873 silly fetch manifest @babel/traverse@^7.28.3
874 silly packumentCache full:https://registry.npmjs.org/@babel%2ftraverse cache-miss
875 http cache https://registry.npmjs.org/@jridgewell%2fgen-mapping 9ms (cache hit)
876 silly packumentCache full:https://registry.npmjs.org/@jridgewell%2fgen-mapping set size:75941 disposed:false
877 silly fetch manifest @babel/generator@^7.28.3
878 silly packumentCache full:https://registry.npmjs.org/@babel%2fgenerator cache-miss
879 http cache https://registry.npmjs.org/@babel%2fhelpers 9ms (cache hit)
880 silly packumentCache full:https://registry.npmjs.org/@babel%2fhelpers set size:396351 disposed:false
881 silly fetch manifest @babel/code-frame@^7.27.1
882 silly packumentCache full:https://registry.npmjs.org/@babel%2fcode-frame cache-miss
883 http cache https://registry.npmjs.org/json5 11ms (cache hit)
884 silly packumentCache full:https://registry.npmjs.org/json5 set size:86136 disposed:false
885 silly fetch manifest convert-source-map@^2.0.0
886 silly packumentCache full:https://registry.npmjs.org/convert-source-map cache-hit
887 silly fetch manifest @babel/helper-module-transforms@^7.28.3
888 silly packumentCache full:https://registry.npmjs.org/@babel%2fhelper-module-transforms cache-miss
889 http cache https://registry.npmjs.org/@babel%2fparser 12ms (cache hit)
890 silly packumentCache full:https://registry.npmjs.org/@babel%2fparser set size:730539 disposed:false
891 silly fetch manifest @babel/helper-compilation-targets@^7.27.2
892 silly packumentCache full:https://registry.npmjs.org/@babel%2fhelper-compilation-targets cache-miss
893 http cache https://registry.npmjs.org/@babel%2ftypes 15ms (cache hit)
894 silly packumentCache full:https://registry.npmjs.org/@babel%2ftypes set size:496342 disposed:false
895 silly fetch manifest @babel/types@^7.27.3
896 silly packumentCache full:https://registry.npmjs.org/@babel%2ftypes cache-hit
897 silly fetch manifest @babel/types@^7.24.7
898 silly packumentCache full:https://registry.npmjs.org/@babel%2ftypes cache-hit
899 silly fetch manifest @inquirer/core@^10.1.15
900 silly packumentCache full:https://registry.npmjs.org/@inquirer%2fcore cache-miss
901 http cache https://registry.npmjs.org/@babel%2ftemplate 12ms (cache hit)
902 silly packumentCache full:https://registry.npmjs.org/@babel%2ftemplate set size:235045 disposed:false
903 silly fetch manifest @inquirer/type@^3.0.8
904 silly packumentCache full:https://registry.npmjs.org/@inquirer%2ftype cache-miss
905 http cache https://registry.npmjs.org/@babel%2fcode-frame 14ms (cache hit)
906 silly packumentCache full:https://registry.npmjs.org/@babel%2fcode-frame set size:204481 disposed:false
907 silly fetch manifest fdir@^6.5.0
908 silly packumentCache full:https://registry.npmjs.org/fdir cache-miss
909 http cache https://registry.npmjs.org/@babel%2fhelper-module-transforms 15ms (cache hit)
910 silly packumentCache full:https://registry.npmjs.org/@babel%2fhelper-module-transforms set size:342070 disposed:false
911 silly fetch manifest rollup@^4.43.0
912 silly packumentCache full:https://registry.npmjs.org/rollup cache-miss
913 http cache https://registry.npmjs.org/@babel%2fgenerator 20ms (cache hit)
914 silly packumentCache full:https://registry.npmjs.org/@babel%2fgenerator set size:518214 disposed:false
915 silly fetch manifest esbuild@^0.27.0
916 silly packumentCache full:https://registry.npmjs.org/esbuild cache-miss
917 http cache https://registry.npmjs.org/@inquirer%2fcore 13ms (cache hit)
918 silly packumentCache full:https://registry.npmjs.org/@inquirer%2fcore set size:353358 disposed:false
919 silly fetch manifest postcss@^8.5.6
920 silly packumentCache full:https://registry.npmjs.org/postcss cache-hit
921 silly fetch manifest tinyglobby@^0.2.15
922 silly packumentCache full:https://registry.npmjs.org/tinyglobby cache-hit
923 silly fetch manifest fsevents@~2.3.3
924 silly packumentCache full:https://registry.npmjs.org/fsevents cache-miss
925 http cache https://registry.npmjs.org/@babel%2ftraverse 26ms (cache hit)
926 silly packumentCache full:https://registry.npmjs.org/@babel%2ftraverse set size:557773 disposed:false
927 silly fetch manifest postcss@^8.4.49
928 silly packumentCache full:https://registry.npmjs.org/postcss cache-hit
929 silly fetch manifest css-what@^7.0.0
930 silly packumentCache full:https://registry.npmjs.org/css-what cache-miss
931 http cache https://registry.npmjs.org/@babel%2fhelper-compilation-targets 20ms (cache hit)
932 silly packumentCache full:https://registry.npmjs.org/@babel%2fhelper-compilation-targets set size:227372 disposed:false
933 silly fetch manifest css-select@^6.0.0
934 silly packumentCache full:https://registry.npmjs.org/css-select cache-miss
935 http cache https://registry.npmjs.org/esbuild 10ms (cache hit)
936 silly packumentCache full:https://registry.npmjs.org/esbuild set size:1259608 disposed:false
937 silly fetch manifest domhandler@^5.0.3
938 silly packumentCache full:https://registry.npmjs.org/domhandler cache-miss
939 http cache https://registry.npmjs.org/fdir 20ms (cache hit)
940 silly packumentCache full:https://registry.npmjs.org/fdir set size:136182 disposed:false
941 silly fetch manifest picocolors@^1.1.1
942 silly packumentCache full:https://registry.npmjs.org/picocolors cache-miss
943 http cache https://registry.npmjs.org/rollup 25ms (cache hit)
944 silly packumentCache full:https://registry.npmjs.org/rollup set size:6217825 disposed:false
945 silly fetch manifest htmlparser2@^10.0.0
946 silly packumentCache full:https://registry.npmjs.org/htmlparser2 cache-miss
947 http cache https://registry.npmjs.org/fsevents 62ms (cache hit)
948 silly packumentCache full:https://registry.npmjs.org/fsevents set size:182472 disposed:false
949 silly fetch manifest dom-serializer@^2.0.0
950 silly packumentCache full:https://registry.npmjs.org/dom-serializer cache-miss
951 http cache https://registry.npmjs.org/@inquirer%2ftype 77ms (cache hit)
952 silly packumentCache full:https://registry.npmjs.org/@inquirer%2ftype set size:119899 disposed:false
953 silly fetch manifest postcss-media-query-parser@^0.2.3
954 silly packumentCache full:https://registry.npmjs.org/postcss-media-query-parser cache-miss
955 http cache https://registry.npmjs.org/css-what 66ms (cache hit)
956 silly packumentCache full:https://registry.npmjs.org/css-what set size:81721 disposed:false
957 silly fetch manifest baseline-browser-mapping@^2.10.12
958 silly packumentCache full:https://registry.npmjs.org/baseline-browser-mapping cache-miss
959 http cache https://registry.npmjs.org/css-select 65ms (cache hit)
960 silly packumentCache full:https://registry.npmjs.org/css-select set size:111202 disposed:false
961 silly fetch manifest caniuse-lite@^1.0.30001782
962 silly packumentCache full:https://registry.npmjs.org/caniuse-lite cache-miss
963 http cache https://registry.npmjs.org/domhandler 58ms (cache hit)
964 silly packumentCache full:https://registry.npmjs.org/domhandler set size:78187 disposed:false
965 silly fetch manifest electron-to-chromium@^1.5.328
966 silly packumentCache full:https://registry.npmjs.org/electron-to-chromium cache-miss
967 http cache https://registry.npmjs.org/htmlparser2 15ms (cache hit)
968 silly packumentCache full:https://registry.npmjs.org/htmlparser2 set size:176911 disposed:false
969 silly fetch manifest node-releases@^2.0.36
970 silly packumentCache full:https://registry.npmjs.org/node-releases cache-miss
971 http cache https://registry.npmjs.org/picocolors 58ms (cache hit)
972 silly packumentCache full:https://registry.npmjs.org/picocolors set size:16648 disposed:false
973 silly fetch manifest update-browserslist-db@^1.2.3
974 silly packumentCache full:https://registry.npmjs.org/update-browserslist-db cache-miss
975 http cache https://registry.npmjs.org/postcss-media-query-parser 8ms (cache hit)
976 silly packumentCache full:https://registry.npmjs.org/postcss-media-query-parser set size:18322 disposed:false
977 silly fetch manifest @esbuild/aix-ppc64@0.28.0
978 silly packumentCache full:https://registry.npmjs.org/@esbuild%2faix-ppc64 cache-miss
979 http cache https://registry.npmjs.org/dom-serializer 11ms (cache hit)
980 silly packumentCache full:https://registry.npmjs.org/dom-serializer set size:61296 disposed:false
981 silly fetch manifest @esbuild/linux-arm@0.28.0
982 silly packumentCache full:https://registry.npmjs.org/@esbuild%2flinux-arm cache-miss
983 http cache https://registry.npmjs.org/caniuse-lite 8ms (cache hit)
984 silly packumentCache full:https://registry.npmjs.org/caniuse-lite set size:2297040 disposed:false
985 silly fetch manifest @esbuild/linux-x64@0.28.0
986 silly packumentCache full:https://registry.npmjs.org/@esbuild%2flinux-x64 cache-miss
987 http cache https://registry.npmjs.org/baseline-browser-mapping 15ms (cache hit)
988 silly packumentCache full:https://registry.npmjs.org/baseline-browser-mapping set size:510160 disposed:false
989 silly fetch manifest @esbuild/sunos-x64@0.28.0
990 silly packumentCache full:https://registry.npmjs.org/@esbuild%2fsunos-x64 cache-miss
991 http cache https://registry.npmjs.org/node-releases 14ms (cache hit)
992 silly packumentCache full:https://registry.npmjs.org/node-releases set size:283168 disposed:false
993 silly fetch manifest @esbuild/win32-x64@0.28.0
994 silly packumentCache full:https://registry.npmjs.org/@esbuild%2fwin32-x64 cache-miss
995 http cache https://registry.npmjs.org/update-browserslist-db 15ms (cache hit)
996 silly packumentCache full:https://registry.npmjs.org/update-browserslist-db set size:62000 disposed:false
997 silly fetch manifest @esbuild/darwin-x64@0.28.0
998 silly packumentCache full:https://registry.npmjs.org/@esbuild%2fdarwin-x64 cache-miss
999 http cache https://registry.npmjs.org/electron-to-chromium 21ms (cache hit)
1000 silly packumentCache full:https://registry.npmjs.org/electron-to-chromium set size:4827423 disposed:false
1001 silly fetch manifest @esbuild/linux-ia32@0.28.0
1002 silly packumentCache full:https://registry.npmjs.org/@esbuild%2flinux-ia32 cache-miss
1003 http cache https://registry.npmjs.org/@esbuild%2faix-ppc64 35ms (cache hit)
1004 silly packumentCache full:https://registry.npmjs.org/@esbuild%2faix-ppc64 set size:65972 disposed:false
1005 silly fetch manifest @esbuild/netbsd-x64@0.28.0
1006 silly packumentCache full:https://registry.npmjs.org/@esbuild%2fnetbsd-x64 cache-miss
1007 http cache https://registry.npmjs.org/@esbuild%2flinux-arm 34ms (cache hit)
1008 silly packumentCache full:https://registry.npmjs.org/@esbuild%2flinux-arm set size:196784 disposed:false
1009 silly fetch manifest @esbuild/win32-ia32@0.28.0
1010 silly packumentCache full:https://registry.npmjs.org/@esbuild%2fwin32-ia32 cache-miss
1011 http cache https://registry.npmjs.org/@esbuild%2flinux-x64 28ms (cache hit)
1012 silly packumentCache full:https://registry.npmjs.org/@esbuild%2flinux-x64 set size:197126 disposed:false
1013 silly fetch manifest @esbuild/android-arm@0.28.0
1014 silly packumentCache full:https://registry.npmjs.org/@esbuild%2fandroid-arm cache-miss
1015 http cache https://registry.npmjs.org/@esbuild%2fsunos-x64 27ms (cache hit)
1016 silly packumentCache full:https://registry.npmjs.org/@esbuild%2fsunos-x64 set size:197370 disposed:false
1017 silly fetch manifest @esbuild/android-x64@0.28.0
1018 silly packumentCache full:https://registry.npmjs.org/@esbuild%2fandroid-x64 cache-miss
1019 http cache https://registry.npmjs.org/@esbuild%2fdarwin-x64 24ms (cache hit)
1020 silly packumentCache full:https://registry.npmjs.org/@esbuild%2fdarwin-x64 set size:197848 disposed:false
1021 silly fetch manifest @esbuild/freebsd-x64@0.28.0
1022 silly packumentCache full:https://registry.npmjs.org/@esbuild%2ffreebsd-x64 cache-miss
1023 http cache https://registry.npmjs.org/@esbuild%2fwin32-x64 26ms (cache hit)
1024 silly packumentCache full:https://registry.npmjs.org/@esbuild%2fwin32-x64 set size:195722 disposed:false
1025 silly fetch manifest @esbuild/linux-arm64@0.28.0
1026 silly packumentCache full:https://registry.npmjs.org/@esbuild%2flinux-arm64 cache-miss
1027 http cache https://registry.npmjs.org/@esbuild%2fnetbsd-x64 7ms (cache hit)
1028 silly packumentCache full:https://registry.npmjs.org/@esbuild%2fnetbsd-x64 set size:195514 disposed:false
1029 silly fetch manifest @esbuild/linux-ppc64@0.28.0
1030 silly packumentCache full:https://registry.npmjs.org/@esbuild%2flinux-ppc64 cache-miss
1031 http cache https://registry.npmjs.org/@esbuild%2flinux-ia32 8ms (cache hit)
1032 silly packumentCache full:https://registry.npmjs.org/@esbuild%2flinux-ia32 set size:197805 disposed:false
1033 silly fetch manifest @esbuild/linux-s390x@0.28.0
1034 silly packumentCache full:https://registry.npmjs.org/@esbuild%2flinux-s390x cache-miss
1035 http cache https://registry.npmjs.org/@esbuild%2fwin32-ia32 11ms (cache hit)
1036 silly packumentCache full:https://registry.npmjs.org/@esbuild%2fwin32-ia32 set size:198030 disposed:false
1037 silly fetch manifest @esbuild/openbsd-x64@0.28.0
1038 silly packumentCache full:https://registry.npmjs.org/@esbuild%2fopenbsd-x64 cache-miss
1039 http cache https://registry.npmjs.org/@esbuild%2fandroid-arm 10ms (cache hit)
1040 silly packumentCache full:https://registry.npmjs.org/@esbuild%2fandroid-arm set size:223400 disposed:false
1041 silly fetch manifest @esbuild/win32-arm64@0.28.0
1042 silly packumentCache full:https://registry.npmjs.org/@esbuild%2fwin32-arm64 cache-miss
1043 http cache https://registry.npmjs.org/@esbuild%2fandroid-x64 10ms (cache hit)
1044 silly packumentCache full:https://registry.npmjs.org/@esbuild%2fandroid-x64 set size:197200 disposed:false
1045 silly fetch manifest @esbuild/darwin-arm64@0.28.0
1046 silly packumentCache full:https://registry.npmjs.org/@esbuild%2fdarwin-arm64 cache-miss
1047 http cache https://registry.npmjs.org/@esbuild%2ffreebsd-x64 9ms (cache hit)
1048 silly packumentCache full:https://registry.npmjs.org/@esbuild%2ffreebsd-x64 set size:198734 disposed:false
1049 silly fetch manifest @esbuild/netbsd-arm64@0.28.0
1050 silly packumentCache full:https://registry.npmjs.org/@esbuild%2fnetbsd-arm64 cache-miss
1051 http cache https://registry.npmjs.org/@esbuild%2flinux-arm64 9ms (cache hit)
1052 silly packumentCache full:https://registry.npmjs.org/@esbuild%2flinux-arm64 set size:198939 disposed:false
1053 silly fetch manifest @esbuild/android-arm64@0.28.0
1054 silly packumentCache full:https://registry.npmjs.org/@esbuild%2fandroid-arm64 cache-miss
1055 http cache https://registry.npmjs.org/@esbuild%2flinux-s390x 8ms (cache hit)
1056 silly packumentCache full:https://registry.npmjs.org/@esbuild%2flinux-s390x set size:200463 disposed:false
1057 silly fetch manifest @esbuild/freebsd-arm64@0.28.0
1058 silly packumentCache full:https://registry.npmjs.org/@esbuild%2ffreebsd-arm64 cache-miss
1059 http cache https://registry.npmjs.org/@esbuild%2flinux-ppc64 12ms (cache hit)
1060 silly packumentCache full:https://registry.npmjs.org/@esbuild%2flinux-ppc64 set size:200994 disposed:false
1061 silly fetch manifest @esbuild/linux-loong64@0.28.0
1062 silly packumentCache full:https://registry.npmjs.org/@esbuild%2flinux-loong64 cache-miss
1063 http cache https://registry.npmjs.org/@esbuild%2fopenbsd-x64 8ms (cache hit)
1064 silly packumentCache full:https://registry.npmjs.org/@esbuild%2fopenbsd-x64 set size:198745 disposed:false
1065 silly fetch manifest @esbuild/linux-riscv64@0.28.0
1066 silly packumentCache full:https://registry.npmjs.org/@esbuild%2flinux-riscv64 cache-miss
1067 http cache https://registry.npmjs.org/@esbuild%2fwin32-arm64 8ms (cache hit)
1068 silly packumentCache full:https://registry.npmjs.org/@esbuild%2fwin32-arm64 set size:199171 disposed:false
1069 silly fetch manifest @esbuild/openbsd-arm64@0.28.0
1070 silly packumentCache full:https://registry.npmjs.org/@esbuild%2fopenbsd-arm64 cache-miss
1071 http cache https://registry.npmjs.org/@esbuild%2fdarwin-arm64 7ms (cache hit)
1072 silly packumentCache full:https://registry.npmjs.org/@esbuild%2fdarwin-arm64 set size:199630 disposed:false
1073 silly fetch manifest @esbuild/linux-mips64el@0.28.0
1074 silly packumentCache full:https://registry.npmjs.org/@esbuild%2flinux-mips64el cache-miss
1075 http cache https://registry.npmjs.org/@esbuild%2ffreebsd-arm64 6ms (cache hit)
1076 silly packumentCache full:https://registry.npmjs.org/@esbuild%2ffreebsd-arm64 set size:200534 disposed:false
1077 silly fetch manifest @esbuild/openharmony-arm64@0.28.0
1078 silly packumentCache full:https://registry.npmjs.org/@esbuild%2fopenharmony-arm64 cache-miss
1079 http cache https://registry.npmjs.org/@esbuild%2fandroid-arm64 8ms (cache hit)
1080 silly packumentCache full:https://registry.npmjs.org/@esbuild%2fandroid-arm64 set size:202366 disposed:false
1081 silly fetch manifest debug@4
1082 silly packumentCache full:https://registry.npmjs.org/debug cache-hit
1083 silly fetch manifest agent-base@^7.1.2
1084 silly packumentCache full:https://registry.npmjs.org/agent-base cache-miss
1085 http cache https://registry.npmjs.org/@esbuild%2fnetbsd-arm64 10ms (cache hit)
1086 silly packumentCache full:https://registry.npmjs.org/@esbuild%2fnetbsd-arm64 set size:42467 disposed:false
1087 silly fetch manifest @babel/parser@^7.23.9
1088 silly packumentCache full:https://registry.npmjs.org/@babel%2fparser cache-hit
1089 silly fetch manifest @istanbuljs/schema@^0.1.3
1090 silly packumentCache full:https://registry.npmjs.org/@istanbuljs%2fschema cache-miss
1091 http cache https://registry.npmjs.org/@esbuild%2flinux-loong64 8ms (cache hit)
1092 silly packumentCache full:https://registry.npmjs.org/@esbuild%2flinux-loong64 set size:253896 disposed:false
1093 silly fetch manifest semver@^7.5.4
1094 silly packumentCache full:https://registry.npmjs.org/semver cache-hit
1095 silly fetch manifest rfdc@^1.4.1
1096 silly packumentCache full:https://registry.npmjs.org/rfdc cache-miss
1097 http cache https://registry.npmjs.org/@esbuild%2flinux-riscv64 8ms (cache hit)
1098 silly packumentCache full:https://registry.npmjs.org/@esbuild%2flinux-riscv64 set size:200662 disposed:false
1099 silly fetch manifest colorette@^2.0.20
1100 silly packumentCache full:https://registry.npmjs.org/colorette cache-miss
1101 http cache https://registry.npmjs.org/@esbuild%2fopenbsd-arm64 8ms (cache hit)
1102 silly packumentCache full:https://registry.npmjs.org/@esbuild%2fopenbsd-arm64 set size:47792 disposed:false
1103 silly fetch manifest wrap-ansi@^9.0.0
1104 silly packumentCache full:https://registry.npmjs.org/wrap-ansi cache-miss
1105 http cache https://registry.npmjs.org/@esbuild%2flinux-mips64el 7ms (cache hit)
1106 silly packumentCache full:https://registry.npmjs.org/@esbuild%2flinux-mips64el set size:202764 disposed:false
1107 silly fetch manifest log-update@^6.1.0
1108 silly packumentCache full:https://registry.npmjs.org/log-update cache-miss
1109 http cache https://registry.npmjs.org/@esbuild%2fopenharmony-arm64 8ms (cache hit)
1110 silly packumentCache full:https://registry.npmjs.org/@esbuild%2fopenharmony-arm64 set size:31189 disposed:false
1111 silly fetch manifest cli-truncate@^4.0.0
1112 silly packumentCache full:https://registry.npmjs.org/cli-truncate cache-miss
1113 http cache https://registry.npmjs.org/agent-base 6ms (cache hit)
1114 silly packumentCache full:https://registry.npmjs.org/agent-base set size:72085 disposed:false
1115 silly fetch manifest eventemitter3@^5.0.1
1116 silly packumentCache full:https://registry.npmjs.org/eventemitter3 cache-miss
1117 http cache https://registry.npmjs.org/@istanbuljs%2fschema 6ms (cache hit)
1118 silly packumentCache full:https://registry.npmjs.org/@istanbuljs%2fschema set size:16895 disposed:false
1119 silly fetch manifest msgpackr@^1.11.2
1120 silly packumentCache full:https://registry.npmjs.org/msgpackr cache-miss
1121 http cache https://registry.npmjs.org/wrap-ansi 5ms (cache hit)
1122 silly packumentCache full:https://registry.npmjs.org/wrap-ansi set size:55299 disposed:false
1123 silly fetch manifest node-addon-api@^6.1.0
1124 silly packumentCache full:https://registry.npmjs.org/node-addon-api cache-miss
1125 http cache https://registry.npmjs.org/colorette 7ms (cache hit)
1126 silly packumentCache full:https://registry.npmjs.org/colorette set size:92733 disposed:false
1127 silly fetch manifest ordered-binary@^1.5.3
1128 silly packumentCache full:https://registry.npmjs.org/ordered-binary cache-miss
1129 http cache https://registry.npmjs.org/rfdc 9ms (cache hit)
1130 silly packumentCache full:https://registry.npmjs.org/rfdc set size:45382 disposed:false
1131 silly fetch manifest weak-lru-cache@^1.2.2
1132 silly packumentCache full:https://registry.npmjs.org/weak-lru-cache cache-miss
1133 http cache https://registry.npmjs.org/log-update 8ms (cache hit)
1134 silly packumentCache full:https://registry.npmjs.org/log-update set size:60732 disposed:false
1135 silly fetch manifest node-gyp-build-optional-packages@5.2.2
1136 silly packumentCache full:https://registry.npmjs.org/node-gyp-build-optional-packages cache-miss
1137 http cache https://registry.npmjs.org/cli-truncate 9ms (cache hit)
1138 silly packumentCache full:https://registry.npmjs.org/cli-truncate set size:35177 disposed:false
1139 silly fetch manifest @lmdb/lmdb-linux-arm@3.4.2
1140 silly packumentCache full:https://registry.npmjs.org/@lmdb%2flmdb-linux-arm cache-miss
1141 http cache https://registry.npmjs.org/eventemitter3 9ms (cache hit)
1142 silly packumentCache full:https://registry.npmjs.org/eventemitter3 set size:92292 disposed:false
1143 silly fetch manifest @lmdb/lmdb-linux-x64@3.4.2
1144 silly packumentCache full:https://registry.npmjs.org/@lmdb%2flmdb-linux-x64 cache-miss
1145 http cache https://registry.npmjs.org/msgpackr 9ms (cache hit)
1146 silly packumentCache full:https://registry.npmjs.org/msgpackr set size:436133 disposed:false
1147 silly fetch manifest @lmdb/lmdb-win32-x64@3.4.2
1148 silly packumentCache full:https://registry.npmjs.org/@lmdb%2flmdb-win32-x64 cache-miss
1149 http cache https://registry.npmjs.org/node-addon-api 11ms (cache hit)
1150 silly packumentCache full:https://registry.npmjs.org/node-addon-api set size:356526 disposed:false
1151 silly fetch manifest @lmdb/lmdb-darwin-x64@3.4.2
1152 silly packumentCache full:https://registry.npmjs.org/@lmdb%2flmdb-darwin-x64 cache-miss
1153 http cache https://registry.npmjs.org/ordered-binary 10ms (cache hit)
1154 silly packumentCache full:https://registry.npmjs.org/ordered-binary set size:68084 disposed:false
1155 silly fetch manifest @lmdb/lmdb-linux-arm64@3.4.2
1156 silly packumentCache full:https://registry.npmjs.org/@lmdb%2flmdb-linux-arm64 cache-miss
1157 http cache https://registry.npmjs.org/weak-lru-cache 10ms (cache hit)
1158 silly packumentCache full:https://registry.npmjs.org/weak-lru-cache set size:69411 disposed:false
1159 silly fetch manifest @lmdb/lmdb-win32-arm64@3.4.2
1160 silly packumentCache full:https://registry.npmjs.org/@lmdb%2flmdb-win32-arm64 cache-miss
1161 http cache https://registry.npmjs.org/node-gyp-build-optional-packages 11ms (cache hit)
1162 silly packumentCache full:https://registry.npmjs.org/node-gyp-build-optional-packages set size:49852 disposed:false
1163 silly fetch manifest @lmdb/lmdb-darwin-arm64@3.4.2
1164 silly packumentCache full:https://registry.npmjs.org/@lmdb%2flmdb-darwin-arm64 cache-miss
1165 http cache https://registry.npmjs.org/@lmdb%2flmdb-linux-x64 9ms (cache hit)
1166 silly packumentCache full:https://registry.npmjs.org/@lmdb%2flmdb-linux-x64 set size:196980 disposed:false
1167 silly fetch manifest @jridgewell/sourcemap-codec@^1.5.0
1168 silly packumentCache full:https://registry.npmjs.org/@jridgewell%2fsourcemap-codec cache-hit
1169 silly fetch manifest parse5@^8.0.0
1170 silly packumentCache full:https://registry.npmjs.org/parse5 cache-miss
1171 http cache https://registry.npmjs.org/@lmdb%2flmdb-win32-x64 8ms (cache hit)
1172 silly packumentCache full:https://registry.npmjs.org/@lmdb%2flmdb-win32-x64 set size:193956 disposed:false
1173 silly fetch manifest entities@^6.0.0
1174 silly packumentCache full:https://registry.npmjs.org/entities cache-miss
1175 http cache https://registry.npmjs.org/@lmdb%2flmdb-linux-arm 12ms (cache hit)
1176 silly packumentCache full:https://registry.npmjs.org/@lmdb%2flmdb-linux-arm set size:195414 disposed:false
1177 silly fetch manifest parse5-sax-parser@^8.0.0
1178 silly packumentCache full:https://registry.npmjs.org/parse5-sax-parser cache-miss
1179 http cache https://registry.npmjs.org/@lmdb%2flmdb-linux-arm64 7ms (cache hit)
1180 silly packumentCache full:https://registry.npmjs.org/@lmdb%2flmdb-linux-arm64 set size:197148 disposed:false
1181 silly fetch manifest @napi-rs/nice@^1.0.4
1182 silly packumentCache full:https://registry.npmjs.org/@napi-rs%2fnice cache-miss
1183 http cache https://registry.npmjs.org/@lmdb%2flmdb-darwin-x64 8ms (cache hit)
1184 silly packumentCache full:https://registry.npmjs.org/@lmdb%2flmdb-darwin-x64 set size:194782 disposed:false
1185 silly fetch manifest @types/estree@1.0.8
1186 silly packumentCache full:https://registry.npmjs.org/@types%2festree cache-hit
1187 silly fetch manifest fsevents@~2.3.2
1188 silly packumentCache full:https://registry.npmjs.org/fsevents cache-hit
1189 silly fetch manifest @rollup/rollup-darwin-x64@4.59.0
1190 silly packumentCache full:https://registry.npmjs.org/@rollup%2frollup-darwin-x64 cache-miss
1191 http cache https://registry.npmjs.org/@lmdb%2flmdb-win32-arm64 8ms (cache hit)
1192 silly packumentCache full:https://registry.npmjs.org/@lmdb%2flmdb-win32-arm64 set size:15977 disposed:false
1193 silly fetch manifest @rollup/rollup-freebsd-x64@4.59.0
1194 silly packumentCache full:https://registry.npmjs.org/@rollup%2frollup-freebsd-x64 cache-miss
1195 http cache https://registry.npmjs.org/@lmdb%2flmdb-darwin-arm64 10ms (cache hit)
1196 silly packumentCache full:https://registry.npmjs.org/@lmdb%2flmdb-darwin-arm64 set size:196401 disposed:false
1197 silly fetch manifest @rollup/rollup-openbsd-x64@4.59.0
1198 silly packumentCache full:https://registry.npmjs.org/@rollup%2frollup-openbsd-x64 cache-miss
1199 http cache https://registry.npmjs.org/entities 9ms (cache hit)
1200 silly packumentCache full:https://registry.npmjs.org/entities set size:101550 disposed:false
1201 silly fetch manifest @rollup/rollup-darwin-arm64@4.59.0
1202 silly packumentCache full:https://registry.npmjs.org/@rollup%2frollup-darwin-arm64 cache-miss
1203 http cache https://registry.npmjs.org/parse5 11ms (cache hit)
1204 silly packumentCache full:https://registry.npmjs.org/parse5 set size:123116 disposed:false
1205 silly fetch manifest @rollup/rollup-android-arm64@4.59.0
1206 silly packumentCache full:https://registry.npmjs.org/@rollup%2frollup-android-arm64 cache-miss
1207 http cache https://registry.npmjs.org/parse5-sax-parser 10ms (cache hit)
1208 silly packumentCache full:https://registry.npmjs.org/parse5-sax-parser set size:18860 disposed:false
1209 silly fetch manifest @rollup/rollup-freebsd-arm64@4.59.0
1210 silly packumentCache full:https://registry.npmjs.org/@rollup%2frollup-freebsd-arm64 cache-miss
1211 http cache https://registry.npmjs.org/@napi-rs%2fnice 8ms (cache hit)
1212 silly packumentCache full:https://registry.npmjs.org/@napi-rs%2fnice set size:26707 disposed:false
1213 silly fetch manifest @rollup/rollup-linux-x64-gnu@4.59.0
1214 silly packumentCache full:https://registry.npmjs.org/@rollup%2frollup-linux-x64-gnu cache-miss
1215 http cache https://registry.npmjs.org/@rollup%2frollup-freebsd-x64 8ms (cache hit)
1216 silly packumentCache full:https://registry.npmjs.org/@rollup%2frollup-freebsd-x64 set size:189223 disposed:false
1217 silly fetch manifest @rollup/rollup-win32-x64-gnu@4.59.0
1218 silly packumentCache full:https://registry.npmjs.org/@rollup%2frollup-win32-x64-gnu cache-miss
1219 http cache https://registry.npmjs.org/@rollup%2frollup-darwin-x64 9ms (cache hit)
1220 silly packumentCache full:https://registry.npmjs.org/@rollup%2frollup-darwin-x64 set size:336611 disposed:false
1221 silly fetch manifest @rollup/rollup-linux-x64-musl@4.59.0
1222 silly packumentCache full:https://registry.npmjs.org/@rollup%2frollup-linux-x64-musl cache-miss
1223 http cache https://registry.npmjs.org/@rollup%2frollup-openbsd-x64 9ms (cache hit)
1224 silly packumentCache full:https://registry.npmjs.org/@rollup%2frollup-openbsd-x64 set size:33968 disposed:false
1225 silly fetch manifest @rollup/rollup-win32-x64-msvc@4.59.0
1226 silly packumentCache full:https://registry.npmjs.org/@rollup%2frollup-win32-x64-msvc cache-miss
1227 http cache https://registry.npmjs.org/@rollup%2frollup-darwin-arm64 9ms (cache hit)
1228 silly packumentCache full:https://registry.npmjs.org/@rollup%2frollup-darwin-arm64 set size:341440 disposed:false
1229 silly fetch manifest @rollup/rollup-linux-arm64-gnu@4.59.0
1230 silly packumentCache full:https://registry.npmjs.org/@rollup%2frollup-linux-arm64-gnu cache-miss
1231 http cache https://registry.npmjs.org/@rollup%2frollup-android-arm64 9ms (cache hit)
1232 silly packumentCache full:https://registry.npmjs.org/@rollup%2frollup-android-arm64 set size:342960 disposed:false
1233 silly fetch manifest @rollup/rollup-linux-ppc64-gnu@4.59.0
1234 silly packumentCache full:https://registry.npmjs.org/@rollup%2frollup-linux-ppc64-gnu cache-miss
1235 http cache https://registry.npmjs.org/@rollup%2frollup-freebsd-arm64 9ms (cache hit)
1236 silly packumentCache full:https://registry.npmjs.org/@rollup%2frollup-freebsd-arm64 set size:191163 disposed:false
1237 silly fetch manifest @rollup/rollup-linux-s390x-gnu@4.59.0
1238 silly packumentCache full:https://registry.npmjs.org/@rollup%2frollup-linux-s390x-gnu cache-miss
1239 http cache https://registry.npmjs.org/@rollup%2frollup-win32-x64-gnu 9ms (cache hit)
1240 silly packumentCache full:https://registry.npmjs.org/@rollup%2frollup-win32-x64-gnu set size:64595 disposed:false
1241 silly fetch manifest @rollup/rollup-win32-ia32-msvc@4.59.0
1242 silly packumentCache full:https://registry.npmjs.org/@rollup%2frollup-win32-ia32-msvc cache-miss
1243 http cache https://registry.npmjs.org/@rollup%2frollup-linux-x64-gnu 11ms (cache hit)
1244 silly packumentCache full:https://registry.npmjs.org/@rollup%2frollup-linux-x64-gnu set size:343765 disposed:false
1245 silly fetch manifest @rollup/rollup-android-arm-eabi@4.59.0
1246 silly packumentCache full:https://registry.npmjs.org/@rollup%2frollup-android-arm-eabi cache-miss
1247 http cache https://registry.npmjs.org/@rollup%2frollup-linux-x64-musl 9ms (cache hit)
1248 silly packumentCache full:https://registry.npmjs.org/@rollup%2frollup-linux-x64-musl set size:343127 disposed:false
1249 silly fetch manifest @rollup/rollup-linux-arm64-musl@4.59.0
1250 silly packumentCache full:https://registry.npmjs.org/@rollup%2frollup-linux-arm64-musl cache-miss
1251 http cache https://registry.npmjs.org/@rollup%2frollup-win32-x64-msvc 12ms (cache hit)
1252 silly packumentCache full:https://registry.npmjs.org/@rollup%2frollup-win32-x64-msvc set size:341524 disposed:false
1253 silly fetch manifest @rollup/rollup-linux-ppc64-musl@4.59.0
1254 silly packumentCache full:https://registry.npmjs.org/@rollup%2frollup-linux-ppc64-musl cache-miss
1255 http cache https://registry.npmjs.org/@rollup%2frollup-linux-ppc64-gnu 10ms (cache hit)
1256 silly packumentCache full:https://registry.npmjs.org/@rollup%2frollup-linux-ppc64-gnu set size:93339 disposed:false
1257 silly fetch manifest @rollup/rollup-win32-arm64-msvc@4.59.0
1258 silly packumentCache full:https://registry.npmjs.org/@rollup%2frollup-win32-arm64-msvc cache-miss
1259 http cache https://registry.npmjs.org/@rollup%2frollup-linux-s390x-gnu 10ms (cache hit)
1260 silly packumentCache full:https://registry.npmjs.org/@rollup%2frollup-linux-s390x-gnu set size:248507 disposed:false
1261 silly fetch manifest @rollup/rollup-linux-loong64-gnu@4.59.0
1262 silly packumentCache full:https://registry.npmjs.org/@rollup%2frollup-linux-loong64-gnu cache-miss
1263 http cache https://registry.npmjs.org/@rollup%2frollup-linux-arm64-gnu 13ms (cache hit)
1264 silly packumentCache full:https://registry.npmjs.org/@rollup%2frollup-linux-arm64-gnu set size:348657 disposed:false
1265 silly fetch manifest @rollup/rollup-linux-riscv64-gnu@4.59.0
1266 silly packumentCache full:https://registry.npmjs.org/@rollup%2frollup-linux-riscv64-gnu cache-miss
1267 http cache https://registry.npmjs.org/@rollup%2frollup-win32-ia32-msvc 12ms (cache hit)
1268 silly packumentCache full:https://registry.npmjs.org/@rollup%2frollup-win32-ia32-msvc set size:344890 disposed:false
1269 silly fetch manifest @rollup/rollup-openharmony-arm64@4.59.0
1270 silly packumentCache full:https://registry.npmjs.org/@rollup%2frollup-openharmony-arm64 cache-miss
1271 http cache https://registry.npmjs.org/@rollup%2frollup-linux-arm64-musl 11ms (cache hit)
1272 silly packumentCache full:https://registry.npmjs.org/@rollup%2frollup-linux-arm64-musl set size:304059 disposed:false
1273 silly fetch manifest @rollup/rollup-linux-loong64-musl@4.59.0
1274 silly packumentCache full:https://registry.npmjs.org/@rollup%2frollup-linux-loong64-musl cache-miss
1275 http cache https://registry.npmjs.org/@rollup%2frollup-android-arm-eabi 13ms (cache hit)
1276 silly packumentCache full:https://registry.npmjs.org/@rollup%2frollup-android-arm-eabi set size:346401 disposed:false
1277 silly fetch manifest @rollup/rollup-linux-riscv64-musl@4.59.0
1278 silly packumentCache full:https://registry.npmjs.org/@rollup%2frollup-linux-riscv64-musl cache-miss
1279 http cache https://registry.npmjs.org/@rollup%2frollup-linux-ppc64-musl 12ms (cache hit)
1280 silly packumentCache full:https://registry.npmjs.org/@rollup%2frollup-linux-ppc64-musl set size:34879 disposed:false
1281 silly fetch manifest @rollup/rollup-linux-arm-gnueabihf@4.59.0
1282 silly packumentCache full:https://registry.npmjs.org/@rollup%2frollup-linux-arm-gnueabihf cache-miss
1283 http cache https://registry.npmjs.org/@rollup%2frollup-linux-loong64-gnu 11ms (cache hit)
1284 silly packumentCache full:https://registry.npmjs.org/@rollup%2frollup-linux-loong64-gnu set size:73153 disposed:false
1285 silly fetch manifest @rollup/rollup-linux-arm-musleabihf@4.59.0
1286 silly packumentCache full:https://registry.npmjs.org/@rollup%2frollup-linux-arm-musleabihf cache-miss
1287 http cache https://registry.npmjs.org/@rollup%2frollup-win32-arm64-msvc 12ms (cache hit)
1288 silly packumentCache full:https://registry.npmjs.org/@rollup%2frollup-win32-arm64-msvc set size:346391 disposed:false
1289 silly fetch manifest immutable@^5.0.2
1290 silly packumentCache full:https://registry.npmjs.org/immutable cache-miss
1291 http cache https://registry.npmjs.org/@rollup%2frollup-linux-riscv64-gnu 11ms (cache hit)
1292 silly packumentCache full:https://registry.npmjs.org/@rollup%2frollup-linux-riscv64-gnu set size:274840 disposed:false
1293 silly fetch manifest source-map-js@>=0.6.2 <2.0.0
1294 silly packumentCache full:https://registry.npmjs.org/source-map-js cache-miss
1295 http cache https://registry.npmjs.org/@rollup%2frollup-openharmony-arm64 11ms (cache hit)
1296 silly packumentCache full:https://registry.npmjs.org/@rollup%2frollup-openharmony-arm64 set size:74005 disposed:false
1297 silly fetch manifest @parcel/watcher@^2.4.1
1298 silly packumentCache full:https://registry.npmjs.org/@parcel%2fwatcher cache-miss
1299 http cache https://registry.npmjs.org/@rollup%2frollup-linux-loong64-musl 10ms (cache hit)
1300 silly packumentCache full:https://registry.npmjs.org/@rollup%2frollup-linux-loong64-musl set size:35170 disposed:false
1301 silly fetch manifest buffer-from@^1.0.0
1302 silly packumentCache full:https://registry.npmjs.org/buffer-from cache-miss
1303 http cache https://registry.npmjs.org/@rollup%2frollup-linux-riscv64-musl 12ms (cache hit)
1304 silly packumentCache full:https://registry.npmjs.org/@rollup%2frollup-linux-riscv64-musl set size:120836 disposed:false
1305 silly fetch manifest source-map@^0.6.0
1306 silly packumentCache full:https://registry.npmjs.org/source-map cache-hit
1307 silly fetch manifest fdir@^6.4.4
1308 silly packumentCache full:https://registry.npmjs.org/fdir cache-hit
1309 silly fetch manifest graceful-fs@^4.1.2
1310 silly packumentCache full:https://registry.npmjs.org/graceful-fs cache-hit
1311 silly fetch manifest glob-to-regexp@^0.4.1
1312 silly packumentCache full:https://registry.npmjs.org/glob-to-regexp cache-miss
1313 http cache https://registry.npmjs.org/@rollup%2frollup-linux-arm-gnueabihf 10ms (cache hit)
1314 silly packumentCache full:https://registry.npmjs.org/@rollup%2frollup-linux-arm-gnueabihf set size:352208 disposed:false
1315 http cache https://registry.npmjs.org/@rollup%2frollup-linux-arm-musleabihf 10ms (cache hit)
1316 silly packumentCache full:https://registry.npmjs.org/@rollup%2frollup-linux-arm-musleabihf set size:246397 disposed:false
1317 http cache https://registry.npmjs.org/source-map-js 8ms (cache hit)
1318 silly packumentCache full:https://registry.npmjs.org/source-map-js set size:62640 disposed:false
1319 http cache https://registry.npmjs.org/immutable 11ms (cache hit)
1320 silly packumentCache full:https://registry.npmjs.org/immutable set size:276268 disposed:false
1321 http cache https://registry.npmjs.org/@parcel%2fwatcher 10ms (cache hit)
1322 silly packumentCache full:https://registry.npmjs.org/@parcel%2fwatcher set size:121392 disposed:false
1323 http cache https://registry.npmjs.org/buffer-from 13ms (cache hit)
1324 silly packumentCache full:https://registry.npmjs.org/buffer-from set size:15463 disposed:false
1325 http cache https://registry.npmjs.org/glob-to-regexp 10ms (cache hit)
1326 silly packumentCache full:https://registry.npmjs.org/glob-to-regexp set size:15844 disposed:false
1327 silly placeDep ROOT @jridgewell/gen-mapping@0.3.13 OK for: @ampproject/remapping@2.3.0 want: ^0.3.5
1328 silly placeDep ROOT @jridgewell/trace-mapping@0.3.31 OK for: @ampproject/remapping@2.3.0 want: ^0.3.24
1329 silly fetch manifest @jridgewell/resolve-uri@^3.1.0
1330 silly packumentCache full:https://registry.npmjs.org/@jridgewell%2fresolve-uri cache-miss
1331 http cache https://registry.npmjs.org/@jridgewell%2fresolve-uri 2ms (cache hit)
1332 silly packumentCache full:https://registry.npmjs.org/@jridgewell%2fresolve-uri set size:57361 disposed:false
1333 silly placeDep ROOT @angular-devkit/core@20.3.28 OK for: @angular-devkit/architect@0.2003.28 want: 20.3.28
1334 silly fetch manifest ajv@8.18.0
1335 silly packumentCache full:https://registry.npmjs.org/ajv cache-miss
1336 silly fetch manifest source-map@0.7.6
1337 silly packumentCache full:https://registry.npmjs.org/source-map cache-hit
1338 silly fetch manifest ajv-formats@3.0.1
1339 silly packumentCache full:https://registry.npmjs.org/ajv-formats cache-miss
1340 http cache https://registry.npmjs.org/ajv 3ms (cache hit)
1341 silly packumentCache full:https://registry.npmjs.org/ajv set size:1142658 disposed:false
1342 http cache https://registry.npmjs.org/ajv-formats 7ms (cache hit)
1343 silly packumentCache full:https://registry.npmjs.org/ajv-formats set size:141264 disposed:false
1344 silly placeDep ROOT ajv@8.18.0 OK for: @angular-devkit/core@20.3.28 want: 8.18.0
1345 silly placeDep ROOT ajv-formats@3.0.1 OK for: @angular-devkit/core@20.3.28 want: 3.0.1
1346 silly placeDep ROOT source-map@0.7.6 OK for: @angular-devkit/core@20.3.28 want: 0.7.6
1347 silly fetch manifest fast-uri@^3.0.1
1348 silly packumentCache full:https://registry.npmjs.org/fast-uri cache-miss
1349 silly fetch manifest require-from-string@^2.0.2
1350 silly packumentCache full:https://registry.npmjs.org/require-from-string cache-miss
1351 silly fetch manifest json-schema-traverse@^1.0.0
1352 silly packumentCache full:https://registry.npmjs.org/json-schema-traverse cache-miss
1353 http cache https://registry.npmjs.org/json-schema-traverse 2ms (cache hit)
1354 silly packumentCache full:https://registry.npmjs.org/json-schema-traverse set size:23537 disposed:false
1355 http cache https://registry.npmjs.org/require-from-string 2ms (cache hit)
1356 silly packumentCache full:https://registry.npmjs.org/require-from-string set size:15128 disposed:false
1357 http cache https://registry.npmjs.org/fast-uri 2ms (cache hit)
1358 silly packumentCache full:https://registry.npmjs.org/fast-uri set size:71226 disposed:false
1359 silly fetch manifest @cfworker/json-schema@^4.1.1
1360 silly packumentCache full:https://registry.npmjs.org/@cfworker%2fjson-schema cache-miss
1361 http cache https://registry.npmjs.org/@cfworker%2fjson-schema 3ms (cache hit)
1362 silly packumentCache full:https://registry.npmjs.org/@cfworker%2fjson-schema set size:144207 disposed:false
1363 silly placeDep ROOT @angular-devkit/schematics@20.3.28 OK for: @angular/cli@20.3.28 want: 20.3.28
1364 silly placeDep ROOT @inquirer/prompts@7.8.2 OK for: @angular/cli@20.3.28 want: 7.8.2
1365 silly placeDep ROOT @listr2/prompt-adapter-inquirer@3.0.1 OK for: @angular/cli@20.3.28 want: 3.0.1
1366 silly placeDep ROOT @modelcontextprotocol/sdk@1.26.0 OK for: @angular/cli@20.3.28 want: 1.26.0
1367 silly placeDep ROOT @schematics/angular@20.3.28 OK for: @angular/cli@20.3.28 want: 20.3.28
1368 silly placeDep ROOT @yarnpkg/lockfile@1.1.0 OK for: @angular/cli@20.3.28 want: 1.1.0
1369 silly placeDep ROOT algoliasearch@5.35.0 OK for: @angular/cli@20.3.28 want: 5.35.0
1370 silly placeDep ROOT ini@5.0.0 OK for: @angular/cli@20.3.28 want: 5.0.0
1371 silly placeDep ROOT npm-package-arg@13.0.0 OK for: @angular/cli@20.3.28 want: 13.0.0
1372 silly placeDep ROOT pacote@21.0.4 OK for: @angular/cli@20.3.28 want: 21.0.4
1373 silly placeDep ROOT resolve@1.22.10 OK for: @angular/cli@20.3.28 want: 1.22.10
1374 silly placeDep ROOT yargs@18.0.0 OK for: @angular/cli@20.3.28 want: 18.0.0
1375 silly placeDep ROOT zod@4.1.13 OK for: @angular/cli@20.3.28 want: 4.1.13
1376 silly fetch manifest ora@8.2.0
1377 silly packumentCache full:https://registry.npmjs.org/ora cache-miss
1378 silly fetch manifest @inquirer/input@^4.2.1
1379 silly packumentCache full:https://registry.npmjs.org/@inquirer%2finput cache-miss
1380 silly fetch manifest @inquirer/editor@^4.2.17
1381 silly packumentCache full:https://registry.npmjs.org/@inquirer%2feditor cache-miss
1382 silly fetch manifest @inquirer/expand@^4.0.17
1383 silly packumentCache full:https://registry.npmjs.org/@inquirer%2fexpand cache-miss
1384 silly fetch manifest @inquirer/number@^3.0.17
1385 silly packumentCache full:https://registry.npmjs.org/@inquirer%2fnumber cache-miss
1386 silly fetch manifest @inquirer/search@^3.1.0
1387 silly packumentCache full:https://registry.npmjs.org/@inquirer%2fsearch cache-miss
1388 silly fetch manifest @inquirer/select@^4.3.1
1389 silly packumentCache full:https://registry.npmjs.org/@inquirer%2fselect cache-miss
1390 http cache https://registry.npmjs.org/ora 2ms (cache hit)
1391 silly packumentCache full:https://registry.npmjs.org/ora set size:144913 disposed:false
1392 silly fetch manifest @inquirer/rawlist@^4.1.5
1393 silly packumentCache full:https://registry.npmjs.org/@inquirer%2frawlist cache-miss
1394 http cache https://registry.npmjs.org/@inquirer%2finput 11ms (cache hit)
1395 silly packumentCache full:https://registry.npmjs.org/@inquirer%2finput set size:319406 disposed:false
1396 silly fetch manifest @inquirer/checkbox@^4.2.1
1397 silly packumentCache full:https://registry.npmjs.org/@inquirer%2fcheckbox cache-miss
1398 http cache https://registry.npmjs.org/@inquirer%2fexpand 13ms (cache hit)
1399 silly packumentCache full:https://registry.npmjs.org/@inquirer%2fexpand set size:322112 disposed:false
1400 silly fetch manifest @inquirer/password@^4.0.17
1401 silly packumentCache full:https://registry.npmjs.org/@inquirer%2fpassword cache-miss
1402 http cache https://registry.npmjs.org/@inquirer%2feditor 15ms (cache hit)
1403 silly packumentCache full:https://registry.npmjs.org/@inquirer%2feditor set size:322894 disposed:false
1404 silly fetch manifest @inquirer/type@^3.0.7
1405 silly packumentCache full:https://registry.npmjs.org/@inquirer%2ftype cache-hit
1406 silly fetch manifest zod@^3.25 || ^4.0
1407 silly packumentCache full:https://registry.npmjs.org/zod cache-miss
1408 http cache https://registry.npmjs.org/@inquirer%2fnumber 19ms (cache hit)
1409 silly packumentCache full:https://registry.npmjs.org/@inquirer%2fnumber set size:142567 disposed:false
1410 silly fetch manifest cors@^2.8.5
1411 silly packumentCache full:https://registry.npmjs.org/cors cache-miss
1412 http cache https://registry.npmjs.org/@inquirer%2fsearch 28ms (cache hit)
1413 silly packumentCache full:https://registry.npmjs.org/@inquirer%2fsearch set size:142958 disposed:false
1414 silly fetch manifest hono@^4.11.4
1415 silly packumentCache full:https://registry.npmjs.org/hono cache-miss
1416 http cache https://registry.npmjs.org/@inquirer%2fselect 33ms (cache hit)
1417 silly packumentCache full:https://registry.npmjs.org/@inquirer%2fselect set size:335462 disposed:false
1418 silly fetch manifest jose@^6.1.3
1419 silly packumentCache full:https://registry.npmjs.org/jose cache-miss
1420 http cache https://registry.npmjs.org/zod 23ms (cache hit)
1421 silly packumentCache full:https://registry.npmjs.org/zod set size:3552562 disposed:false
1422 silly fetch manifest express@^5.2.1
1423 silly packumentCache full:https://registry.npmjs.org/express cache-miss
1424 http cache https://registry.npmjs.org/@inquirer%2fcheckbox 40ms (cache hit)
1425 silly packumentCache full:https://registry.npmjs.org/@inquirer%2fcheckbox set size:346573 disposed:false
1426 silly fetch manifest raw-body@^3.0.0
1427 silly packumentCache full:https://registry.npmjs.org/raw-body cache-miss
1428 http cache https://registry.npmjs.org/@inquirer%2fpassword 41ms (cache hit)
1429 silly packumentCache full:https://registry.npmjs.org/@inquirer%2fpassword set size:318894 disposed:false
1430 silly fetch manifest cross-spawn@^7.0.5
1431 silly packumentCache full:https://registry.npmjs.org/cross-spawn cache-hit
1432 silly fetch manifest eventsource@^3.0.2
1433 silly packumentCache full:https://registry.npmjs.org/eventsource cache-miss
1434 http cache https://registry.npmjs.org/@inquirer%2frawlist 48ms (cache hit)
1435 silly packumentCache full:https://registry.npmjs.org/@inquirer%2frawlist set size:288948 disposed:false
1436 silly fetch manifest content-type@^1.0.5
1437 silly packumentCache full:https://registry.npmjs.org/content-type cache-miss
1438 http cache https://registry.npmjs.org/cors 33ms (cache hit)
1439 silly packumentCache full:https://registry.npmjs.org/cors set size:77956 disposed:false
1440 silly fetch manifest pkce-challenge@^5.0.0
1441 silly packumentCache full:https://registry.npmjs.org/pkce-challenge cache-miss
1442 http cache https://registry.npmjs.org/hono 34ms (cache hit)
1443 silly packumentCache full:https://registry.npmjs.org/hono set size:5833431 disposed:false
1444 silly fetch manifest @hono/node-server@^1.19.9
1445 silly packumentCache full:https://registry.npmjs.org/@hono%2fnode-server cache-miss
1446 http cache https://registry.npmjs.org/jose 57ms (cache hit)
1447 silly packumentCache full:https://registry.npmjs.org/jose set size:1413195 disposed:false
1448 silly fetch manifest json-schema-typed@^8.0.2
1449 silly packumentCache full:https://registry.npmjs.org/json-schema-typed cache-miss
1450 http cache https://registry.npmjs.org/raw-body 46ms (cache hit)
1451 silly packumentCache full:https://registry.npmjs.org/raw-body set size:117822 disposed:false
1452 silly fetch manifest eventsource-parser@^3.0.0
1453 silly packumentCache full:https://registry.npmjs.org/eventsource-parser cache-miss
1454 http cache https://registry.npmjs.org/eventsource 45ms (cache hit)
1455 silly packumentCache full:https://registry.npmjs.org/eventsource set size:128214 disposed:false
1456 silly fetch manifest express-rate-limit@^8.2.1
1457 silly packumentCache full:https://registry.npmjs.org/express-rate-limit cache-miss
1458 http cache https://registry.npmjs.org/express 52ms (cache hit)
1459 silly packumentCache full:https://registry.npmjs.org/express set size:804947 disposed:false
1460 silly fetch manifest zod-to-json-schema@^3.25.1
1461 silly packumentCache full:https://registry.npmjs.org/zod-to-json-schema cache-miss
1462 http cache https://registry.npmjs.org/content-type 48ms (cache hit)
1463 silly packumentCache full:https://registry.npmjs.org/content-type set size:18994 disposed:false
1464 silly fetch manifest @algolia/abtesting@1.1.0
1465 silly packumentCache full:https://registry.npmjs.org/@algolia%2fabtesting cache-miss
1466 http cache https://registry.npmjs.org/pkce-challenge 47ms (cache hit)
1467 silly packumentCache full:https://registry.npmjs.org/pkce-challenge set size:37734 disposed:false
1468 silly fetch manifest @algolia/ingestion@1.35.0
1469 silly packumentCache full:https://registry.npmjs.org/@algolia%2fingestion cache-miss
1470 http cache https://registry.npmjs.org/@hono%2fnode-server 20ms (cache hit)
1471 silly packumentCache full:https://registry.npmjs.org/@hono%2fnode-server set size:257792 disposed:false
1472 silly fetch manifest @algolia/recommend@5.35.0
1473 silly packumentCache full:https://registry.npmjs.org/@algolia%2frecommend cache-miss
1474 http cache https://registry.npmjs.org/json-schema-typed 16ms (cache hit)
1475 silly packumentCache full:https://registry.npmjs.org/json-schema-typed set size:26165 disposed:false
1476 silly fetch manifest @algolia/monitoring@1.35.0
1477 silly packumentCache full:https://registry.npmjs.org/@algolia%2fmonitoring cache-miss
1478 http cache https://registry.npmjs.org/zod-to-json-schema 6ms (cache hit)
1479 silly packumentCache full:https://registry.npmjs.org/zod-to-json-schema set size:309584 disposed:false
1480 silly fetch manifest @algolia/client-common@5.35.0
1481 silly packumentCache full:https://registry.npmjs.org/@algolia%2fclient-common cache-miss
1482 http cache https://registry.npmjs.org/eventsource-parser 14ms (cache hit)
1483 silly packumentCache full:https://registry.npmjs.org/eventsource-parser set size:78018 disposed:false
1484 silly fetch manifest @algolia/client-search@5.35.0
1485 silly packumentCache full:https://registry.npmjs.org/@algolia%2fclient-search cache-miss
1486 http cache https://registry.npmjs.org/express-rate-limit 14ms (cache hit)
1487 silly packumentCache full:https://registry.npmjs.org/express-rate-limit set size:443601 disposed:false
1488 silly fetch manifest @algolia/client-insights@5.35.0
1489 silly packumentCache full:https://registry.npmjs.org/@algolia%2fclient-insights cache-miss
1490 http cache https://registry.npmjs.org/@algolia%2fabtesting 10ms (cache hit)
1491 silly packumentCache full:https://registry.npmjs.org/@algolia%2fabtesting set size:324403 disposed:false
1492 silly fetch manifest @algolia/requester-fetch@5.35.0
1493 silly packumentCache full:https://registry.npmjs.org/@algolia%2frequester-fetch cache-miss
1494 http cache https://registry.npmjs.org/@algolia%2fingestion 12ms (cache hit)
1495 silly packumentCache full:https://registry.npmjs.org/@algolia%2fingestion set size:1487623 disposed:false
1496 silly fetch manifest @algolia/client-abtesting@5.35.0
1497 silly packumentCache full:https://registry.npmjs.org/@algolia%2fclient-abtesting cache-miss
1498 http cache https://registry.npmjs.org/@algolia%2frecommend 20ms (cache hit)
1499 silly packumentCache full:https://registry.npmjs.org/@algolia%2frecommend set size:750021 disposed:false
1500 silly fetch manifest @algolia/client-analytics@5.35.0
1501 silly packumentCache full:https://registry.npmjs.org/@algolia%2fclient-analytics cache-miss
1502 http cache https://registry.npmjs.org/@algolia%2fmonitoring 23ms (cache hit)
1503 silly packumentCache full:https://registry.npmjs.org/@algolia%2fmonitoring set size:1158232 disposed:false
1504 silly fetch manifest @algolia/requester-node-http@5.35.0
1505 silly packumentCache full:https://registry.npmjs.org/@algolia%2frequester-node-http cache-miss
1506 http cache https://registry.npmjs.org/@algolia%2fclient-insights 22ms (cache hit)
1507 silly packumentCache full:https://registry.npmjs.org/@algolia%2fclient-insights set size:647894 disposed:false
1508 silly fetch manifest @algolia/requester-browser-xhr@5.35.0
1509 silly packumentCache full:https://registry.npmjs.org/@algolia%2frequester-browser-xhr cache-miss
1510 http cache https://registry.npmjs.org/@algolia%2fclient-analytics 12ms (cache hit)
1511 silly packumentCache full:https://registry.npmjs.org/@algolia%2fclient-analytics set size:976265 disposed:false
1512 silly fetch manifest @algolia/client-personalization@5.35.0
1513 silly packumentCache full:https://registry.npmjs.org/@algolia%2fclient-personalization cache-miss
1514 http cache https://registry.npmjs.org/@algolia%2fclient-common 34ms (cache hit)
1515 silly packumentCache full:https://registry.npmjs.org/@algolia%2fclient-common set size:854917 disposed:false
1516 silly fetch manifest @algolia/client-query-suggestions@5.35.0
1517 silly packumentCache full:https://registry.npmjs.org/@algolia%2fclient-query-suggestions cache-miss
1518 http cache https://registry.npmjs.org/@algolia%2frequester-fetch 33ms (cache hit)
1519 silly packumentCache full:https://registry.npmjs.org/@algolia%2frequester-fetch set size:1802013 disposed:false
1520 silly fetch manifest proc-log@^5.0.0
1521 silly packumentCache full:https://registry.npmjs.org/proc-log cache-miss
1522 http cache https://registry.npmjs.org/@algolia%2fclient-abtesting 34ms (cache hit)
1523 silly packumentCache full:https://registry.npmjs.org/@algolia%2fclient-abtesting set size:1689815 disposed:false
1524 silly fetch manifest hosted-git-info@^9.0.0
1525 silly packumentCache full:https://registry.npmjs.org/hosted-git-info cache-miss
1526 http cache https://registry.npmjs.org/@algolia%2fclient-search 54ms (cache hit)
1527 silly packumentCache full:https://registry.npmjs.org/@algolia%2fclient-search set size:969437 disposed:false
1528 silly fetch manifest validate-npm-package-name@^6.0.0
1529 silly packumentCache full:https://registry.npmjs.org/validate-npm-package-name cache-miss
1530 http cache https://registry.npmjs.org/@algolia%2frequester-node-http 39ms (cache hit)
1531 silly packumentCache full:https://registry.npmjs.org/@algolia%2frequester-node-http set size:883179 disposed:false
1532 silly fetch manifest tar@^7.4.3
1533 silly packumentCache full:https://registry.npmjs.org/tar cache-miss
1534 http cache https://registry.npmjs.org/@algolia%2frequester-browser-xhr 40ms (cache hit)
1535 silly packumentCache full:https://registry.npmjs.org/@algolia%2frequester-browser-xhr set size:892058 disposed:false
1536 silly fetch manifest ssri@^13.0.0
1537 silly packumentCache full:https://registry.npmjs.org/ssri cache-miss
1538 http cache https://registry.npmjs.org/@algolia%2fclient-personalization 39ms (cache hit)
1539 silly packumentCache full:https://registry.npmjs.org/@algolia%2fclient-personalization set size:1950391 disposed:false
1540 silly fetch manifest cacache@^20.0.0
1541 silly packumentCache full:https://registry.npmjs.org/cacache cache-miss
1542 http cache https://registry.npmjs.org/proc-log 32ms (cache hit)
1543 silly packumentCache full:https://registry.npmjs.org/proc-log set size:35852 disposed:false
1544 silly fetch manifest minipass@^7.0.2
1545 silly packumentCache full:https://registry.npmjs.org/minipass cache-miss
1546 http cache https://registry.npmjs.org/@algolia%2fclient-query-suggestions 44ms (cache hit)
1547 silly packumentCache full:https://registry.npmjs.org/@algolia%2fclient-query-suggestions set size:1712250 disposed:false
1548 silly fetch manifest proc-log@^6.0.0
1549 silly packumentCache full:https://registry.npmjs.org/proc-log cache-hit
1550 silly fetch manifest sigstore@^4.0.0
1551 silly packumentCache full:https://registry.npmjs.org/sigstore cache-miss
1552 http cache https://registry.npmjs.org/hosted-git-info 35ms (cache hit)
1553 silly packumentCache full:https://registry.npmjs.org/hosted-git-info set size:190196 disposed:false
1554 silly fetch manifest @npmcli/git@^7.0.0
1555 silly packumentCache full:https://registry.npmjs.org/@npmcli%2fgit cache-miss
1556 http cache https://registry.npmjs.org/validate-npm-package-name 32ms (cache hit)
1557 silly packumentCache full:https://registry.npmjs.org/validate-npm-package-name set size:51156 disposed:false
1558 silly fetch manifest fs-minipass@^3.0.0
1559 silly packumentCache full:https://registry.npmjs.org/fs-minipass cache-miss
1560 http cache https://registry.npmjs.org/tar 28ms (cache hit)
1561 silly packumentCache full:https://registry.npmjs.org/tar set size:551280 disposed:false
1562 silly fetch manifest npm-packlist@^10.0.1
1563 silly packumentCache full:https://registry.npmjs.org/npm-packlist cache-miss
1564 http cache https://registry.npmjs.org/ssri 25ms (cache hit)
1565 silly packumentCache full:https://registry.npmjs.org/ssri set size:139044 disposed:false
1566 silly fetch manifest promise-retry@^2.0.1
1567 silly packumentCache full:https://registry.npmjs.org/promise-retry cache-miss
1568 http cache https://registry.npmjs.org/cacache 18ms (cache hit)
1569 silly packumentCache full:https://registry.npmjs.org/cacache set size:388721 disposed:false
1570 silly fetch manifest npm-pick-manifest@^11.0.1
1571 silly packumentCache full:https://registry.npmjs.org/npm-pick-manifest cache-miss
1572 http cache https://registry.npmjs.org/minipass 24ms (cache hit)
1573 silly packumentCache full:https://registry.npmjs.org/minipass set size:276925 disposed:false
1574 silly fetch manifest @npmcli/run-script@^10.0.0
1575 silly packumentCache full:https://registry.npmjs.org/@npmcli%2frun-script cache-miss
1576 http cache https://registry.npmjs.org/fs-minipass 14ms (cache hit)
1577 silly packumentCache full:https://registry.npmjs.org/fs-minipass set size:44606 disposed:false
1578 silly fetch manifest npm-registry-fetch@^19.0.0
1579 silly packumentCache full:https://registry.npmjs.org/npm-registry-fetch cache-miss
1580 http cache https://registry.npmjs.org/sigstore 20ms (cache hit)
1581 silly packumentCache full:https://registry.npmjs.org/sigstore set size:121433 disposed:false
1582 silly fetch manifest @npmcli/package-json@^7.0.0
1583 silly packumentCache full:https://registry.npmjs.org/@npmcli%2fpackage-json cache-miss
1584 http cache https://registry.npmjs.org/@npmcli%2fgit 16ms (cache hit)
1585 silly packumentCache full:https://registry.npmjs.org/@npmcli%2fgit set size:116018 disposed:false
1586 silly fetch manifest @npmcli/promise-spawn@^9.0.0
1587 silly packumentCache full:https://registry.npmjs.org/@npmcli%2fpromise-spawn cache-miss
1588 http cache https://registry.npmjs.org/npm-packlist 13ms (cache hit)
1589 silly packumentCache full:https://registry.npmjs.org/npm-packlist set size:200200 disposed:false
1590 silly fetch manifest @npmcli/installed-package-contents@^4.0.0
1591 silly packumentCache full:https://registry.npmjs.org/@npmcli%2finstalled-package-contents cache-miss
1592 http cache https://registry.npmjs.org/promise-retry 13ms (cache hit)
1593 silly packumentCache full:https://registry.npmjs.org/promise-retry set size:34511 disposed:false
1594 silly fetch manifest path-parse@^1.0.7
1595 silly packumentCache full:https://registry.npmjs.org/path-parse cache-miss
1596 http cache https://registry.npmjs.org/npm-pick-manifest 10ms (cache hit)
1597 silly packumentCache full:https://registry.npmjs.org/npm-pick-manifest set size:105209 disposed:false
1598 silly fetch manifest is-core-module@^2.16.0
1599 silly packumentCache full:https://registry.npmjs.org/is-core-module cache-miss
1600 http cache https://registry.npmjs.org/@npmcli%2fpackage-json 7ms (cache hit)
1601 silly packumentCache full:https://registry.npmjs.org/@npmcli%2fpackage-json set size:84760 disposed:false
1602 silly fetch manifest supports-preserve-symlinks-flag@^1.0.0
1603 silly packumentCache full:https://registry.npmjs.org/supports-preserve-symlinks-flag cache-miss
1604 http cache https://registry.npmjs.org/@npmcli%2frun-script 10ms (cache hit)
1605 silly packumentCache full:https://registry.npmjs.org/@npmcli%2frun-script set size:199436 disposed:false
1606 silly fetch manifest y18n@^5.0.5
1607 silly packumentCache full:https://registry.npmjs.org/y18n cache-miss
1608 http cache https://registry.npmjs.org/npm-registry-fetch 11ms (cache hit)
1609 silly packumentCache full:https://registry.npmjs.org/npm-registry-fetch set size:285128 disposed:false
1610 silly fetch manifest cliui@^9.0.1
1611 silly packumentCache full:https://registry.npmjs.org/cliui cache-miss
1612 http cache https://registry.npmjs.org/@npmcli%2fpromise-spawn 11ms (cache hit)
1613 silly packumentCache full:https://registry.npmjs.org/@npmcli%2fpromise-spawn set size:70616 disposed:false
1614 silly fetch manifest escalade@^3.1.1
1615 silly packumentCache full:https://registry.npmjs.org/escalade cache-miss
1616 http cache https://registry.npmjs.org/@npmcli%2finstalled-package-contents 11ms (cache hit)
1617 silly packumentCache full:https://registry.npmjs.org/@npmcli%2finstalled-package-contents set size:51596 disposed:false
1618 silly fetch manifest string-width@^7.2.0
1619 silly packumentCache full:https://registry.npmjs.org/string-width cache-miss
1620 http cache https://registry.npmjs.org/path-parse 11ms (cache hit)
1621 silly packumentCache full:https://registry.npmjs.org/path-parse set size:14523 disposed:false
1622 silly fetch manifest yargs-parser@^22.0.0
1623 silly packumentCache full:https://registry.npmjs.org/yargs-parser cache-miss
1624 http cache https://registry.npmjs.org/is-core-module 10ms (cache hit)
1625 silly packumentCache full:https://registry.npmjs.org/is-core-module set size:74378 disposed:false
1626 silly fetch manifest get-caller-file@^2.0.5
1627 silly packumentCache full:https://registry.npmjs.org/get-caller-file cache-miss
1628 http cache https://registry.npmjs.org/supports-preserve-symlinks-flag 8ms (cache hit)
1629 silly packumentCache full:https://registry.npmjs.org/supports-preserve-symlinks-flag set size:6802 disposed:false
1630 http cache https://registry.npmjs.org/y18n 7ms (cache hit)
1631 silly packumentCache full:https://registry.npmjs.org/y18n set size:76155 disposed:false
1632 http cache https://registry.npmjs.org/cliui 6ms (cache hit)
1633 silly packumentCache full:https://registry.npmjs.org/cliui set size:69089 disposed:false
1634 http cache https://registry.npmjs.org/escalade 6ms (cache hit)
1635 silly packumentCache full:https://registry.npmjs.org/escalade set size:33724 disposed:false
1636 http cache https://registry.npmjs.org/get-caller-file 3ms (cache hit)
1637 silly packumentCache full:https://registry.npmjs.org/get-caller-file set size:26456 disposed:false
1638 http cache https://registry.npmjs.org/string-width 5ms (cache hit)
1639 silly packumentCache full:https://registry.npmjs.org/string-width set size:70381 disposed:false
1640 http cache https://registry.npmjs.org/yargs-parser 5ms (cache hit)
1641 silly packumentCache full:https://registry.npmjs.org/yargs-parser set size:238630 disposed:false
1642 silly placeDep ROOT ora@8.2.0 OK for: @angular-devkit/schematics@20.3.28 want: 8.2.0
1643 silly fetch manifest chalk@^5.3.0
1644 silly packumentCache full:https://registry.npmjs.org/chalk cache-hit
1645 silly fetch manifest cli-cursor@^5.0.0
1646 silly packumentCache full:https://registry.npmjs.org/cli-cursor cache-miss
1647 silly fetch manifest strip-ansi@^7.1.0
1648 silly packumentCache full:https://registry.npmjs.org/strip-ansi cache-miss
1649 silly fetch manifest log-symbols@^6.0.0
1650 silly packumentCache full:https://registry.npmjs.org/log-symbols cache-miss
1651 silly fetch manifest cli-spinners@^2.9.2
1652 silly packumentCache full:https://registry.npmjs.org/cli-spinners cache-miss
1653 silly fetch manifest is-interactive@^2.0.0
1654 silly packumentCache full:https://registry.npmjs.org/is-interactive cache-miss
1655 silly fetch manifest stdin-discarder@^0.2.2
1656 silly packumentCache full:https://registry.npmjs.org/stdin-discarder cache-miss
1657 silly fetch manifest is-unicode-supported@^2.0.0
1658 silly packumentCache full:https://registry.npmjs.org/is-unicode-supported cache-miss
1659 http cache https://registry.npmjs.org/cli-spinners 4ms (cache hit)
1660 silly packumentCache full:https://registry.npmjs.org/cli-spinners set size:67473 disposed:false
1661 http cache https://registry.npmjs.org/cli-cursor 6ms (cache hit)
1662 silly packumentCache full:https://registry.npmjs.org/cli-cursor set size:18913 disposed:false
1663 http cache https://registry.npmjs.org/is-interactive 5ms (cache hit)
1664 silly packumentCache full:https://registry.npmjs.org/is-interactive set size:10692 disposed:false
1665 http cache https://registry.npmjs.org/strip-ansi 5ms (cache hit)
1666 silly packumentCache full:https://registry.npmjs.org/strip-ansi set size:44998 disposed:false
1667 http cache https://registry.npmjs.org/log-symbols 5ms (cache hit)
1668 silly packumentCache full:https://registry.npmjs.org/log-symbols set size:31977 disposed:false
1669 http cache https://registry.npmjs.org/stdin-discarder 6ms (cache hit)
1670 silly packumentCache full:https://registry.npmjs.org/stdin-discarder set size:15211 disposed:false
1671 http cache https://registry.npmjs.org/is-unicode-supported 6ms (cache hit)
1672 silly packumentCache full:https://registry.npmjs.org/is-unicode-supported set size:19461 disposed:false
1673 silly placeDep ROOT @jridgewell/sourcemap-codec@1.5.5 OK for: @angular/compiler-cli@20.3.25 want: ^1.4.14
1674 silly placeDep ROOT chokidar@4.0.3 OK for: @angular/compiler-cli@20.3.25 want: ^4.0.0
1675 silly placeDep ROOT convert-source-map@1.9.0 OK for: @angular/compiler-cli@20.3.25 want: ^1.5.1
1676 silly placeDep ROOT reflect-metadata@0.2.2 OK for: @angular/compiler-cli@20.3.25 want: ^0.2.0
1677 silly fetch manifest readdirp@^4.0.1
1678 silly packumentCache full:https://registry.npmjs.org/readdirp cache-miss
1679 http cache https://registry.npmjs.org/readdirp 1ms (cache hit)
1680 silly packumentCache full:https://registry.npmjs.org/readdirp set size:107589 disposed:false
1681 silly fetch manifest @babel/core@^7.0.0
1682 silly packumentCache full:https://registry.npmjs.org/@babel%2fcore cache-hit
1683 silly placeDep ROOT @babel/code-frame@7.29.7 OK for: @babel/core@7.28.3 want: ^7.27.1
1684 silly placeDep ROOT @babel/generator@7.29.7 OK for: @babel/core@7.28.3 want: ^7.28.3
1685 silly placeDep ROOT @babel/helper-compilation-targets@7.29.7 OK for: @babel/core@7.28.3 want: ^7.27.2
1686 silly placeDep ROOT @babel/helper-module-transforms@7.29.7 OK for: @babel/core@7.28.3 want: ^7.28.3
1687 silly placeDep ROOT @babel/helpers@7.29.7 OK for: @babel/core@7.28.3 want: ^7.28.3
1688 silly placeDep ROOT @babel/parser@7.29.7 OK for: @babel/core@7.28.3 want: ^7.28.3
1689 silly placeDep ROOT @babel/template@7.29.7 OK for: @babel/core@7.28.3 want: ^7.27.2
1690 silly placeDep ROOT @babel/traverse@7.29.7 OK for: @babel/core@7.28.3 want: ^7.28.3
1691 silly placeDep ROOT @babel/types@7.29.7 OK for: @babel/core@7.28.3 want: ^7.28.2
1692 silly placeDep node_modules/@babel/core convert-source-map@2.0.0 OK for: @babel/core@7.28.3 want: ^2.0.0
1693 silly placeDep ROOT debug@4.4.3 OK for: @babel/core@7.28.3 want: ^4.1.0
1694 silly placeDep ROOT gensync@1.0.0-beta.2 OK for: @babel/core@7.28.3 want: ^1.0.0-beta.2
1695 silly placeDep ROOT json5@2.2.3 OK for: @babel/core@7.28.3 want: ^2.2.3
1696 silly placeDep node_modules/@babel/core semver@6.3.1 OK for: @babel/core@7.28.3 want: ^6.3.1
1697 silly fetch manifest @babel/helper-validator-identifier@^7.29.7
1698 silly packumentCache full:https://registry.npmjs.org/@babel%2fhelper-validator-identifier cache-miss
1699 silly fetch manifest js-tokens@^4.0.0
1700 silly packumentCache full:https://registry.npmjs.org/js-tokens cache-miss
1701 silly fetch manifest @babel/parser@^7.29.7
1702 silly packumentCache full:https://registry.npmjs.org/@babel%2fparser cache-hit
1703 silly fetch manifest @babel/types@^7.29.7
1704 silly packumentCache full:https://registry.npmjs.org/@babel%2ftypes cache-hit
1705 silly fetch manifest jsesc@^3.0.2
1706 silly packumentCache full:https://registry.npmjs.org/jsesc cache-miss
1707 silly fetch manifest @babel/compat-data@^7.29.7
1708 silly packumentCache full:https://registry.npmjs.org/@babel%2fcompat-data cache-miss
1709 silly fetch manifest @babel/helper-validator-option@^7.29.7
1710 silly packumentCache full:https://registry.npmjs.org/@babel%2fhelper-validator-option cache-miss
1711 silly fetch manifest lru-cache@^5.1.1
1712 silly packumentCache full:https://registry.npmjs.org/lru-cache cache-miss
1713 silly fetch manifest @babel/helper-module-imports@^7.29.7
1714 silly packumentCache full:https://registry.npmjs.org/@babel%2fhelper-module-imports cache-miss
1715 http cache https://registry.npmjs.org/js-tokens 5ms (cache hit)
1716 silly packumentCache full:https://registry.npmjs.org/js-tokens set size:41947 disposed:false
1717 silly fetch manifest @babel/helper-validator-identifier@^7.29.7
1718 silly packumentCache full:https://registry.npmjs.org/@babel%2fhelper-validator-identifier cache-miss
1719 http cache https://registry.npmjs.org/jsesc 5ms (cache hit)
1720 silly packumentCache full:https://registry.npmjs.org/jsesc set size:61512 disposed:false
1721 silly fetch manifest @babel/traverse@^7.29.7
1722 silly packumentCache full:https://registry.npmjs.org/@babel%2ftraverse cache-hit
1723 silly fetch manifest @babel/template@^7.29.7
1724 silly packumentCache full:https://registry.npmjs.org/@babel%2ftemplate cache-hit
1725 silly fetch manifest @babel/helper-globals@^7.29.7
1726 silly packumentCache full:https://registry.npmjs.org/@babel%2fhelper-globals cache-miss
1727 http cache https://registry.npmjs.org/@babel%2fhelper-validator-option 6ms (cache hit)
1728 silly packumentCache full:https://registry.npmjs.org/@babel%2fhelper-validator-option set size:99449 disposed:false
1729 silly fetch manifest debug@^4.3.1
1730 silly packumentCache full:https://registry.npmjs.org/debug cache-hit
1731 silly fetch manifest @babel/helper-string-parser@^7.29.7
1732 silly packumentCache full:https://registry.npmjs.org/@babel%2fhelper-string-parser cache-miss
1733 http cache https://registry.npmjs.org/@babel%2fhelper-validator-identifier 7ms (cache hit)
1734 silly packumentCache full:https://registry.npmjs.org/@babel%2fhelper-validator-identifier set size:123928 disposed:false
1735 silly fetch manifest ms@^2.1.3
1736 silly packumentCache full:https://registry.npmjs.org/ms cache-miss
1737 http cache https://registry.npmjs.org/lru-cache 7ms (cache hit)
1738 silly packumentCache full:https://registry.npmjs.org/lru-cache set size:456196 disposed:false
1739 http cache https://registry.npmjs.org/@babel%2fhelper-module-imports 10ms (cache hit)
1740 silly packumentCache full:https://registry.npmjs.org/@babel%2fhelper-module-imports set size:201351 disposed:false
1741 http cache https://registry.npmjs.org/@babel%2fcompat-data 14ms (cache hit)
1742 silly packumentCache full:https://registry.npmjs.org/@babel%2fcompat-data set size:316558 disposed:false
1743 http cache https://registry.npmjs.org/@babel%2fhelper-validator-identifier 12ms (cache hit)
1744 silly packumentCache full:https://registry.npmjs.org/@babel%2fhelper-validator-identifier set size:123928 disposed:false
1745 silly packumentCache full:https://registry.npmjs.org/@babel%2fhelper-validator-identifier dispose
1746 http cache https://registry.npmjs.org/@babel%2fhelper-globals 13ms (cache hit)
1747 silly packumentCache full:https://registry.npmjs.org/@babel%2fhelper-globals set size:23181 disposed:false
1748 http cache https://registry.npmjs.org/ms 11ms (cache hit)
1749 silly packumentCache full:https://registry.npmjs.org/ms set size:92208 disposed:false
1750 http cache https://registry.npmjs.org/@babel%2fhelper-string-parser 13ms (cache hit)
1751 silly packumentCache full:https://registry.npmjs.org/@babel%2fhelper-string-parser set size:89614 disposed:false
1752 silly placeDep ROOT @babel/helper-validator-identifier@7.29.7 OK for: @babel/code-frame@7.29.7 want: ^7.29.7
1753 silly placeDep ROOT js-tokens@4.0.0 OK for: @babel/code-frame@7.29.7 want: ^4.0.0
1754 silly placeDep ROOT picocolors@1.1.1 OK for: @babel/code-frame@7.29.7 want: ^1.1.1
1755 silly placeDep ROOT jsesc@3.1.0 OK for: @babel/generator@7.29.7 want: ^3.0.2
1756 silly placeDep ROOT @babel/compat-data@7.29.7 OK for: @babel/helper-compilation-targets@7.29.7 want: ^7.29.7
1757 silly placeDep ROOT @babel/helper-validator-option@7.29.7 OK for: @babel/helper-compilation-targets@7.29.7 want: ^7.29.7
1758 silly placeDep ROOT lru-cache@5.1.1 OK for: @babel/helper-compilation-targets@7.29.7 want: ^5.1.1
1759 silly placeDep node_modules/@babel/helper-compilation-targets semver@6.3.1 OK for: @babel/helper-compilation-targets@7.29.7 want: ^6.3.1
1760 silly fetch manifest yallist@^3.0.2
1761 silly packumentCache full:https://registry.npmjs.org/yallist cache-miss
1762 http cache https://registry.npmjs.org/yallist 1ms (cache hit)
1763 silly packumentCache full:https://registry.npmjs.org/yallist set size:34610 disposed:false
1764 silly placeDep ROOT @babel/helper-module-imports@7.29.7 OK for: @babel/helper-module-transforms@7.29.7 want: ^7.29.7
1765 silly placeDep ROOT @babel/helper-globals@7.29.7 OK for: @babel/traverse@7.29.7 want: ^7.29.7
1766 silly placeDep ROOT @babel/helper-string-parser@7.29.7 OK for: @babel/types@7.29.7 want: ^7.29.7
1767 silly placeDep ROOT @commitlint/format@21.0.1 OK for: @commitlint/cli@21.0.2 want: ^21.0.1
1768 silly placeDep ROOT @commitlint/lint@21.0.2 OK for: @commitlint/cli@21.0.2 want: ^21.0.2
1769 silly placeDep ROOT @commitlint/load@21.0.2 OK for: @commitlint/cli@21.0.2 want: ^21.0.2
1770 silly placeDep ROOT @commitlint/read@21.0.2 OK for: @commitlint/cli@21.0.2 want: ^21.0.2
1771 silly placeDep ROOT @commitlint/types@21.0.1 OK for: @commitlint/cli@21.0.2 want: ^21.0.1
1772 silly placeDep ROOT tinyexec@1.2.4 OK for: @commitlint/cli@21.0.2 want: ^1.0.0
1773 silly fetch manifest @commitlint/is-ignored@^21.0.2
1774 silly packumentCache full:https://registry.npmjs.org/@commitlint%2fis-ignored cache-miss
1775 silly fetch manifest @commitlint/parse@^21.0.2
1776 silly packumentCache full:https://registry.npmjs.org/@commitlint%2fparse cache-miss
1777 silly fetch manifest @commitlint/rules@^21.0.2
1778 silly packumentCache full:https://registry.npmjs.org/@commitlint%2frules cache-miss
1779 silly fetch manifest @commitlint/config-validator@^21.0.1
1780 silly packumentCache full:https://registry.npmjs.org/@commitlint%2fconfig-validator cache-miss
1781 silly fetch manifest @commitlint/execute-rule@^21.0.1
1782 silly packumentCache full:https://registry.npmjs.org/@commitlint%2fexecute-rule cache-miss
1783 silly fetch manifest @commitlint/resolve-extends@^21.0.1
1784 silly packumentCache full:https://registry.npmjs.org/@commitlint%2fresolve-extends cache-miss
1785 silly fetch manifest cosmiconfig@^9.0.1
1786 silly packumentCache full:https://registry.npmjs.org/cosmiconfig cache-miss
1787 http cache https://registry.npmjs.org/@commitlint%2fparse 4ms (cache hit)
1788 silly packumentCache full:https://registry.npmjs.org/@commitlint%2fparse set size:194578 disposed:false
1789 silly fetch manifest cosmiconfig-typescript-loader@^6.1.0
1790 silly packumentCache full:https://registry.npmjs.org/cosmiconfig-typescript-loader cache-miss
1791 http cache https://registry.npmjs.org/@commitlint%2fis-ignored 5ms (cache hit)
1792 silly packumentCache full:https://registry.npmjs.org/@commitlint%2fis-ignored set size:233905 disposed:false
1793 silly fetch manifest es-toolkit@^1.46.0
1794 silly packumentCache full:https://registry.npmjs.org/es-toolkit cache-miss
1795 http cache https://registry.npmjs.org/@commitlint%2fconfig-validator 5ms (cache hit)
1796 silly packumentCache full:https://registry.npmjs.org/@commitlint%2fconfig-validator set size:70839 disposed:false
1797 silly fetch manifest is-plain-obj@^4.1.0
1798 silly packumentCache full:https://registry.npmjs.org/is-plain-obj cache-miss
1799 http cache https://registry.npmjs.org/@commitlint%2frules 7ms (cache hit)
1800 silly packumentCache full:https://registry.npmjs.org/@commitlint%2frules set size:247179 disposed:false
1801 silly fetch manifest @commitlint/top-level@^21.0.2
1802 silly packumentCache full:https://registry.npmjs.org/@commitlint%2ftop-level cache-miss
1803 http cache https://registry.npmjs.org/cosmiconfig 7ms (cache hit)
1804 silly packumentCache full:https://registry.npmjs.org/cosmiconfig set size:200670 disposed:false
1805 silly fetch manifest git-raw-commits@^5.0.0
1806 silly packumentCache full:https://registry.npmjs.org/git-raw-commits cache-miss
1807 http cache https://registry.npmjs.org/@commitlint%2fresolve-extends 8ms (cache hit)
1808 silly packumentCache full:https://registry.npmjs.org/@commitlint%2fresolve-extends set size:209272 disposed:false
1809 silly fetch manifest conventional-commits-parser@^6.3.0
1810 silly packumentCache full:https://registry.npmjs.org/conventional-commits-parser cache-miss
1811 http cache https://registry.npmjs.org/@commitlint%2fexecute-rule 10ms (cache hit)
1812 silly packumentCache full:https://registry.npmjs.org/@commitlint%2fexecute-rule set size:145704 disposed:false
1813 http cache https://registry.npmjs.org/cosmiconfig-typescript-loader 10ms (cache hit)
1814 silly packumentCache full:https://registry.npmjs.org/cosmiconfig-typescript-loader set size:120546 disposed:false
1815 http cache https://registry.npmjs.org/is-plain-obj 10ms (cache hit)
1816 silly packumentCache full:https://registry.npmjs.org/is-plain-obj set size:17899 disposed:false
1817 http cache https://registry.npmjs.org/@commitlint%2ftop-level 10ms (cache hit)
1818 silly packumentCache full:https://registry.npmjs.org/@commitlint%2ftop-level set size:148178 disposed:false
1819 http cache https://registry.npmjs.org/git-raw-commits 10ms (cache hit)
1820 silly packumentCache full:https://registry.npmjs.org/git-raw-commits set size:85642 disposed:false
1821 http cache https://registry.npmjs.org/conventional-commits-parser 14ms (cache hit)
1822 silly packumentCache full:https://registry.npmjs.org/conventional-commits-parser set size:157240 disposed:false
1823 http cache https://registry.npmjs.org/es-toolkit 29ms (cache hit)
1824 silly packumentCache full:https://registry.npmjs.org/es-toolkit set size:10967070 disposed:false
1825 silly placeDep ROOT conventional-changelog-conventionalcommits@9.3.1 OK for: @commitlint/config-conventional@21.0.2 want: ^9.2.0
1826 silly fetch manifest compare-func@^2.0.0
1827 silly packumentCache full:https://registry.npmjs.org/compare-func cache-miss
1828 http cache https://registry.npmjs.org/compare-func 4ms (cache hit)
1829 silly packumentCache full:https://registry.npmjs.org/compare-func set size:26786 disposed:false
1830 silly placeDep ROOT @commitlint/is-ignored@21.0.2 OK for: @commitlint/lint@21.0.2 want: ^21.0.2
1831 silly placeDep ROOT @commitlint/parse@21.0.2 OK for: @commitlint/lint@21.0.2 want: ^21.0.2
1832 silly placeDep ROOT @commitlint/rules@21.0.2 OK for: @commitlint/lint@21.0.2 want: ^21.0.2
1833 silly fetch manifest conventional-changelog-angular@^8.2.0
1834 silly packumentCache full:https://registry.npmjs.org/conventional-changelog-angular cache-miss
1835 silly fetch manifest @commitlint/ensure@^21.0.1
1836 silly packumentCache full:https://registry.npmjs.org/@commitlint%2fensure cache-miss
1837 silly fetch manifest @commitlint/message@^21.0.2
1838 silly packumentCache full:https://registry.npmjs.org/@commitlint%2fmessage cache-miss
1839 silly fetch manifest @commitlint/to-lines@^21.0.1
1840 silly packumentCache full:https://registry.npmjs.org/@commitlint%2fto-lines cache-miss
1841 http cache https://registry.npmjs.org/conventional-changelog-angular 2ms (cache hit)
1842 silly packumentCache full:https://registry.npmjs.org/conventional-changelog-angular set size:125934 disposed:false
1843 http cache https://registry.npmjs.org/@commitlint%2fmessage 3ms (cache hit)
1844 silly packumentCache full:https://registry.npmjs.org/@commitlint%2fmessage set size:157781 disposed:false
1845 http cache https://registry.npmjs.org/@commitlint%2fto-lines 4ms (cache hit)
1846 silly packumentCache full:https://registry.npmjs.org/@commitlint%2fto-lines set size:143217 disposed:false
1847 http cache https://registry.npmjs.org/@commitlint%2fensure 5ms (cache hit)
1848 silly packumentCache full:https://registry.npmjs.org/@commitlint%2fensure set size:197630 disposed:false
1849 silly fetch manifest typescript@>=4.9.5
1850 silly packumentCache full:https://registry.npmjs.org/typescript cache-miss
1851 http cache https://registry.npmjs.org/typescript 14ms (cache hit)
1852 silly packumentCache full:https://registry.npmjs.org/typescript set size:15409943 disposed:false
1853 silly fetch manifest @types/node@*
1854 silly packumentCache full:https://registry.npmjs.org/@types%2fnode cache-miss
1855 http cache https://registry.npmjs.org/@types%2fnode 11ms (cache hit)
1856 silly packumentCache full:https://registry.npmjs.org/@types%2fnode set size:11047915 disposed:false
1857 silly placeDep ROOT @commitlint/config-validator@21.0.1 OK for: @commitlint/load@21.0.2 want: ^21.0.1
1858 silly placeDep ROOT @commitlint/execute-rule@21.0.1 OK for: @commitlint/load@21.0.2 want: ^21.0.1
1859 silly placeDep ROOT @commitlint/resolve-extends@21.0.1 OK for: @commitlint/load@21.0.2 want: ^21.0.1
1860 silly placeDep ROOT cosmiconfig@9.0.2 OK for: @commitlint/load@21.0.2 want: ^9.0.1
1861 silly placeDep ROOT cosmiconfig-typescript-loader@6.3.0 OK for: @commitlint/load@21.0.2 want: ^6.1.0
1862 silly placeDep ROOT @types/node@25.9.3 OK for: cosmiconfig-typescript-loader@6.3.0 want: *
1863 silly placeDep ROOT es-toolkit@1.47.1 OK for: @commitlint/load@21.0.2 want: ^1.46.0
1864 silly placeDep ROOT is-plain-obj@4.1.0 OK for: @commitlint/load@21.0.2 want: ^4.1.0
1865 silly fetch manifest global-directory@^5.0.0
1866 silly packumentCache full:https://registry.npmjs.org/global-directory cache-miss
1867 silly fetch manifest resolve-from@^5.0.0
1868 silly packumentCache full:https://registry.npmjs.org/resolve-from cache-miss
1869 silly fetch manifest js-yaml@^4.1.0
1870 silly packumentCache full:https://registry.npmjs.org/js-yaml cache-miss
1871 silly fetch manifest env-paths@^2.2.1
1872 silly packumentCache full:https://registry.npmjs.org/env-paths cache-miss
1873 silly fetch manifest parse-json@^5.2.0
1874 silly packumentCache full:https://registry.npmjs.org/parse-json cache-miss
1875 silly fetch manifest import-fresh@^3.3.0
1876 silly packumentCache full:https://registry.npmjs.org/import-fresh cache-miss
1877 silly fetch manifest jiti@2.6.1
1878 silly packumentCache full:https://registry.npmjs.org/jiti cache-hit
1879 silly fetch manifest undici-types@>=7.24.0 <7.24.7
1880 silly packumentCache full:https://registry.npmjs.org/undici-types cache-miss
1881 http cache https://registry.npmjs.org/parse-json 3ms (cache hit)
1882 silly packumentCache full:https://registry.npmjs.org/parse-json set size:48198 disposed:false
1883 http cache https://registry.npmjs.org/global-directory 4ms (cache hit)
1884 silly packumentCache full:https://registry.npmjs.org/global-directory set size:8560 disposed:false
1885 http cache https://registry.npmjs.org/resolve-from 4ms (cache hit)
1886 silly packumentCache full:https://registry.npmjs.org/resolve-from set size:12911 disposed:false
1887 http cache https://registry.npmjs.org/env-paths 4ms (cache hit)
1888 silly packumentCache full:https://registry.npmjs.org/env-paths set size:26913 disposed:false
1889 http cache https://registry.npmjs.org/js-yaml 6ms (cache hit)
1890 silly packumentCache full:https://registry.npmjs.org/js-yaml set size:152841 disposed:false
1891 http cache https://registry.npmjs.org/import-fresh 7ms (cache hit)
1892 silly packumentCache full:https://registry.npmjs.org/import-fresh set size:24604 disposed:false
1893 http cache https://registry.npmjs.org/undici-types 7ms (cache hit)
1894 silly packumentCache full:https://registry.npmjs.org/undici-types set size:229187 disposed:false
1895 silly placeDep ROOT conventional-changelog-angular@8.3.1 OK for: @commitlint/parse@21.0.2 want: ^8.2.0
1896 silly placeDep ROOT conventional-commits-parser@6.4.0 OK for: @commitlint/parse@21.0.2 want: ^6.3.0
1897 silly fetch manifest @simple-libs/stream-utils@^1.2.0
1898 silly packumentCache full:https://registry.npmjs.org/@simple-libs%2fstream-utils cache-miss
1899 silly fetch manifest meow@^13.0.0
1900 silly packumentCache full:https://registry.npmjs.org/meow cache-miss
1901 http cache https://registry.npmjs.org/@simple-libs%2fstream-utils 19ms (cache hit)
1902 silly packumentCache full:https://registry.npmjs.org/@simple-libs%2fstream-utils set size:9692 disposed:false
1903 http cache https://registry.npmjs.org/meow 20ms (cache hit)
1904 silly packumentCache full:https://registry.npmjs.org/meow set size:128964 disposed:false
1905 silly placeDep ROOT @commitlint/top-level@21.0.2 OK for: @commitlint/read@21.0.2 want: ^21.0.2
1906 silly placeDep ROOT git-raw-commits@5.0.1 OK for: @commitlint/read@21.0.2 want: ^5.0.0
1907 silly fetch manifest escalade@^3.2.0
1908 silly packumentCache full:https://registry.npmjs.org/escalade cache-hit
1909 silly fetch manifest @conventional-changelog/git-client@^2.6.0
1910 silly packumentCache full:https://registry.npmjs.org/@conventional-changelog%2fgit-client cache-miss
1911 http cache https://registry.npmjs.org/@conventional-changelog%2fgit-client 2ms (cache hit)
1912 silly packumentCache full:https://registry.npmjs.org/@conventional-changelog%2fgit-client set size:31156 disposed:false
1913 silly placeDep ROOT global-directory@5.0.0 OK for: @commitlint/resolve-extends@21.0.1 want: ^5.0.0
1914 silly placeDep ROOT resolve-from@5.0.0 OK for: @commitlint/resolve-extends@21.0.1 want: ^5.0.0
1915 silly fetch manifest ini@6.0.0
1916 silly packumentCache full:https://registry.npmjs.org/ini cache-hit
1917 silly placeDep ROOT @commitlint/ensure@21.0.1 OK for: @commitlint/rules@21.0.2 want: ^21.0.1
1918 silly placeDep ROOT @commitlint/message@21.0.2 OK for: @commitlint/rules@21.0.2 want: ^21.0.2
1919 silly placeDep ROOT @commitlint/to-lines@21.0.1 OK for: @commitlint/rules@21.0.2 want: ^21.0.1
1920 silly placeDep ROOT escalade@3.2.0 OK for: @commitlint/top-level@21.0.2 want: ^3.2.0
1921 silly placeDep ROOT @inquirer/core@10.3.2 OK for: @inquirer/confirm@5.1.14 want: ^10.1.15
1922 silly placeDep ROOT @inquirer/type@3.0.10 OK for: @inquirer/confirm@5.1.14 want: ^3.0.8
1923 silly fetch manifest cli-width@^4.1.0
1924 silly packumentCache full:https://registry.npmjs.org/cli-width cache-miss
1925 silly fetch manifest wrap-ansi@^6.2.0
1926 silly packumentCache full:https://registry.npmjs.org/wrap-ansi cache-hit
1927 silly fetch manifest mute-stream@^2.0.0
1928 silly packumentCache full:https://registry.npmjs.org/mute-stream cache-miss
1929 silly fetch manifest signal-exit@^4.1.0
1930 silly packumentCache full:https://registry.npmjs.org/signal-exit cache-miss
1931 silly fetch manifest @inquirer/ansi@^1.0.2
1932 silly packumentCache full:https://registry.npmjs.org/@inquirer%2fansi cache-miss
1933 silly fetch manifest @inquirer/type@^3.0.10
1934 silly packumentCache full:https://registry.npmjs.org/@inquirer%2ftype cache-hit
1935 silly fetch manifest yoctocolors-cjs@^2.1.3
1936 silly packumentCache full:https://registry.npmjs.org/yoctocolors-cjs cache-miss
1937 silly fetch manifest @inquirer/figures@^1.0.15
1938 silly packumentCache full:https://registry.npmjs.org/@inquirer%2ffigures cache-miss
1939 http cache https://registry.npmjs.org/mute-stream 5ms (cache hit)
1940 silly packumentCache full:https://registry.npmjs.org/mute-stream set size:24469 disposed:false
1941 http cache https://registry.npmjs.org/cli-width 8ms (cache hit)
1942 silly packumentCache full:https://registry.npmjs.org/cli-width set size:24976 disposed:false
1943 http cache https://registry.npmjs.org/@inquirer%2fansi 5ms (cache hit)
1944 silly packumentCache full:https://registry.npmjs.org/@inquirer%2fansi set size:29199 disposed:false
1945 http cache https://registry.npmjs.org/signal-exit 7ms (cache hit)
1946 silly packumentCache full:https://registry.npmjs.org/signal-exit set size:53489 disposed:false
1947 http cache https://registry.npmjs.org/yoctocolors-cjs 7ms (cache hit)
1948 silly packumentCache full:https://registry.npmjs.org/yoctocolors-cjs set size:12865 disposed:false
1949 http cache https://registry.npmjs.org/@inquirer%2ffigures 6ms (cache hit)
1950 silly packumentCache full:https://registry.npmjs.org/@inquirer%2ffigures set size:57318 disposed:false
1951 silly placeDep ROOT @inquirer/ansi@1.0.2 OK for: @inquirer/core@10.3.2 want: ^1.0.2
1952 silly placeDep ROOT @inquirer/figures@1.0.15 OK for: @inquirer/core@10.3.2 want: ^1.0.15
1953 silly placeDep ROOT cli-width@4.1.0 OK for: @inquirer/core@10.3.2 want: ^4.1.0
1954 silly placeDep ROOT mute-stream@2.0.0 OK for: @inquirer/core@10.3.2 want: ^2.0.0
1955 silly placeDep ROOT signal-exit@4.1.0 OK for: @inquirer/core@10.3.2 want: ^4.1.0
1956 silly placeDep ROOT wrap-ansi@6.2.0 OK for: @inquirer/core@10.3.2 want: ^6.2.0
1957 silly placeDep ROOT yoctocolors-cjs@2.1.3 OK for: @inquirer/core@10.3.2 want: ^2.1.3
1958 silly fetch manifest strip-ansi@^6.0.0
1959 silly packumentCache full:https://registry.npmjs.org/strip-ansi cache-hit
1960 silly fetch manifest ansi-styles@^4.0.0
1961 silly packumentCache full:https://registry.npmjs.org/ansi-styles cache-miss
1962 silly fetch manifest string-width@^4.1.0
1963 silly packumentCache full:https://registry.npmjs.org/string-width cache-hit
1964 http cache https://registry.npmjs.org/ansi-styles 2ms (cache hit)
1965 silly packumentCache full:https://registry.npmjs.org/ansi-styles set size:63233 disposed:false
1966 silly placeDep ROOT @inquirer/checkbox@4.3.2 OK for: @inquirer/prompts@7.8.2 want: ^4.2.1
1967 silly placeDep ROOT @inquirer/editor@4.2.23 OK for: @inquirer/prompts@7.8.2 want: ^4.2.17
1968 silly placeDep ROOT @inquirer/expand@4.0.23 OK for: @inquirer/prompts@7.8.2 want: ^4.0.17
1969 silly placeDep ROOT @inquirer/input@4.3.1 OK for: @inquirer/prompts@7.8.2 want: ^4.2.1
1970 silly placeDep ROOT @inquirer/number@3.0.23 OK for: @inquirer/prompts@7.8.2 want: ^3.0.17
1971 silly placeDep ROOT @inquirer/password@4.0.23 OK for: @inquirer/prompts@7.8.2 want: ^4.0.17
1972 silly placeDep ROOT @inquirer/rawlist@4.1.11 OK for: @inquirer/prompts@7.8.2 want: ^4.1.5
1973 silly placeDep ROOT @inquirer/search@3.2.2 OK for: @inquirer/prompts@7.8.2 want: ^3.1.0
1974 silly placeDep ROOT @inquirer/select@4.4.2 OK for: @inquirer/prompts@7.8.2 want: ^4.3.1
1975 silly fetch manifest @inquirer/external-editor@^1.0.3
1976 silly packumentCache full:https://registry.npmjs.org/@inquirer%2fexternal-editor cache-miss
1977 http cache https://registry.npmjs.org/@inquirer%2fexternal-editor 1ms (cache hit)
1978 silly packumentCache full:https://registry.npmjs.org/@inquirer%2fexternal-editor set size:41046 disposed:false
1979 silly placeDep ROOT @inquirer/external-editor@1.0.3 OK for: @inquirer/editor@4.2.23 want: ^1.0.3
1980 silly fetch manifest chardet@^2.1.1
1981 silly packumentCache full:https://registry.npmjs.org/chardet cache-miss
1982 silly fetch manifest iconv-lite@^0.7.0
1983 silly packumentCache full:https://registry.npmjs.org/iconv-lite cache-miss
1984 http cache https://registry.npmjs.org/chardet 2ms (cache hit)
1985 silly packumentCache full:https://registry.npmjs.org/chardet set size:70553 disposed:false
1986 http cache https://registry.npmjs.org/iconv-lite 2ms (cache hit)
1987 silly packumentCache full:https://registry.npmjs.org/iconv-lite set size:120557 disposed:false
1988 silly placeDep ROOT chardet@2.1.1 OK for: @inquirer/external-editor@1.0.3 want: ^2.1.1
1989 silly placeDep ROOT iconv-lite@0.7.2 OK for: @inquirer/external-editor@1.0.3 want: ^0.7.0
1990 silly fetch manifest safer-buffer@>= 2.1.2 < 3.0.0
1991 silly packumentCache full:https://registry.npmjs.org/safer-buffer cache-miss
1992 http cache https://registry.npmjs.org/safer-buffer 1ms (cache hit)
1993 silly packumentCache full:https://registry.npmjs.org/safer-buffer set size:18521 disposed:false
1994 silly placeDep ROOT @jridgewell/resolve-uri@3.1.2 OK for: @jridgewell/trace-mapping@0.3.31 want: ^3.1.0
1995 silly placeDep ROOT @hono/node-server@1.19.14 OK for: @modelcontextprotocol/sdk@1.26.0 want: ^1.19.9
1996 silly placeDep ROOT hono@4.12.25 OK for: @hono/node-server@1.19.14 want: ^4
1997 silly placeDep ROOT content-type@1.0.5 OK for: @modelcontextprotocol/sdk@1.26.0 want: ^1.0.5
1998 silly placeDep ROOT cors@2.8.6 OK for: @modelcontextprotocol/sdk@1.26.0 want: ^2.8.5
1999 silly placeDep ROOT cross-spawn@7.0.6 OK for: @modelcontextprotocol/sdk@1.26.0 want: ^7.0.5
2000 silly placeDep ROOT eventsource@3.0.7 OK for: @modelcontextprotocol/sdk@1.26.0 want: ^3.0.2
2001 silly placeDep ROOT eventsource-parser@3.1.0 OK for: @modelcontextprotocol/sdk@1.26.0 want: ^3.0.0
2002 silly placeDep ROOT express@5.2.1 OK for: @modelcontextprotocol/sdk@1.26.0 want: ^5.2.1
2003 silly placeDep ROOT express-rate-limit@8.5.2 OK for: @modelcontextprotocol/sdk@1.26.0 want: ^8.2.1
2004 silly placeDep ROOT jose@6.2.3 OK for: @modelcontextprotocol/sdk@1.26.0 want: ^6.1.3
2005 silly placeDep ROOT json-schema-typed@8.0.2 OK for: @modelcontextprotocol/sdk@1.26.0 want: ^8.0.2
2006 silly placeDep ROOT pkce-challenge@5.0.1 OK for: @modelcontextprotocol/sdk@1.26.0 want: ^5.0.0
2007 silly placeDep ROOT raw-body@3.0.2 OK for: @modelcontextprotocol/sdk@1.26.0 want: ^3.0.0
2008 silly placeDep ROOT zod-to-json-schema@3.25.2 OK for: @modelcontextprotocol/sdk@1.26.0 want: ^3.25.1
2009 silly fetch manifest object-assign@^4
2010 silly packumentCache full:https://registry.npmjs.org/object-assign cache-miss
2011 silly fetch manifest vary@^1
2012 silly packumentCache full:https://registry.npmjs.org/vary cache-miss
2013 silly fetch manifest which@^2.0.1
2014 silly packumentCache full:https://registry.npmjs.org/which cache-hit
2015 silly fetch manifest path-key@^3.1.0
2016 silly packumentCache full:https://registry.npmjs.org/path-key cache-miss
2017 silly fetch manifest shebang-command@^2.0.0
2018 silly packumentCache full:https://registry.npmjs.org/shebang-command cache-miss
2019 silly fetch manifest eventsource-parser@^3.0.1
2020 silly packumentCache full:https://registry.npmjs.org/eventsource-parser cache-hit
2021 silly fetch manifest qs@^6.14.0
2022 silly packumentCache full:https://registry.npmjs.org/qs cache-miss
2023 silly fetch manifest depd@^2.0.0
2024 silly packumentCache full:https://registry.npmjs.org/depd cache-miss
2025 silly fetch manifest etag@^1.8.1
2026 silly packumentCache full:https://registry.npmjs.org/etag cache-miss
2027 http cache https://registry.npmjs.org/vary 4ms (cache hit)
2028 silly packumentCache full:https://registry.npmjs.org/vary set size:15994 disposed:false
2029 silly fetch manifest once@^1.4.0
2030 silly packumentCache full:https://registry.npmjs.org/once cache-miss
2031 http cache https://registry.npmjs.org/object-assign 6ms (cache hit)
2032 silly packumentCache full:https://registry.npmjs.org/object-assign set size:28988 disposed:false
2033 silly fetch manifest send@^1.1.0
2034 silly packumentCache full:https://registry.npmjs.org/send cache-miss
2035 http cache https://registry.npmjs.org/qs 5ms (cache hit)
2036 silly packumentCache full:https://registry.npmjs.org/qs set size:356906 disposed:false
2037 silly fetch manifest vary@^1.1.2
2038 silly packumentCache full:https://registry.npmjs.org/vary cache-hit
2039 silly fetch manifest fresh@^2.0.0
2040 silly packumentCache full:https://registry.npmjs.org/fresh cache-miss
2041 http cache https://registry.npmjs.org/shebang-command 7ms (cache hit)
2042 silly packumentCache full:https://registry.npmjs.org/shebang-command set size:8525 disposed:false
2043 silly fetch manifest cookie@^0.7.1
2044 silly packumentCache full:https://registry.npmjs.org/cookie cache-miss
2045 http cache https://registry.npmjs.org/etag 8ms (cache hit)
2046 silly packumentCache full:https://registry.npmjs.org/etag set size:30032 disposed:false
2047 silly fetch manifest router@^2.2.0
2048 silly packumentCache full:https://registry.npmjs.org/router cache-miss
2049 http cache https://registry.npmjs.org/depd 8ms (cache hit)
2050 silly packumentCache full:https://registry.npmjs.org/depd set size:40182 disposed:false
2051 silly fetch manifest accepts@^2.0.0
2052 silly packumentCache full:https://registry.npmjs.org/accepts cache-miss
2053 http cache https://registry.npmjs.org/path-key 9ms (cache hit)
2054 silly packumentCache full:https://registry.npmjs.org/path-key set size:16975 disposed:false
2055 silly fetch manifest type-is@^2.0.1
2056 silly packumentCache full:https://registry.npmjs.org/type-is cache-miss
2057 http cache https://registry.npmjs.org/fresh 4ms (cache hit)
2058 silly packumentCache full:https://registry.npmjs.org/fresh set size:25427 disposed:false
2059 silly fetch manifest parseurl@^1.3.3
2060 silly packumentCache full:https://registry.npmjs.org/parseurl cache-miss
2061 http cache https://registry.npmjs.org/send 7ms (cache hit)
2062 silly packumentCache full:https://registry.npmjs.org/send set size:152810 disposed:false
2063 silly fetch manifest statuses@^2.0.1
2064 silly packumentCache full:https://registry.npmjs.org/statuses cache-miss
2065 http cache https://registry.npmjs.org/once 8ms (cache hit)
2066 silly packumentCache full:https://registry.npmjs.org/once set size:11752 disposed:false
2067 silly fetch manifest encodeurl@^2.0.0
2068 silly packumentCache full:https://registry.npmjs.org/encodeurl cache-miss
2069 http cache https://registry.npmjs.org/cookie 5ms (cache hit)
2070 silly packumentCache full:https://registry.npmjs.org/cookie set size:72891 disposed:false
2071 silly fetch manifest mime-types@^3.0.0
2072 silly packumentCache full:https://registry.npmjs.org/mime-types cache-miss
2073 http cache https://registry.npmjs.org/router 6ms (cache hit)
2074 silly packumentCache full:https://registry.npmjs.org/router set size:116499 disposed:false
2075 silly fetch manifest proxy-addr@^2.0.7
2076 silly packumentCache full:https://registry.npmjs.org/proxy-addr cache-miss
2077 http cache https://registry.npmjs.org/type-is 7ms (cache hit)
2078 silly packumentCache full:https://registry.npmjs.org/type-is set size:88614 disposed:false
2079 silly fetch manifest body-parser@^2.2.1
2080 silly packumentCache full:https://registry.npmjs.org/body-parser cache-hit
2081 silly fetch manifest escape-html@^1.0.3
2082 silly packumentCache full:https://registry.npmjs.org/escape-html cache-miss
2083 http cache https://registry.npmjs.org/accepts 8ms (cache hit)
2084 silly packumentCache full:https://registry.npmjs.org/accepts set size:77054 disposed:false
2085 silly fetch manifest http-errors@^2.0.0
2086 silly packumentCache full:https://registry.npmjs.org/http-errors cache-miss
2087 http cache https://registry.npmjs.org/mime-types 5ms (cache hit)
2088 silly packumentCache full:https://registry.npmjs.org/mime-types set size:139110 disposed:false
2089 silly fetch manifest on-finished@^2.4.1
2090 silly packumentCache full:https://registry.npmjs.org/on-finished cache-miss
2091 http cache https://registry.npmjs.org/parseurl 8ms (cache hit)
2092 silly packumentCache full:https://registry.npmjs.org/parseurl set size:24148 disposed:false
2093 silly fetch manifest finalhandler@^2.1.0
2094 silly packumentCache full:https://registry.npmjs.org/finalhandler cache-miss
2095 http cache https://registry.npmjs.org/statuses 8ms (cache hit)
2096 silly packumentCache full:https://registry.npmjs.org/statuses set size:37117 disposed:false
2097 silly fetch manifest serve-static@^2.2.0
2098 silly packumentCache full:https://registry.npmjs.org/serve-static cache-miss
2099 http cache https://registry.npmjs.org/encodeurl 8ms (cache hit)
2100 silly packumentCache full:https://registry.npmjs.org/encodeurl set size:12296 disposed:false
2101 silly fetch manifest cookie-signature@^1.2.1
2102 silly packumentCache full:https://registry.npmjs.org/cookie-signature cache-miss
2103 http cache https://registry.npmjs.org/proxy-addr 7ms (cache hit)
2104 silly packumentCache full:https://registry.npmjs.org/proxy-addr set size:61619 disposed:false
2105 silly fetch manifest merge-descriptors@^2.0.0
2106 silly packumentCache full:https://registry.npmjs.org/merge-descriptors cache-miss
2107 http cache https://registry.npmjs.org/escape-html 7ms (cache hit)
2108 silly packumentCache full:https://registry.npmjs.org/escape-html set size:7345 disposed:false
2109 silly fetch manifest content-disposition@^1.0.0
2110 silly packumentCache full:https://registry.npmjs.org/content-disposition cache-miss
2111 http cache https://registry.npmjs.org/http-errors 7ms (cache hit)
2112 silly packumentCache full:https://registry.npmjs.org/http-errors set size:71987 disposed:false
2113 silly fetch manifest ip-address@^10.2.0
2114 silly packumentCache full:https://registry.npmjs.org/ip-address cache-miss
2115 http cache https://registry.npmjs.org/finalhandler 4ms (cache hit)
2116 silly packumentCache full:https://registry.npmjs.org/finalhandler set size:79291 disposed:false
2117 silly fetch manifest bytes@~3.1.2
2118 silly packumentCache full:https://registry.npmjs.org/bytes cache-miss
2119 http cache https://registry.npmjs.org/serve-static 5ms (cache hit)
2120 silly packumentCache full:https://registry.npmjs.org/serve-static set size:150391 disposed:false
2121 silly fetch manifest unpipe@~1.0.0
2122 silly packumentCache full:https://registry.npmjs.org/unpipe cache-miss
2123 http cache https://registry.npmjs.org/on-finished 7ms (cache hit)
2124 silly packumentCache full:https://registry.npmjs.org/on-finished set size:23212 disposed:false
2125 silly fetch manifest http-errors@~2.0.1
2126 silly packumentCache full:https://registry.npmjs.org/http-errors cache-hit
2127 http cache https://registry.npmjs.org/cookie-signature 6ms (cache hit)
2128 silly packumentCache full:https://registry.npmjs.org/cookie-signature set size:21777 disposed:false
2129 http cache https://registry.npmjs.org/merge-descriptors 6ms (cache hit)
2130 silly packumentCache full:https://registry.npmjs.org/merge-descriptors set size:16527 disposed:false
2131 http cache https://registry.npmjs.org/content-disposition 4ms (cache hit)
2132 silly packumentCache full:https://registry.npmjs.org/content-disposition set size:42862 disposed:false
2133 http cache https://registry.npmjs.org/bytes 5ms (cache hit)
2134 silly packumentCache full:https://registry.npmjs.org/bytes set size:37018 disposed:false
2135 http cache https://registry.npmjs.org/ip-address 6ms (cache hit)
2136 silly packumentCache full:https://registry.npmjs.org/ip-address set size:171530 disposed:false
2137 http cache https://registry.npmjs.org/unpipe 5ms (cache hit)
2138 silly packumentCache full:https://registry.npmjs.org/unpipe set size:3609 disposed:false
2139 silly placeDep ROOT undici-types@7.24.6 OK for: @types/node@25.9.3 want: >=7.24.0 <7.24.7
2140 silly placeDep ROOT fast-deep-equal@3.1.3 OK for: ajv@8.18.0 want: ^3.1.3
2141 silly placeDep ROOT fast-uri@3.1.2 OK for: ajv@8.18.0 want: ^3.0.1
2142 silly placeDep ROOT json-schema-traverse@1.0.0 OK for: ajv@8.18.0 want: ^1.0.0
2143 silly placeDep ROOT require-from-string@2.0.2 OK for: ajv@8.18.0 want: ^2.0.2
2144 silly placeDep ROOT @algolia/abtesting@1.1.0 OK for: algoliasearch@5.35.0 want: 1.1.0
2145 silly placeDep ROOT @algolia/client-abtesting@5.35.0 OK for: algoliasearch@5.35.0 want: 5.35.0
2146 silly placeDep ROOT @algolia/client-analytics@5.35.0 OK for: algoliasearch@5.35.0 want: 5.35.0
2147 silly placeDep ROOT @algolia/client-common@5.35.0 OK for: algoliasearch@5.35.0 want: 5.35.0
2148 silly placeDep ROOT @algolia/client-insights@5.35.0 OK for: algoliasearch@5.35.0 want: 5.35.0
2149 silly placeDep ROOT @algolia/client-personalization@5.35.0 OK for: algoliasearch@5.35.0 want: 5.35.0
2150 silly placeDep ROOT @algolia/client-query-suggestions@5.35.0 OK for: algoliasearch@5.35.0 want: 5.35.0
2151 silly placeDep ROOT @algolia/client-search@5.35.0 OK for: algoliasearch@5.35.0 want: 5.35.0
2152 silly placeDep ROOT @algolia/ingestion@1.35.0 OK for: algoliasearch@5.35.0 want: 1.35.0
2153 silly placeDep ROOT @algolia/monitoring@1.35.0 OK for: algoliasearch@5.35.0 want: 1.35.0
2154 silly placeDep ROOT @algolia/recommend@5.35.0 OK for: algoliasearch@5.35.0 want: 5.35.0
2155 silly placeDep ROOT @algolia/requester-browser-xhr@5.35.0 OK for: algoliasearch@5.35.0 want: 5.35.0
2156 silly placeDep ROOT @algolia/requester-fetch@5.35.0 OK for: algoliasearch@5.35.0 want: 5.35.0
2157 silly placeDep ROOT @algolia/requester-node-http@5.35.0 OK for: algoliasearch@5.35.0 want: 5.35.0
2158 silly fetch manifest chokidar@^5.0.0
2159 silly packumentCache full:https://registry.npmjs.org/chokidar cache-hit
2160 silly fetch manifest eslint@^8.57.0 || ^9.0.0
2161 silly packumentCache full:https://registry.npmjs.org/eslint cache-miss
2162 http cache https://registry.npmjs.org/eslint 2ms (cache hit)
2163 silly packumentCache full:https://registry.npmjs.org/eslint set size:2011545 disposed:false
2164 silly fetch manifest typescript@*
2165 silly packumentCache full:https://registry.npmjs.org/typescript cache-miss
2166 http cache https://registry.npmjs.org/typescript 20ms (cache hit)
2167 silly packumentCache full:https://registry.npmjs.org/typescript set size:15409943 disposed:false
2168 silly placeDep node_modules/angular-eslint @angular-devkit/core@21.2.15 OK for: angular-eslint@21.0.1 want: >= 21.0.0 < 22.0.0
2169 silly placeDep node_modules/angular-eslint chokidar@5.0.0 OK for: @angular-devkit/core@21.2.15 want: ^5.0.0
2170 silly placeDep node_modules/angular-eslint @angular-devkit/schematics@21.2.15 OK for: angular-eslint@21.0.1 want: >= 21.0.0 < 22.0.0
2171 silly placeDep ROOT @angular-eslint/builder@21.0.1 OK for: angular-eslint@21.0.1 want: 21.0.1
2172 silly placeDep ROOT @angular-eslint/eslint-plugin@21.0.1 OK for: angular-eslint@21.0.1 want: 21.0.1
2173 silly placeDep ROOT @typescript-eslint/utils@8.61.0 OK for: @angular-eslint/eslint-plugin@21.0.1 want: ^7.11.0 || ^8.0.0
2174 silly placeDep ROOT @angular-eslint/eslint-plugin-template@21.0.1 OK for: angular-eslint@21.0.1 want: 21.0.1
2175 silly placeDep ROOT @typescript-eslint/types@8.61.0 OK for: @angular-eslint/eslint-plugin-template@21.0.1 want: ^7.11.0 || ^8.0.0
2176 silly placeDep ROOT @angular-eslint/template-parser@21.0.1 OK for: @angular-eslint/eslint-plugin-template@21.0.1 want: 21.0.1
2177 silly placeDep ROOT @angular-eslint/schematics@21.0.1 OK for: angular-eslint@21.0.1 want: 21.0.1
2178 silly fetch manifest readdirp@^5.0.0
2179 silly packumentCache full:https://registry.npmjs.org/readdirp cache-hit
2180 silly fetch manifest ora@9.3.0
2181 silly packumentCache full:https://registry.npmjs.org/ora cache-hit
2182 silly fetch manifest magic-string@0.30.21
2183 silly packumentCache full:https://registry.npmjs.org/magic-string cache-hit
2184 silly fetch manifest @angular-devkit/architect@>= 0.2100.0 < 0.2200.0
2185 silly packumentCache full:https://registry.npmjs.org/@angular-devkit%2farchitect cache-miss
2186 silly fetch manifest ts-api-utils@^2.1.0
2187 silly packumentCache full:https://registry.npmjs.org/ts-api-utils cache-miss
2188 silly fetch manifest @angular-eslint/utils@21.0.1
2189 silly packumentCache full:https://registry.npmjs.org/@angular-eslint%2futils cache-miss
2190 silly fetch manifest @angular-eslint/bundled-angular-compiler@21.0.1
2191 silly packumentCache full:https://registry.npmjs.org/@angular-eslint%2fbundled-angular-compiler cache-miss
2192 silly fetch manifest @typescript-eslint/types@8.61.0
2193 silly packumentCache full:https://registry.npmjs.org/@typescript-eslint%2ftypes cache-miss
2194 silly fetch manifest @eslint-community/eslint-utils@^4.9.1
2195 silly packumentCache full:https://registry.npmjs.org/@eslint-community%2feslint-utils cache-hit
2196 silly fetch manifest @typescript-eslint/scope-manager@8.61.0
2197 silly packumentCache full:https://registry.npmjs.org/@typescript-eslint%2fscope-manager cache-miss
2198 silly fetch manifest @typescript-eslint/typescript-estree@8.61.0
2199 silly packumentCache full:https://registry.npmjs.org/@typescript-eslint%2ftypescript-estree cache-miss
2200 http cache https://registry.npmjs.org/@angular-eslint%2fbundled-angular-compiler 8ms (cache hit)
2201 silly packumentCache full:https://registry.npmjs.org/@angular-eslint%2fbundled-angular-compiler set size:1816018 disposed:false
2202 silly fetch manifest aria-query@5.3.2
2203 silly packumentCache full:https://registry.npmjs.org/aria-query cache-miss
2204 http cache https://registry.npmjs.org/@angular-devkit%2farchitect 18ms (cache hit)
2205 silly packumentCache full:https://registry.npmjs.org/@angular-devkit%2farchitect set size:2174822 disposed:false
2206 silly fetch manifest axobject-query@4.1.0
2207 silly packumentCache full:https://registry.npmjs.org/axobject-query cache-miss
2208 http cache https://registry.npmjs.org/@angular-eslint%2futils 28ms (cache hit)
2209 silly packumentCache full:https://registry.npmjs.org/@angular-eslint%2futils set size:1895380 disposed:false
2210 silly fetch manifest eslint-scope@^9.0.0
2211 silly packumentCache full:https://registry.npmjs.org/eslint-scope cache-hit
2212 silly fetch manifest ignore@7.0.5
2213 silly packumentCache full:https://registry.npmjs.org/ignore cache-hit
2214 silly fetch manifest semver@7.7.3
2215 silly packumentCache full:https://registry.npmjs.org/semver cache-hit
2216 silly fetch manifest strip-json-comments@3.1.1
2217 silly packumentCache full:https://registry.npmjs.org/strip-json-comments cache-miss
2218 http cache https://registry.npmjs.org/@typescript-eslint%2ftypes 48ms (cache hit)
2219 silly packumentCache full:https://registry.npmjs.org/@typescript-eslint%2ftypes set size:12343481 disposed:false
2220 http cache https://registry.npmjs.org/ts-api-utils 87ms (cache hit)
2221 silly packumentCache full:https://registry.npmjs.org/ts-api-utils set size:226785 disposed:false
2222 http cache https://registry.npmjs.org/@typescript-eslint%2ftypescript-estree 99ms (cache hit)
2223 silly packumentCache full:https://registry.npmjs.org/@typescript-eslint%2ftypescript-estree set size:16492200 disposed:false
2224 http cache https://registry.npmjs.org/@typescript-eslint%2fscope-manager 193ms (cache hit)
2225 silly packumentCache full:https://registry.npmjs.org/@typescript-eslint%2fscope-manager set size:12529202 disposed:false
2226 http cache https://registry.npmjs.org/axobject-query 228ms (cache hit)
2227 silly packumentCache full:https://registry.npmjs.org/axobject-query set size:75032 disposed:false
2228 http cache https://registry.npmjs.org/strip-json-comments 217ms (cache hit)
2229 silly packumentCache full:https://registry.npmjs.org/strip-json-comments set size:43569 disposed:false
2230 http cache https://registry.npmjs.org/aria-query 240ms (cache hit)
2231 silly packumentCache full:https://registry.npmjs.org/aria-query set size:98864 disposed:false
2232 silly placeDep node_modules/@angular-eslint/builder @angular-devkit/architect@0.2102.15 OK for: @angular-eslint/builder@21.0.1 want: >= 0.2100.0 < 0.2200.0
2233 silly placeDep node_modules/@angular-eslint/builder @angular-devkit/core@21.2.15 OK for: @angular-eslint/builder@21.0.1 want: >= 21.0.0 < 22.0.0
2234 silly placeDep node_modules/@angular-eslint/builder chokidar@5.0.0 OK for: @angular-devkit/core@21.2.15 want: ^5.0.0
2235 silly fetch manifest @angular-devkit/core@21.2.15
2236 silly packumentCache full:https://registry.npmjs.org/@angular-devkit%2fcore cache-miss
2237 http cache https://registry.npmjs.org/@angular-devkit%2fcore 3ms (cache hit)
2238 silly packumentCache full:https://registry.npmjs.org/@angular-devkit%2fcore set size:2380308 disposed:false
2239 silly fetch manifest @typescript-eslint/utils@^7.11.0 || ^8.0.0
2240 silly packumentCache full:https://registry.npmjs.org/@typescript-eslint%2futils cache-miss
2241 http cache https://registry.npmjs.org/@typescript-eslint%2futils 9ms (cache hit)
2242 silly packumentCache full:https://registry.npmjs.org/@typescript-eslint%2futils set size:10251956 disposed:false
2243 silly placeDep ROOT @angular-eslint/bundled-angular-compiler@21.0.1 OK for: @angular-eslint/eslint-plugin@21.0.1 want: 21.0.1
2244 silly placeDep ROOT @angular-eslint/utils@21.0.1 OK for: @angular-eslint/eslint-plugin@21.0.1 want: 21.0.1
2245 silly placeDep ROOT ts-api-utils@2.5.0 OK for: @angular-eslint/eslint-plugin@21.0.1 want: ^2.1.0
2246 silly placeDep ROOT aria-query@5.3.2 OK for: @angular-eslint/eslint-plugin-template@21.0.1 want: 5.3.2
2247 silly placeDep ROOT axobject-query@4.1.0 OK for: @angular-eslint/eslint-plugin-template@21.0.1 want: 4.1.0
2248 silly placeDep node_modules/@angular-eslint/schematics @angular-devkit/core@21.2.15 OK for: @angular-eslint/schematics@21.0.1 want: >= 21.0.0 < 22.0.0
2249 silly placeDep node_modules/@angular-eslint/schematics chokidar@5.0.0 OK for: @angular-devkit/core@21.2.15 want: ^5.0.0
2250 silly placeDep node_modules/@angular-eslint/schematics @angular-devkit/schematics@21.2.15 OK for: @angular-eslint/schematics@21.0.1 want: >= 21.0.0 < 22.0.0
2251 silly placeDep ROOT ignore@7.0.5 OK for: @angular-eslint/schematics@21.0.1 want: 7.0.5
2252 silly placeDep node_modules/@angular-eslint/schematics semver@7.7.3 OK for: @angular-eslint/schematics@21.0.1 want: 7.7.3
2253 silly placeDep ROOT strip-json-comments@3.1.1 OK for: @angular-eslint/schematics@21.0.1 want: 3.1.1
2254 silly placeDep ROOT eslint-scope@9.1.2 OK for: @angular-eslint/template-parser@21.0.1 want: ^9.0.0
2255 silly fetch manifest @types/esrecurse@^4.3.1
2256 silly packumentCache full:https://registry.npmjs.org/@types%2fesrecurse cache-miss
2257 silly fetch manifest @types/estree@^1.0.8
2258 silly packumentCache full:https://registry.npmjs.org/@types%2festree cache-hit
2259 silly fetch manifest esrecurse@^4.3.0
2260 silly packumentCache full:https://registry.npmjs.org/esrecurse cache-miss
2261 silly fetch manifest estraverse@^5.2.0
2262 silly packumentCache full:https://registry.npmjs.org/estraverse cache-miss
2263 http cache https://registry.npmjs.org/@types%2fesrecurse 2ms (cache hit)
2264 silly packumentCache full:https://registry.npmjs.org/@types%2fesrecurse set size:3878 disposed:false
2265 http cache https://registry.npmjs.org/estraverse 3ms (cache hit)
2266 silly packumentCache full:https://registry.npmjs.org/estraverse set size:62412 disposed:false
2267 http cache https://registry.npmjs.org/esrecurse 3ms (cache hit)
2268 silly packumentCache full:https://registry.npmjs.org/esrecurse set size:29005 disposed:false
2269 silly fetch manifest eslint@^8.57.0 || ^9.0.0 || ^10.0.0
2270 silly packumentCache full:https://registry.npmjs.org/eslint cache-miss
2271 http cache https://registry.npmjs.org/eslint 2ms (cache hit)
2272 silly packumentCache full:https://registry.npmjs.org/eslint set size:2011545 disposed:false
2273 silly fetch manifest typescript@>=4.8.4 <6.1.0
2274 silly packumentCache full:https://registry.npmjs.org/typescript cache-miss
2275 http cache https://registry.npmjs.org/typescript 15ms (cache hit)
2276 silly packumentCache full:https://registry.npmjs.org/typescript set size:15409943 disposed:false
2277 silly placeDep ROOT @eslint-community/eslint-utils@4.9.1 OK for: @typescript-eslint/utils@8.61.0 want: ^4.9.1
2278 silly placeDep ROOT @typescript-eslint/scope-manager@8.61.0 OK for: @typescript-eslint/utils@8.61.0 want: 8.61.0
2279 silly placeDep ROOT @typescript-eslint/typescript-estree@8.61.0 OK for: @typescript-eslint/utils@8.61.0 want: 8.61.0
2280 silly fetch manifest eslint-visitor-keys@^3.4.3
2281 silly packumentCache full:https://registry.npmjs.org/eslint-visitor-keys cache-hit
2282 silly fetch manifest @typescript-eslint/visitor-keys@8.61.0
2283 silly packumentCache full:https://registry.npmjs.org/@typescript-eslint%2fvisitor-keys cache-miss
2284 silly fetch manifest semver@^7.7.3
2285 silly packumentCache full:https://registry.npmjs.org/semver cache-hit
2286 silly fetch manifest minimatch@^10.2.2
2287 silly packumentCache full:https://registry.npmjs.org/minimatch cache-hit
2288 silly fetch manifest @typescript-eslint/visitor-keys@8.61.0
2289 silly packumentCache full:https://registry.npmjs.org/@typescript-eslint%2fvisitor-keys cache-miss
2290 silly fetch manifest @typescript-eslint/tsconfig-utils@8.61.0
2291 silly packumentCache full:https://registry.npmjs.org/@typescript-eslint%2ftsconfig-utils cache-miss
2292 silly fetch manifest @typescript-eslint/project-service@8.61.0
2293 silly packumentCache full:https://registry.npmjs.org/@typescript-eslint%2fproject-service cache-miss
2294 http cache https://registry.npmjs.org/@typescript-eslint%2fproject-service 7ms (cache hit)
2295 silly packumentCache full:https://registry.npmjs.org/@typescript-eslint%2fproject-service set size:1419586 disposed:false
2296 http cache https://registry.npmjs.org/@typescript-eslint%2ftsconfig-utils 18ms (cache hit)
2297 silly packumentCache full:https://registry.npmjs.org/@typescript-eslint%2ftsconfig-utils set size:1336174 disposed:false
2298 http cache https://registry.npmjs.org/@typescript-eslint%2fvisitor-keys 33ms (cache hit)
2299 silly packumentCache full:https://registry.npmjs.org/@typescript-eslint%2fvisitor-keys set size:11923990 disposed:false
2300 http cache https://registry.npmjs.org/@typescript-eslint%2fvisitor-keys 101ms (cache hit)
2301 silly packumentCache full:https://registry.npmjs.org/@typescript-eslint%2fvisitor-keys set size:11923990 disposed:false
2302 silly placeDep ROOT eslint-visitor-keys@3.4.3 OK for: @eslint-community/eslint-utils@4.9.1 want: ^3.4.3
2303 silly placeDep ROOT @typescript-eslint/visitor-keys@8.61.0 OK for: @typescript-eslint/scope-manager@8.61.0 want: 8.61.0
2304 silly fetch manifest eslint-visitor-keys@^5.0.0
2305 silly packumentCache full:https://registry.npmjs.org/eslint-visitor-keys cache-hit
2306 silly placeDep ROOT @typescript-eslint/project-service@8.61.0 OK for: @typescript-eslint/typescript-estree@8.61.0 want: 8.61.0
2307 silly placeDep ROOT @typescript-eslint/tsconfig-utils@8.61.0 OK for: @typescript-eslint/typescript-estree@8.61.0 want: 8.61.0
2308 silly placeDep ROOT minimatch@10.2.5 OK for: @typescript-eslint/typescript-estree@8.61.0 want: ^10.2.2
2309 silly placeDep node_modules/@typescript-eslint/typescript-estree semver@7.8.4 OK for: @typescript-eslint/typescript-estree@8.61.0 want: ^7.7.3
2310 silly placeDep node_modules/@typescript-eslint/typescript-estree tinyglobby@0.2.17 OK for: @typescript-eslint/typescript-estree@8.61.0 want: ^0.2.15
2311 silly fetch manifest @typescript-eslint/tsconfig-utils@^8.61.0
2312 silly packumentCache full:https://registry.npmjs.org/@typescript-eslint%2ftsconfig-utils cache-miss
2313 silly fetch manifest brace-expansion@^5.0.5
2314 silly packumentCache full:https://registry.npmjs.org/brace-expansion cache-miss
2315 http cache https://registry.npmjs.org/@typescript-eslint%2ftsconfig-utils 2ms (cache hit)
2316 silly packumentCache full:https://registry.npmjs.org/@typescript-eslint%2ftsconfig-utils set size:1336174 disposed:false
2317 http cache https://registry.npmjs.org/brace-expansion 7ms (cache hit)
2318 silly packumentCache full:https://registry.npmjs.org/brace-expansion set size:72152 disposed:false
2319 silly placeDep node_modules/@typescript-eslint/visitor-keys eslint-visitor-keys@5.0.1 OK for: @typescript-eslint/visitor-keys@8.61.0 want: ^5.0.0
2320 silly placeDep ROOT css-select@6.0.0 OK for: beasties@0.3.5 want: ^6.0.0
2321 silly placeDep ROOT css-what@7.0.0 OK for: beasties@0.3.5 want: ^7.0.0
2322 silly placeDep ROOT dom-serializer@2.0.0 OK for: beasties@0.3.5 want: ^2.0.0
2323 silly placeDep ROOT domhandler@5.0.3 OK for: beasties@0.3.5 want: ^5.0.3
2324 silly placeDep ROOT htmlparser2@10.1.0 OK for: beasties@0.3.5 want: ^10.0.0
2325 silly placeDep ROOT postcss@8.5.15 OK for: beasties@0.3.5 want: ^8.4.49
2326 silly placeDep ROOT postcss-media-query-parser@0.2.3 OK for: beasties@0.3.5 want: ^0.2.3
2327 silly fetch manifest boolbase@^1.0.0
2328 silly packumentCache full:https://registry.npmjs.org/boolbase cache-miss
2329 silly fetch manifest domutils@^3.2.2
2330 silly packumentCache full:https://registry.npmjs.org/domutils cache-miss
2331 silly fetch manifest nth-check@^2.1.1
2332 silly packumentCache full:https://registry.npmjs.org/nth-check cache-miss
2333 silly fetch manifest entities@^4.2.0
2334 silly packumentCache full:https://registry.npmjs.org/entities cache-hit
2335 silly fetch manifest domhandler@^5.0.2
2336 silly packumentCache full:https://registry.npmjs.org/domhandler cache-hit
2337 silly fetch manifest domelementtype@^2.3.0
2338 silly packumentCache full:https://registry.npmjs.org/domelementtype cache-miss
2339 silly fetch manifest domelementtype@^2.3.0
2340 silly packumentCache full:https://registry.npmjs.org/domelementtype cache-miss
2341 silly fetch manifest domutils@^3.2.2
2342 silly packumentCache full:https://registry.npmjs.org/domutils cache-miss
2343 silly fetch manifest entities@^7.0.1
2344 silly packumentCache full:https://registry.npmjs.org/entities cache-hit
2345 silly fetch manifest domelementtype@^2.3.0
2346 silly packumentCache full:https://registry.npmjs.org/domelementtype cache-miss
2347 http cache https://registry.npmjs.org/domelementtype 2ms (cache hit)
2348 silly packumentCache full:https://registry.npmjs.org/domelementtype set size:33363 disposed:false
2349 silly fetch manifest nanoid@^3.3.12
2350 silly packumentCache full:https://registry.npmjs.org/nanoid cache-miss
2351 http cache https://registry.npmjs.org/nth-check 4ms (cache hit)
2352 silly packumentCache full:https://registry.npmjs.org/nth-check set size:27445 disposed:false
2353 silly fetch manifest source-map-js@^1.2.1
2354 silly packumentCache full:https://registry.npmjs.org/source-map-js cache-hit
2355 http cache https://registry.npmjs.org/boolbase 4ms (cache hit)
2356 silly packumentCache full:https://registry.npmjs.org/boolbase set size:4438 disposed:false
2357 http cache https://registry.npmjs.org/domelementtype 3ms (cache hit)
2358 silly packumentCache full:https://registry.npmjs.org/domelementtype set size:33363 disposed:false
2359 silly packumentCache full:https://registry.npmjs.org/domelementtype dispose
2360 http cache https://registry.npmjs.org/domelementtype 4ms (cache hit)
2361 silly packumentCache full:https://registry.npmjs.org/domelementtype set size:33363 disposed:true
2362 silly packumentCache full:https://registry.npmjs.org/domelementtype dispose
2363 http cache https://registry.npmjs.org/domutils 4ms (cache hit)
2364 silly packumentCache full:https://registry.npmjs.org/domutils set size:110068 disposed:false
2365 http cache https://registry.npmjs.org/domutils 6ms (cache hit)
2366 silly packumentCache full:https://registry.npmjs.org/domutils set size:110068 disposed:false
2367 silly packumentCache full:https://registry.npmjs.org/domutils dispose
2368 http cache https://registry.npmjs.org/nanoid 3ms (cache hit)
2369 silly packumentCache full:https://registry.npmjs.org/nanoid set size:310559 disposed:false
2370 silly fetch manifest browserslist@>= 4.21.0
2371 silly packumentCache full:https://registry.npmjs.org/browserslist cache-hit
2372 silly placeDep ROOT baseline-browser-mapping@2.10.37 OK for: browserslist@4.28.2 want: ^2.10.12
2373 silly placeDep ROOT caniuse-lite@1.0.30001799 OK for: browserslist@4.28.2 want: ^1.0.30001782
2374 silly placeDep ROOT electron-to-chromium@1.5.372 OK for: browserslist@4.28.2 want: ^1.5.328
2375 silly placeDep ROOT node-releases@2.0.47 OK for: browserslist@4.28.2 want: ^2.0.36
2376 silly placeDep ROOT update-browserslist-db@1.2.3 OK for: browserslist@4.28.2 want: ^1.2.3
2377 silly placeDep ROOT readdirp@4.1.2 OK for: chokidar@4.0.3 want: ^4.0.1
2378 silly placeDep ROOT compare-func@2.0.0 OK for: conventional-changelog-angular@8.3.1 want: ^2.0.0
2379 silly fetch manifest array-ify@^1.0.0
2380 silly packumentCache full:https://registry.npmjs.org/array-ify cache-miss
2381 silly fetch manifest dot-prop@^5.1.0
2382 silly packumentCache full:https://registry.npmjs.org/dot-prop cache-miss
2383 http cache https://registry.npmjs.org/array-ify 2ms (cache hit)
2384 silly packumentCache full:https://registry.npmjs.org/array-ify set size:5224 disposed:false
2385 http cache https://registry.npmjs.org/dot-prop 2ms (cache hit)
2386 silly packumentCache full:https://registry.npmjs.org/dot-prop set size:74769 disposed:false
2387 silly placeDep ROOT array-ify@1.0.0 OK for: compare-func@2.0.0 want: ^1.0.0
2388 silly placeDep ROOT dot-prop@5.3.0 OK for: compare-func@2.0.0 want: ^5.1.0
2389 silly fetch manifest is-obj@^2.0.0
2390 silly packumentCache full:https://registry.npmjs.org/is-obj cache-miss
2391 http cache https://registry.npmjs.org/is-obj 2ms (cache hit)
2392 silly packumentCache full:https://registry.npmjs.org/is-obj set size:9560 disposed:false
2393 silly placeDep ROOT @simple-libs/stream-utils@1.2.0 OK for: conventional-commits-parser@6.4.0 want: ^1.2.0
2394 silly placeDep ROOT meow@13.2.0 OK for: conventional-commits-parser@6.4.0 want: ^13.0.0
2395 silly placeDep ROOT object-assign@4.1.1 OK for: cors@2.8.6 want: ^4
2396 silly placeDep ROOT vary@1.1.2 OK for: cors@2.8.6 want: ^1
2397 silly placeDep ROOT env-paths@2.2.1 OK for: cosmiconfig@9.0.2 want: ^2.2.1
2398 silly placeDep ROOT import-fresh@3.3.1 OK for: cosmiconfig@9.0.2 want: ^3.3.0
2399 silly placeDep ROOT js-yaml@4.2.0 OK for: cosmiconfig@9.0.2 want: ^4.1.0
2400 silly placeDep ROOT parse-json@5.2.0 OK for: cosmiconfig@9.0.2 want: ^5.2.0
2401 silly fetch manifest resolve-from@^4.0.0
2402 silly packumentCache full:https://registry.npmjs.org/resolve-from cache-hit
2403 silly fetch manifest parent-module@^1.0.0
2404 silly packumentCache full:https://registry.npmjs.org/parent-module cache-miss
2405 silly fetch manifest argparse@^2.0.1
2406 silly packumentCache full:https://registry.npmjs.org/argparse cache-miss
2407 silly fetch manifest error-ex@^1.3.1
2408 silly packumentCache full:https://registry.npmjs.org/error-ex cache-miss
2409 silly fetch manifest lines-and-columns@^1.1.6
2410 silly packumentCache full:https://registry.npmjs.org/lines-and-columns cache-miss
2411 silly fetch manifest json-parse-even-better-errors@^2.3.0
2412 silly packumentCache full:https://registry.npmjs.org/json-parse-even-better-errors cache-miss
2413 http cache https://registry.npmjs.org/json-parse-even-better-errors 3ms (cache hit)
2414 silly packumentCache full:https://registry.npmjs.org/json-parse-even-better-errors set size:37274 disposed:false
2415 http cache https://registry.npmjs.org/error-ex 3ms (cache hit)
2416 silly packumentCache full:https://registry.npmjs.org/error-ex set size:31684 disposed:false
2417 http cache https://registry.npmjs.org/argparse 4ms (cache hit)
2418 silly packumentCache full:https://registry.npmjs.org/argparse set size:49266 disposed:false
2419 http cache https://registry.npmjs.org/parent-module 5ms (cache hit)
2420 silly packumentCache full:https://registry.npmjs.org/parent-module set size:18255 disposed:false
2421 http cache https://registry.npmjs.org/lines-and-columns 5ms (cache hit)
2422 silly packumentCache full:https://registry.npmjs.org/lines-and-columns set size:73796 disposed:false
2423 silly placeDep ROOT jiti@2.6.1 OK for: cosmiconfig-typescript-loader@6.3.0 want: 2.6.1
2424 silly placeDep ROOT path-key@3.1.1 OK for: cross-spawn@7.0.6 want: ^3.1.0
2425 silly placeDep ROOT shebang-command@2.0.0 OK for: cross-spawn@7.0.6 want: ^2.0.0
2426 silly placeDep ROOT which@2.0.2 OK for: cross-spawn@7.0.6 want: ^2.0.1
2427 silly fetch manifest shebang-regex@^3.0.0
2428 silly packumentCache full:https://registry.npmjs.org/shebang-regex cache-miss
2429 silly fetch manifest isexe@^2.0.0
2430 silly packumentCache full:https://registry.npmjs.org/isexe cache-miss
2431 http cache https://registry.npmjs.org/isexe 1ms (cache hit)
2432 silly packumentCache full:https://registry.npmjs.org/isexe set size:31756 disposed:false
2433 http cache https://registry.npmjs.org/shebang-regex 2ms (cache hit)
2434 silly packumentCache full:https://registry.npmjs.org/shebang-regex set size:9763 disposed:false
2435 silly placeDep ROOT boolbase@1.0.0 OK for: css-select@6.0.0 want: ^1.0.0
2436 silly placeDep ROOT domutils@3.2.2 OK for: css-select@6.0.0 want: ^3.2.2
2437 silly placeDep ROOT nth-check@2.1.1 OK for: css-select@6.0.0 want: ^2.1.1
2438 silly placeDep ROOT ms@2.1.3 OK for: debug@4.4.3 want: ^2.1.3
2439 silly placeDep ROOT domelementtype@2.3.0 OK for: dom-serializer@2.0.0 want: ^2.3.0
2440 silly placeDep ROOT entities@4.5.0 OK for: dom-serializer@2.0.0 want: ^4.2.0
2441 silly placeDep ROOT is-obj@2.0.0 OK for: dot-prop@5.3.0 want: ^2.0.0
2442 silly placeDep ROOT @esbuild/aix-ppc64@0.28.0 OK for: esbuild@0.28.0 want: 0.28.0
2443 silly placeDep ROOT @esbuild/android-arm@0.28.0 OK for: esbuild@0.28.0 want: 0.28.0
2444 silly placeDep ROOT @esbuild/android-arm64@0.28.0 OK for: esbuild@0.28.0 want: 0.28.0
2445 silly placeDep ROOT @esbuild/android-x64@0.28.0 OK for: esbuild@0.28.0 want: 0.28.0
2446 silly placeDep ROOT @esbuild/darwin-arm64@0.28.0 OK for: esbuild@0.28.0 want: 0.28.0
2447 silly placeDep ROOT @esbuild/darwin-x64@0.28.0 OK for: esbuild@0.28.0 want: 0.28.0
2448 silly placeDep ROOT @esbuild/freebsd-arm64@0.28.0 OK for: esbuild@0.28.0 want: 0.28.0
2449 silly placeDep ROOT @esbuild/freebsd-x64@0.28.0 OK for: esbuild@0.28.0 want: 0.28.0
2450 silly placeDep ROOT @esbuild/linux-arm@0.28.0 OK for: esbuild@0.28.0 want: 0.28.0
2451 silly placeDep ROOT @esbuild/linux-arm64@0.28.0 OK for: esbuild@0.28.0 want: 0.28.0
2452 silly placeDep ROOT @esbuild/linux-ia32@0.28.0 OK for: esbuild@0.28.0 want: 0.28.0
2453 silly placeDep ROOT @esbuild/linux-loong64@0.28.0 OK for: esbuild@0.28.0 want: 0.28.0
2454 silly placeDep ROOT @esbuild/linux-mips64el@0.28.0 OK for: esbuild@0.28.0 want: 0.28.0
2455 silly placeDep ROOT @esbuild/linux-ppc64@0.28.0 OK for: esbuild@0.28.0 want: 0.28.0
2456 silly placeDep ROOT @esbuild/linux-riscv64@0.28.0 OK for: esbuild@0.28.0 want: 0.28.0
2457 silly placeDep ROOT @esbuild/linux-s390x@0.28.0 OK for: esbuild@0.28.0 want: 0.28.0
2458 silly placeDep ROOT @esbuild/linux-x64@0.28.0 OK for: esbuild@0.28.0 want: 0.28.0
2459 silly placeDep ROOT @esbuild/netbsd-arm64@0.28.0 OK for: esbuild@0.28.0 want: 0.28.0
2460 silly placeDep ROOT @esbuild/netbsd-x64@0.28.0 OK for: esbuild@0.28.0 want: 0.28.0
2461 silly placeDep ROOT @esbuild/openbsd-arm64@0.28.0 OK for: esbuild@0.28.0 want: 0.28.0
2462 silly placeDep ROOT @esbuild/openbsd-x64@0.28.0 OK for: esbuild@0.28.0 want: 0.28.0
2463 silly placeDep ROOT @esbuild/openharmony-arm64@0.28.0 OK for: esbuild@0.28.0 want: 0.28.0
2464 silly placeDep ROOT @esbuild/sunos-x64@0.28.0 OK for: esbuild@0.28.0 want: 0.28.0
2465 silly placeDep ROOT @esbuild/win32-arm64@0.28.0 OK for: esbuild@0.28.0 want: 0.28.0
2466 silly placeDep ROOT @esbuild/win32-ia32@0.28.0 OK for: esbuild@0.28.0 want: 0.28.0
2467 silly placeDep ROOT @esbuild/win32-x64@0.28.0 OK for: esbuild@0.28.0 want: 0.28.0
2468 silly placeDep ROOT @eslint-community/regexpp@4.12.2 OK for: eslint@9.39.4 want: ^4.12.1
2469 silly placeDep ROOT @eslint/config-array@0.21.2 OK for: eslint@9.39.4 want: ^0.21.2
2470 silly placeDep ROOT @eslint/config-helpers@0.4.2 OK for: eslint@9.39.4 want: ^0.4.2
2471 silly placeDep ROOT @eslint/core@0.17.0 OK for: eslint@9.39.4 want: ^0.17.0
2472 silly placeDep ROOT @eslint/eslintrc@3.3.5 OK for: eslint@9.39.4 want: ^3.3.5
2473 silly placeDep ROOT @eslint/js@9.39.4 OK for: eslint@9.39.4 want: 9.39.4
2474 silly placeDep ROOT @eslint/plugin-kit@0.4.1 OK for: eslint@9.39.4 want: ^0.4.1
2475 silly placeDep ROOT @humanfs/node@0.16.8 OK for: eslint@9.39.4 want: ^0.16.6
2476 silly placeDep ROOT @humanwhocodes/module-importer@1.0.1 OK for: eslint@9.39.4 want: ^1.0.1
2477 silly placeDep ROOT @humanwhocodes/retry@0.4.3 OK for: eslint@9.39.4 want: ^0.4.2
2478 silly placeDep ROOT @types/estree@1.0.9 OK for: eslint@9.39.4 want: ^1.0.6
2479 silly placeDep node_modules/eslint ajv@6.15.0 OK for: eslint@9.39.4 want: ^6.14.0
2480 silly placeDep ROOT chalk@4.1.2 OK for: eslint@9.39.4 want: ^4.0.0
2481 silly placeDep ROOT escape-string-regexp@4.0.0 OK for: eslint@9.39.4 want: ^4.0.0
2482 silly placeDep node_modules/eslint eslint-scope@8.4.0 OK for: eslint@9.39.4 want: ^8.4.0
2483 silly placeDep node_modules/eslint eslint-visitor-keys@4.2.1 OK for: eslint@9.39.4 want: ^4.2.1
2484 silly placeDep ROOT espree@10.4.0 OK for: eslint@9.39.4 want: ^10.4.0
2485 silly placeDep ROOT esquery@1.7.0 OK for: eslint@9.39.4 want: ^1.5.0
2486 silly placeDep ROOT esutils@2.0.3 OK for: eslint@9.39.4 want: ^2.0.2
2487 silly placeDep ROOT file-entry-cache@8.0.0 OK for: eslint@9.39.4 want: ^8.0.0
2488 silly placeDep ROOT find-up@5.0.0 OK for: eslint@9.39.4 want: ^5.0.0
2489 silly placeDep ROOT glob-parent@6.0.2 OK for: eslint@9.39.4 want: ^6.0.2
2490 silly placeDep node_modules/eslint ignore@5.3.2 OK for: eslint@9.39.4 want: ^5.2.0
2491 silly placeDep ROOT imurmurhash@0.1.4 OK for: eslint@9.39.4 want: ^0.1.4
2492 silly placeDep ROOT is-glob@4.0.3 OK for: eslint@9.39.4 want: ^4.0.0
2493 silly placeDep ROOT json-stable-stringify-without-jsonify@1.0.1 OK for: eslint@9.39.4 want: ^1.0.1
2494 silly placeDep ROOT lodash.merge@4.6.2 OK for: eslint@9.39.4 want: ^4.6.2
2495 silly placeDep node_modules/eslint minimatch@3.1.5 OK for: eslint@9.39.4 want: ^3.1.5
2496 silly placeDep ROOT natural-compare@1.4.0 OK for: eslint@9.39.4 want: ^1.4.0
2497 silly placeDep ROOT optionator@0.9.4 OK for: eslint@9.39.4 want: ^0.9.3
2498 silly fetch manifest @eslint/object-schema@^2.1.7
2499 silly packumentCache full:https://registry.npmjs.org/@eslint%2fobject-schema cache-miss
2500 silly fetch manifest @types/json-schema@^7.0.15
2501 silly packumentCache full:https://registry.npmjs.org/@types%2fjson-schema cache-miss
2502 silly fetch manifest espree@^10.0.1
2503 silly packumentCache full:https://registry.npmjs.org/espree cache-hit
2504 silly fetch manifest globals@^14.0.0
2505 silly packumentCache full:https://registry.npmjs.org/globals cache-miss
2506 silly fetch manifest levn@^0.4.1
2507 silly packumentCache full:https://registry.npmjs.org/levn cache-miss
2508 silly fetch manifest @humanwhocodes/retry@^0.4.0
2509 silly packumentCache full:https://registry.npmjs.org/@humanwhocodes%2fretry cache-hit
2510 silly fetch manifest @humanfs/core@^0.19.2
2511 silly packumentCache full:https://registry.npmjs.org/@humanfs%2fcore cache-miss
2512 silly fetch manifest @humanfs/types@^0.15.0
2513 silly packumentCache full:https://registry.npmjs.org/@humanfs%2ftypes cache-miss
2514 silly fetch manifest uri-js@^4.2.2
2515 silly packumentCache full:https://registry.npmjs.org/uri-js cache-miss
2516 http cache https://registry.npmjs.org/levn 3ms (cache hit)
2517 silly packumentCache full:https://registry.npmjs.org/levn set size:28223 disposed:false
2518 silly fetch manifest json-schema-traverse@^0.4.1
2519 silly packumentCache full:https://registry.npmjs.org/json-schema-traverse cache-hit
2520 silly fetch manifest fast-json-stable-stringify@^2.0.0
2521 silly packumentCache full:https://registry.npmjs.org/fast-json-stable-stringify cache-miss
2522 http cache https://registry.npmjs.org/@eslint%2fobject-schema 5ms (cache hit)
2523 silly packumentCache full:https://registry.npmjs.org/@eslint%2fobject-schema set size:38535 disposed:false
2524 silly fetch manifest ansi-styles@^4.1.0
2525 silly packumentCache full:https://registry.npmjs.org/ansi-styles cache-hit
2526 silly fetch manifest supports-color@^7.1.0
2527 silly packumentCache full:https://registry.npmjs.org/supports-color cache-miss
2528 http cache https://registry.npmjs.org/@types%2fjson-schema 6ms (cache hit)
2529 silly packumentCache full:https://registry.npmjs.org/@types%2fjson-schema set size:44704 disposed:false
2530 silly fetch manifest acorn@^8.15.0
2531 silly packumentCache full:https://registry.npmjs.org/acorn cache-miss
2532 http cache https://registry.npmjs.org/globals 6ms (cache hit)
2533 silly packumentCache full:https://registry.npmjs.org/globals set size:315985 disposed:false
2534 silly fetch manifest acorn-jsx@^5.3.2
2535 silly packumentCache full:https://registry.npmjs.org/acorn-jsx cache-miss
2536 http cache https://registry.npmjs.org/uri-js 8ms (cache hit)
2537 silly packumentCache full:https://registry.npmjs.org/uri-js set size:42559 disposed:false
2538 silly fetch manifest estraverse@^5.1.0
2539 silly packumentCache full:https://registry.npmjs.org/estraverse cache-hit
2540 silly fetch manifest flat-cache@^4.0.0
2541 silly packumentCache full:https://registry.npmjs.org/flat-cache cache-miss
2542 http cache https://registry.npmjs.org/@humanfs%2fcore 9ms (cache hit)
2543 silly packumentCache full:https://registry.npmjs.org/@humanfs%2fcore set size:37261 disposed:false
2544 silly fetch manifest locate-path@^6.0.0
2545 silly packumentCache full:https://registry.npmjs.org/locate-path cache-miss
2546 http cache https://registry.npmjs.org/@humanfs%2ftypes 9ms (cache hit)
2547 silly packumentCache full:https://registry.npmjs.org/@humanfs%2ftypes set size:19212 disposed:false
2548 silly fetch manifest path-exists@^4.0.0
2549 silly packumentCache full:https://registry.npmjs.org/path-exists cache-miss
2550 http cache https://registry.npmjs.org/fast-json-stable-stringify 6ms (cache hit)
2551 silly packumentCache full:https://registry.npmjs.org/fast-json-stable-stringify set size:11337 disposed:false
2552 silly fetch manifest is-glob@^4.0.3
2553 silly packumentCache full:https://registry.npmjs.org/is-glob cache-hit
2554 silly fetch manifest is-extglob@^2.1.1
2555 silly packumentCache full:https://registry.npmjs.org/is-extglob cache-miss
2556 http cache https://registry.npmjs.org/supports-color 7ms (cache hit)
2557 silly packumentCache full:https://registry.npmjs.org/supports-color set size:118680 disposed:false
2558 silly fetch manifest brace-expansion@^1.1.7
2559 silly packumentCache full:https://registry.npmjs.org/brace-expansion cache-hit
2560 silly fetch manifest prelude-ls@^1.2.1
2561 silly packumentCache full:https://registry.npmjs.org/prelude-ls cache-miss
2562 http cache https://registry.npmjs.org/acorn 7ms (cache hit)
2563 silly packumentCache full:https://registry.npmjs.org/acorn set size:381366 disposed:false
2564 silly fetch manifest deep-is@^0.1.3
2565 silly packumentCache full:https://registry.npmjs.org/deep-is cache-miss
2566 http cache https://registry.npmjs.org/acorn-jsx 7ms (cache hit)
2567 silly packumentCache full:https://registry.npmjs.org/acorn-jsx set size:71068 disposed:false
2568 silly fetch manifest word-wrap@^1.2.5
2569 silly packumentCache full:https://registry.npmjs.org/word-wrap cache-miss
2570 http cache https://registry.npmjs.org/path-exists 9ms (cache hit)
2571 silly packumentCache full:https://registry.npmjs.org/path-exists set size:13704 disposed:false
2572 silly fetch manifest type-check@^0.4.0
2573 silly packumentCache full:https://registry.npmjs.org/type-check cache-miss
2574 http cache https://registry.npmjs.org/locate-path 9ms (cache hit)
2575 silly packumentCache full:https://registry.npmjs.org/locate-path set size:31329 disposed:false
2576 silly fetch manifest fast-levenshtein@^2.0.6
2577 silly packumentCache full:https://registry.npmjs.org/fast-levenshtein cache-miss
2578 http cache https://registry.npmjs.org/flat-cache 10ms (cache hit)
2579 silly packumentCache full:https://registry.npmjs.org/flat-cache set size:169582 disposed:false
2580 http cache https://registry.npmjs.org/is-extglob 10ms (cache hit)
2581 silly packumentCache full:https://registry.npmjs.org/is-extglob set size:11766 disposed:false
2582 http cache https://registry.npmjs.org/prelude-ls 8ms (cache hit)
2583 silly packumentCache full:https://registry.npmjs.org/prelude-ls set size:25777 disposed:false
2584 http cache https://registry.npmjs.org/deep-is 7ms (cache hit)
2585 silly packumentCache full:https://registry.npmjs.org/deep-is set size:10205 disposed:false
2586 http cache https://registry.npmjs.org/word-wrap 6ms (cache hit)
2587 silly packumentCache full:https://registry.npmjs.org/word-wrap set size:37835 disposed:false
2588 http cache https://registry.npmjs.org/fast-levenshtein 3ms (cache hit)
2589 silly packumentCache full:https://registry.npmjs.org/fast-levenshtein set size:39317 disposed:false
2590 http cache https://registry.npmjs.org/type-check 4ms (cache hit)
2591 silly packumentCache full:https://registry.npmjs.org/type-check set size:21221 disposed:false
2592 silly placeDep ROOT @eslint/object-schema@2.1.7 OK for: @eslint/config-array@0.21.2 want: ^2.1.7
2593 silly placeDep node_modules/@eslint/config-array minimatch@3.1.5 OK for: @eslint/config-array@0.21.2 want: ^3.1.5
2594 silly placeDep ROOT @types/json-schema@7.0.15 OK for: @eslint/core@0.17.0 want: ^7.0.15
2595 silly placeDep node_modules/@eslint/eslintrc ajv@6.15.0 OK for: @eslint/eslintrc@3.3.5 want: ^6.14.0
2596 silly placeDep ROOT globals@14.0.0 OK for: @eslint/eslintrc@3.3.5 want: ^14.0.0
2597 silly placeDep node_modules/@eslint/eslintrc ignore@5.3.2 OK for: @eslint/eslintrc@3.3.5 want: ^5.2.0
2598 silly placeDep node_modules/@eslint/eslintrc minimatch@3.1.5 OK for: @eslint/eslintrc@3.3.5 want: ^3.1.5
2599 silly placeDep ROOT levn@0.4.1 OK for: @eslint/plugin-kit@0.4.1 want: ^0.4.1
2600 silly fetch manifest type-check@~0.4.0
2601 silly packumentCache full:https://registry.npmjs.org/type-check cache-hit
2602 silly placeDep ROOT @humanfs/core@0.19.2 OK for: @humanfs/node@0.16.8 want: ^0.19.2
2603 silly placeDep ROOT @humanfs/types@0.15.0 OK for: @humanfs/node@0.16.8 want: ^0.15.0
2604 silly placeDep ROOT ansi-styles@4.3.0 OK for: chalk@4.1.2 want: ^4.1.0
2605 silly placeDep ROOT supports-color@7.2.0 OK for: chalk@4.1.2 want: ^7.1.0
2606 silly fetch manifest color-convert@^2.0.1
2607 silly packumentCache full:https://registry.npmjs.org/color-convert cache-miss
2608 silly fetch manifest has-flag@^4.0.0
2609 silly packumentCache full:https://registry.npmjs.org/has-flag cache-miss
2610 http cache https://registry.npmjs.org/has-flag 1ms (cache hit)
2611 silly packumentCache full:https://registry.npmjs.org/has-flag set size:15180 disposed:false
2612 http cache https://registry.npmjs.org/color-convert 1ms (cache hit)
2613 silly packumentCache full:https://registry.npmjs.org/color-convert set size:72663 disposed:false
2614 silly placeDep ROOT color-convert@2.0.1 OK for: ansi-styles@4.3.0 want: ^2.0.1
2615 silly fetch manifest color-name@~1.1.4
2616 silly packumentCache full:https://registry.npmjs.org/color-name cache-miss
2617 http cache https://registry.npmjs.org/color-name 1ms (cache hit)
2618 silly packumentCache full:https://registry.npmjs.org/color-name set size:19467 disposed:false
2619 silly placeDep ROOT color-name@1.1.4 OK for: color-convert@2.0.1 want: ~1.1.4
2620 silly placeDep ROOT @types/esrecurse@4.3.1 OK for: eslint-scope@9.1.2 want: ^4.3.1
2621 silly placeDep ROOT esrecurse@4.3.0 OK for: eslint-scope@9.1.2 want: ^4.3.0
2622 silly placeDep ROOT estraverse@5.3.0 OK for: eslint-scope@9.1.2 want: ^5.2.0
2623 silly placeDep ROOT acorn@8.17.0 OK for: espree@10.4.0 want: ^8.15.0
2624 silly placeDep ROOT acorn-jsx@5.3.2 OK for: espree@10.4.0 want: ^5.3.2
2625 silly placeDep node_modules/espree eslint-visitor-keys@4.2.1 OK for: espree@10.4.0 want: ^4.2.1
2626 silly placeDep ROOT accepts@2.0.0 OK for: express@5.2.1 want: ^2.0.0
2627 silly placeDep ROOT body-parser@2.2.2 OK for: express@5.2.1 want: ^2.2.1
2628 silly placeDep ROOT content-disposition@1.1.0 OK for: express@5.2.1 want: ^1.0.0
2629 silly placeDep ROOT cookie@0.7.2 OK for: express@5.2.1 want: ^0.7.1
2630 silly placeDep ROOT cookie-signature@1.2.2 OK for: express@5.2.1 want: ^1.2.1
2631 silly placeDep ROOT depd@2.0.0 OK for: express@5.2.1 want: ^2.0.0
2632 silly placeDep ROOT encodeurl@2.0.0 OK for: express@5.2.1 want: ^2.0.0
2633 silly placeDep ROOT escape-html@1.0.3 OK for: express@5.2.1 want: ^1.0.3
2634 silly placeDep ROOT etag@1.8.1 OK for: express@5.2.1 want: ^1.8.1
2635 silly placeDep ROOT finalhandler@2.1.1 OK for: express@5.2.1 want: ^2.1.0
2636 silly placeDep ROOT fresh@2.0.0 OK for: express@5.2.1 want: ^2.0.0
2637 silly placeDep ROOT http-errors@2.0.1 OK for: express@5.2.1 want: ^2.0.0
2638 silly placeDep ROOT merge-descriptors@2.0.0 OK for: express@5.2.1 want: ^2.0.0
2639 silly placeDep ROOT mime-types@3.0.2 OK for: express@5.2.1 want: ^3.0.0
2640 silly placeDep ROOT on-finished@2.4.1 OK for: express@5.2.1 want: ^2.4.1
2641 silly placeDep ROOT once@1.4.0 OK for: express@5.2.1 want: ^1.4.0
2642 silly placeDep ROOT parseurl@1.3.3 OK for: express@5.2.1 want: ^1.3.3
2643 silly placeDep ROOT proxy-addr@2.0.7 OK for: express@5.2.1 want: ^2.0.7
2644 silly placeDep ROOT qs@6.15.2 OK for: express@5.2.1 want: ^6.14.0
2645 silly placeDep ROOT range-parser@1.2.1 OK for: express@5.2.1 want: ^1.2.1
2646 silly placeDep ROOT router@2.2.0 OK for: express@5.2.1 want: ^2.2.0
2647 silly placeDep ROOT send@1.2.1 OK for: express@5.2.1 want: ^1.1.0
2648 silly placeDep ROOT serve-static@2.2.1 OK for: express@5.2.1 want: ^2.2.0
2649 silly placeDep ROOT statuses@2.0.2 OK for: express@5.2.1 want: ^2.0.1
2650 silly placeDep ROOT type-is@2.1.0 OK for: express@5.2.1 want: ^2.0.1
2651 silly fetch manifest negotiator@^1.0.0
2652 silly packumentCache full:https://registry.npmjs.org/negotiator cache-miss
2653 silly fetch manifest qs@^6.14.1
2654 silly packumentCache full:https://registry.npmjs.org/qs cache-hit
2655 silly fetch manifest bytes@^3.1.2
2656 silly packumentCache full:https://registry.npmjs.org/bytes cache-hit
2657 silly fetch manifest inherits@~2.0.4
2658 silly packumentCache full:https://registry.npmjs.org/inherits cache-miss
2659 silly fetch manifest setprototypeof@~1.2.0
2660 silly packumentCache full:https://registry.npmjs.org/setprototypeof cache-miss
2661 silly fetch manifest statuses@~2.0.2
2662 silly packumentCache full:https://registry.npmjs.org/statuses cache-hit
2663 silly fetch manifest toidentifier@~1.0.1
2664 silly packumentCache full:https://registry.npmjs.org/toidentifier cache-miss
2665 silly fetch manifest mime-db@^1.54.0
2666 silly packumentCache full:https://registry.npmjs.org/mime-db cache-miss
2667 silly fetch manifest ee-first@1.1.1
2668 silly packumentCache full:https://registry.npmjs.org/ee-first cache-miss
2669 silly fetch manifest wrappy@1
2670 silly packumentCache full:https://registry.npmjs.org/wrappy cache-miss
2671 http cache https://registry.npmjs.org/ee-first 5ms (cache hit)
2672 silly packumentCache full:https://registry.npmjs.org/ee-first set size:15327 disposed:false
2673 silly fetch manifest forwarded@0.2.0
2674 silly packumentCache full:https://registry.npmjs.org/forwarded cache-miss
2675 http cache https://registry.npmjs.org/negotiator 6ms (cache hit)
2676 silly packumentCache full:https://registry.npmjs.org/negotiator set size:48046 disposed:false
2677 silly fetch manifest ipaddr.js@1.9.1
2678 silly packumentCache full:https://registry.npmjs.org/ipaddr.js cache-miss
2679 http cache https://registry.npmjs.org/setprototypeof 7ms (cache hit)
2680 silly packumentCache full:https://registry.npmjs.org/setprototypeof set size:14532 disposed:false
2681 silly fetch manifest side-channel@^1.1.0
2682 silly packumentCache full:https://registry.npmjs.org/side-channel cache-miss
2683 http cache https://registry.npmjs.org/wrappy 6ms (cache hit)
2684 silly packumentCache full:https://registry.npmjs.org/wrappy set size:7682 disposed:false
2685 silly fetch manifest is-promise@^4.0.0
2686 silly packumentCache full:https://registry.npmjs.org/is-promise cache-miss
2687 http cache https://registry.npmjs.org/toidentifier 7ms (cache hit)
2688 silly packumentCache full:https://registry.npmjs.org/toidentifier set size:12006 disposed:false
2689 silly fetch manifest path-to-regexp@^8.0.0
2690 silly packumentCache full:https://registry.npmjs.org/path-to-regexp cache-miss
2691 http cache https://registry.npmjs.org/inherits 7ms (cache hit)
2692 silly packumentCache full:https://registry.npmjs.org/inherits set size:12925 disposed:false
2693 silly fetch manifest statuses@^2.0.2
2694 silly packumentCache full:https://registry.npmjs.org/statuses cache-hit
2695 silly fetch manifest content-type@^2.0.0
2696 silly packumentCache full:https://registry.npmjs.org/content-type cache-hit
2697 silly fetch manifest media-typer@^1.1.0
2698 silly packumentCache full:https://registry.npmjs.org/media-typer cache-miss
2699 http cache https://registry.npmjs.org/mime-db 7ms (cache hit)
2700 silly packumentCache full:https://registry.npmjs.org/mime-db set size:164953 disposed:false
2701 http cache https://registry.npmjs.org/forwarded 5ms (cache hit)
2702 silly packumentCache full:https://registry.npmjs.org/forwarded set size:11229 disposed:false
2703 http cache https://registry.npmjs.org/media-typer 3ms (cache hit)
2704 silly packumentCache full:https://registry.npmjs.org/media-typer set size:22678 disposed:false
2705 http cache https://registry.npmjs.org/is-promise 5ms (cache hit)
2706 silly packumentCache full:https://registry.npmjs.org/is-promise set size:18599 disposed:false
2707 http cache https://registry.npmjs.org/ipaddr.js 6ms (cache hit)
2708 silly packumentCache full:https://registry.npmjs.org/ipaddr.js set size:69563 disposed:false
2709 http cache https://registry.npmjs.org/side-channel 6ms (cache hit)
2710 silly packumentCache full:https://registry.npmjs.org/side-channel set size:27650 disposed:false
2711 http cache https://registry.npmjs.org/path-to-regexp 7ms (cache hit)
2712 silly packumentCache full:https://registry.npmjs.org/path-to-regexp set size:216334 disposed:false
2713 silly placeDep ROOT negotiator@1.0.0 OK for: accepts@2.0.0 want: ^1.0.0
2714 silly placeDep ROOT bytes@3.1.2 OK for: body-parser@2.2.2 want: ^3.1.2
2715 silly placeDep ROOT ip-address@10.2.0 OK for: express-rate-limit@8.5.2 want: ^10.2.0
2716 silly placeDep ROOT flat-cache@4.0.1 OK for: file-entry-cache@8.0.0 want: ^4.0.0
2717 silly fetch manifest keyv@^4.5.4
2718 silly packumentCache full:https://registry.npmjs.org/keyv cache-miss
2719 silly fetch manifest flatted@^3.2.9
2720 silly packumentCache full:https://registry.npmjs.org/flatted cache-miss
2721 http cache https://registry.npmjs.org/flatted 2ms (cache hit)
2722 silly packumentCache full:https://registry.npmjs.org/flatted set size:137347 disposed:false
2723 http cache https://registry.npmjs.org/keyv 3ms (cache hit)
2724 silly packumentCache full:https://registry.npmjs.org/keyv set size:221368 disposed:false
2725 silly placeDep ROOT locate-path@6.0.0 OK for: find-up@5.0.0 want: ^6.0.0
2726 silly placeDep ROOT path-exists@4.0.0 OK for: find-up@5.0.0 want: ^4.0.0
2727 silly fetch manifest p-locate@^5.0.0
2728 silly packumentCache full:https://registry.npmjs.org/p-locate cache-miss
2729 http cache https://registry.npmjs.org/p-locate 1ms (cache hit)
2730 silly packumentCache full:https://registry.npmjs.org/p-locate set size:22488 disposed:false
2731 silly placeDep ROOT flatted@3.4.2 OK for: flat-cache@4.0.1 want: ^3.2.9
2732 silly placeDep ROOT keyv@4.5.4 OK for: flat-cache@4.0.1 want: ^4.5.4
2733 silly fetch manifest json-buffer@3.0.1
2734 silly packumentCache full:https://registry.npmjs.org/json-buffer cache-miss
2735 http cache https://registry.npmjs.org/json-buffer 1ms (cache hit)
2736 silly packumentCache full:https://registry.npmjs.org/json-buffer set size:23474 disposed:false
2737 silly fetch manifest conventional-commits-filter@^5.0.0
2738 silly packumentCache full:https://registry.npmjs.org/conventional-commits-filter cache-miss
2739 http cache https://registry.npmjs.org/conventional-commits-filter 1ms (cache hit)
2740 silly packumentCache full:https://registry.npmjs.org/conventional-commits-filter set size:56136 disposed:false
2741 silly fetch manifest conventional-commits-parser@^6.4.0
2742 silly packumentCache full:https://registry.npmjs.org/conventional-commits-parser cache-hit
2743 silly placeDep ROOT @conventional-changelog/git-client@2.7.0 OK for: git-raw-commits@5.0.1 want: ^2.6.0
2744 silly fetch manifest @simple-libs/child-process-utils@^1.0.0
2745 silly packumentCache full:https://registry.npmjs.org/@simple-libs%2fchild-process-utils cache-miss
2746 http fetch GET 200 https://registry.npmjs.org/@simple-libs%2fchild-process-utils 946ms (cache miss)
2747 silly packumentCache full:https://registry.npmjs.org/@simple-libs%2fchild-process-utils set size:undefined disposed:false
2748 silly placeDep ROOT @simple-libs/child-process-utils@1.0.2 OK for: @conventional-changelog/git-client@2.7.0 want: ^1.0.0
2749 silly placeDep node_modules/global-directory ini@6.0.0 OK for: global-directory@5.0.0 want: 6.0.0
2750 silly placeDep node_modules/htmlparser2 entities@7.0.1 OK for: htmlparser2@10.1.0 want: ^7.0.1
2751 silly placeDep ROOT inherits@2.0.4 OK for: http-errors@2.0.1 want: ~2.0.4
2752 silly placeDep ROOT setprototypeof@1.2.0 OK for: http-errors@2.0.1 want: ~1.2.0
2753 silly placeDep ROOT toidentifier@1.0.1 OK for: http-errors@2.0.1 want: ~1.0.1
2754 silly placeDep ROOT agent-base@7.1.4 OK for: https-proxy-agent@7.0.6 want: ^7.1.2
2755 silly placeDep ROOT safer-buffer@2.1.2 OK for: iconv-lite@0.7.2 want: >= 2.1.2 < 3.0.0
2756 silly placeDep ROOT parent-module@1.0.1 OK for: import-fresh@3.3.1 want: ^1.0.0
2757 silly placeDep node_modules/import-fresh resolve-from@4.0.0 OK for: import-fresh@3.3.1 want: ^4.0.0
2758 silly fetch manifest callsites@^3.0.0
2759 silly packumentCache full:https://registry.npmjs.org/callsites cache-miss
2760 http fetch GET 200 https://registry.npmjs.org/callsites 278ms (cache miss)
2761 silly packumentCache full:https://registry.npmjs.org/callsites set size:undefined disposed:false
2762 silly placeDep ROOT is-extglob@2.1.1 OK for: is-glob@4.0.3 want: ^2.1.1
2763 silly placeDep ROOT @istanbuljs/schema@0.1.6 OK for: istanbul-lib-instrument@6.0.3 want: ^0.1.3
2764 silly placeDep ROOT istanbul-lib-coverage@3.2.2 OK for: istanbul-lib-instrument@6.0.3 want: ^3.2.0
2765 silly placeDep ROOT argparse@2.0.1 OK for: js-yaml@4.2.0 want: ^2.0.1
2766 silly placeDep ROOT @colors/colors@1.5.0 OK for: karma@6.4.4 want: 1.5.0
2767 silly placeDep node_modules/karma body-parser@1.20.5 OK for: karma@6.4.4 want: ^1.19.0
2768 silly placeDep ROOT braces@3.0.3 OK for: karma@6.4.4 want: ^3.0.2
2769 silly placeDep node_modules/karma chokidar@3.6.0 OK for: karma@6.4.4 want: ^3.5.1
2770 silly placeDep ROOT connect@3.7.0 OK for: karma@6.4.4 want: ^3.7.0
2771 silly placeDep ROOT di@0.0.1 OK for: karma@6.4.4 want: ^0.0.1
2772 silly placeDep ROOT dom-serialize@2.2.1 OK for: karma@6.4.4 want: ^2.2.1
2773 silly placeDep ROOT glob@7.2.3 OK for: karma@6.4.4 want: ^7.1.7
2774 silly placeDep ROOT graceful-fs@4.2.11 OK for: karma@6.4.4 want: ^4.2.6
2775 silly placeDep ROOT http-proxy@1.18.1 OK for: karma@6.4.4 want: ^1.18.1
2776 silly placeDep ROOT isbinaryfile@4.0.10 OK for: karma@6.4.4 want: ^4.0.8
2777 silly placeDep ROOT lodash@4.18.1 OK for: karma@6.4.4 want: ^4.17.21
2778 silly placeDep ROOT log4js@6.9.1 OK for: karma@6.4.4 want: ^6.4.1
2779 silly placeDep ROOT mime@2.6.0 OK for: karma@6.4.4 want: ^2.5.2
2780 silly placeDep node_modules/karma minimatch@3.1.5 OK for: karma@6.4.4 want: ^3.0.4
2781 silly placeDep ROOT mkdirp@0.5.6 OK for: karma@6.4.4 want: ^0.5.5
2782 silly placeDep ROOT qjobs@1.2.0 OK for: karma@6.4.4 want: ^1.2.0
2783 silly placeDep ROOT rimraf@3.0.2 OK for: karma@6.4.4 want: ^3.0.2
2784 silly placeDep ROOT socket.io@4.8.3 OK for: karma@6.4.4 want: ^4.7.2
2785 silly placeDep node_modules/karma source-map@0.6.1 OK for: karma@6.4.4 want: ^0.6.1
2786 silly placeDep ROOT tmp@0.2.7 OK for: karma@6.4.4 want: ^0.2.1
2787 silly placeDep ROOT ua-parser-js@0.7.41 OK for: karma@6.4.4 want: ^0.7.30
2788 silly placeDep node_modules/karma yargs@16.2.0 OK for: karma@6.4.4 want: ^16.1.1
2789 silly fetch manifest debug@2.6.9
2790 silly packumentCache full:https://registry.npmjs.org/debug cache-hit
2791 silly fetch manifest destroy@~1.2.0
2792 silly packumentCache full:https://registry.npmjs.org/destroy cache-miss
2793 silly fetch manifest iconv-lite@~0.4.24
2794 silly packumentCache full:https://registry.npmjs.org/iconv-lite cache-hit
2795 silly fetch manifest raw-body@~2.5.3
2796 silly packumentCache full:https://registry.npmjs.org/raw-body cache-hit
2797 silly fetch manifest type-is@~1.6.18
2798 silly packumentCache full:https://registry.npmjs.org/type-is cache-hit
2799 silly fetch manifest fill-range@^7.1.1
2800 silly packumentCache full:https://registry.npmjs.org/fill-range cache-miss
2801 silly fetch manifest anymatch@~3.1.2
2802 silly packumentCache full:https://registry.npmjs.org/anymatch cache-miss
2803 silly fetch manifest readdirp@~3.6.0
2804 silly packumentCache full:https://registry.npmjs.org/readdirp cache-hit
2805 silly fetch manifest glob-parent@~5.1.2
2806 silly packumentCache full:https://registry.npmjs.org/glob-parent cache-hit
2807 silly fetch manifest is-binary-path@~2.1.0
2808 silly packumentCache full:https://registry.npmjs.org/is-binary-path cache-miss
2809 silly fetch manifest normalize-path@~3.0.0
2810 silly packumentCache full:https://registry.npmjs.org/normalize-path cache-miss
2811 silly fetch manifest finalhandler@1.1.2
2812 silly packumentCache full:https://registry.npmjs.org/finalhandler cache-hit
2813 silly fetch manifest utils-merge@1.0.1
2814 silly packumentCache full:https://registry.npmjs.org/utils-merge cache-miss
2815 silly fetch manifest custom-event@~1.0.0
2816 silly packumentCache full:https://registry.npmjs.org/custom-event cache-miss
2817 http fetch GET 200 https://registry.npmjs.org/destroy 186ms (cache miss)
2818 silly packumentCache full:https://registry.npmjs.org/destroy set size:undefined disposed:false
2819 silly fetch manifest ent@~2.2.0
2820 silly packumentCache full:https://registry.npmjs.org/ent cache-miss
2821 http fetch GET 200 https://registry.npmjs.org/anymatch 642ms (cache miss)
2822 silly packumentCache full:https://registry.npmjs.org/anymatch set size:undefined disposed:false
2823 silly fetch manifest extend@^3.0.0
2824 silly packumentCache full:https://registry.npmjs.org/extend cache-miss
2825 http fetch GET 200 https://registry.npmjs.org/fill-range 725ms (cache miss)
2826 silly packumentCache full:https://registry.npmjs.org/fill-range set size:undefined disposed:false
2827 silly fetch manifest void-elements@^2.0.0
2828 silly packumentCache full:https://registry.npmjs.org/void-elements cache-miss
2829 http fetch GET 200 https://registry.npmjs.org/normalize-path 730ms (cache miss)
2830 silly packumentCache full:https://registry.npmjs.org/normalize-path set size:undefined disposed:false
2831 silly fetch manifest inflight@^1.0.4
2832 silly packumentCache full:https://registry.npmjs.org/inflight cache-miss
2833 http fetch GET 200 https://registry.npmjs.org/extend 204ms (cache miss)
2834 silly packumentCache full:https://registry.npmjs.org/extend set size:undefined disposed:false
2835 silly fetch manifest minimatch@^3.1.1
2836 silly packumentCache full:https://registry.npmjs.org/minimatch cache-hit
2837 silly fetch manifest fs.realpath@^1.0.0
2838 silly packumentCache full:https://registry.npmjs.org/fs.realpath cache-miss
2839 http fetch GET 200 https://registry.npmjs.org/inflight 142ms (cache miss)
2840 silly packumentCache full:https://registry.npmjs.org/inflight set size:undefined disposed:false
2841 silly fetch manifest path-is-absolute@^1.0.0
2842 silly packumentCache full:https://registry.npmjs.org/path-is-absolute cache-miss
2843 http fetch GET 200 https://registry.npmjs.org/custom-event 873ms (cache miss)
2844 silly packumentCache full:https://registry.npmjs.org/custom-event set size:undefined disposed:false
2845 silly fetch manifest eventemitter3@^4.0.0
2846 silly packumentCache full:https://registry.npmjs.org/eventemitter3 cache-hit
2847 silly fetch manifest requires-port@^1.0.0
2848 silly packumentCache full:https://registry.npmjs.org/requires-port cache-miss
2849 http fetch GET 200 https://registry.npmjs.org/void-elements 164ms (cache miss)
2850 silly packumentCache full:https://registry.npmjs.org/void-elements set size:undefined disposed:false
2851 silly fetch manifest follow-redirects@^1.0.0
2852 silly packumentCache full:https://registry.npmjs.org/follow-redirects cache-miss
2853 http fetch GET 200 https://registry.npmjs.org/is-binary-path 1021ms (cache miss)
2854 silly packumentCache full:https://registry.npmjs.org/is-binary-path set size:undefined disposed:false
2855 silly fetch manifest rfdc@^1.3.0
2856 silly packumentCache full:https://registry.npmjs.org/rfdc cache-hit
2857 silly fetch manifest date-format@^4.0.14
2858 silly packumentCache full:https://registry.npmjs.org/date-format cache-miss
2859 http fetch GET 200 https://registry.npmjs.org/fs.realpath 341ms (cache miss)
2860 silly packumentCache full:https://registry.npmjs.org/fs.realpath set size:undefined disposed:false
2861 silly fetch manifest streamroller@^3.1.5
2862 silly packumentCache full:https://registry.npmjs.org/streamroller cache-miss
2863 http fetch GET 200 https://registry.npmjs.org/path-is-absolute 329ms (cache miss)
2864 silly packumentCache full:https://registry.npmjs.org/path-is-absolute set size:undefined disposed:false
2865 silly fetch manifest minimist@^1.2.6
2866 silly packumentCache full:https://registry.npmjs.org/minimist cache-miss
2867 http fetch GET 200 https://registry.npmjs.org/follow-redirects 314ms (cache miss)
2868 silly packumentCache full:https://registry.npmjs.org/follow-redirects set size:undefined disposed:false
2869 silly fetch manifest accepts@~1.3.4
2870 silly packumentCache full:https://registry.npmjs.org/accepts cache-hit
2871 silly fetch manifest base64id@~2.0.0
2872 silly packumentCache full:https://registry.npmjs.org/base64id cache-miss
2873 http fetch GET 200 https://registry.npmjs.org/utils-merge 1208ms (cache miss)
2874 silly packumentCache full:https://registry.npmjs.org/utils-merge set size:undefined disposed:false
2875 silly fetch manifest engine.io@~6.6.0
2876 silly packumentCache full:https://registry.npmjs.org/engine.io cache-miss
2877 http fetch GET 200 https://registry.npmjs.org/requires-port 335ms (cache miss)
2878 silly packumentCache full:https://registry.npmjs.org/requires-port set size:undefined disposed:false
2879 silly fetch manifest socket.io-adapter@~2.5.2
2880 silly packumentCache full:https://registry.npmjs.org/socket.io-adapter cache-miss
2881 http fetch GET 200 https://registry.npmjs.org/date-format 379ms (cache miss)
2882 silly packumentCache full:https://registry.npmjs.org/date-format set size:undefined disposed:false
2883 silly fetch manifest socket.io-parser@~4.2.4
2884 silly packumentCache full:https://registry.npmjs.org/socket.io-parser cache-miss
2885 http fetch GET 200 https://registry.npmjs.org/streamroller 300ms (cache miss)
2886 silly packumentCache full:https://registry.npmjs.org/streamroller set size:undefined disposed:false
2887 silly fetch manifest cliui@^7.0.2
2888 silly packumentCache full:https://registry.npmjs.org/cliui cache-hit
2889 silly fetch manifest string-width@^4.2.0
2890 silly packumentCache full:https://registry.npmjs.org/string-width cache-hit
2891 silly fetch manifest yargs-parser@^20.2.2
2892 silly packumentCache full:https://registry.npmjs.org/yargs-parser cache-hit
2893 silly fetch manifest require-directory@^2.1.1
2894 silly packumentCache full:https://registry.npmjs.org/require-directory cache-miss
2895 http fetch GET 200 https://registry.npmjs.org/minimist 292ms (cache miss)
2896 silly packumentCache full:https://registry.npmjs.org/minimist set size:undefined disposed:false
2897 http fetch GET 200 https://registry.npmjs.org/base64id 340ms (cache miss)
2898 silly packumentCache full:https://registry.npmjs.org/base64id set size:undefined disposed:false
2899 http fetch GET 200 https://registry.npmjs.org/socket.io-adapter 369ms (cache miss)
2900 silly packumentCache full:https://registry.npmjs.org/socket.io-adapter set size:undefined disposed:false
2901 http fetch GET 200 https://registry.npmjs.org/engine.io 452ms (cache miss)
2902 silly packumentCache full:https://registry.npmjs.org/engine.io set size:undefined disposed:false
2903 http fetch GET 200 https://registry.npmjs.org/socket.io-parser 281ms (cache miss)
2904 silly packumentCache full:https://registry.npmjs.org/socket.io-parser set size:undefined disposed:false
2905 http fetch GET 200 https://registry.npmjs.org/require-directory 312ms (cache miss)
2906 silly packumentCache full:https://registry.npmjs.org/require-directory set size:undefined disposed:false
2907 http fetch GET 200 https://registry.npmjs.org/ent 1814ms (cache miss)
2908 silly packumentCache full:https://registry.npmjs.org/ent set size:undefined disposed:false
2909 silly placeDep ROOT fill-range@7.1.1 OK for: braces@3.0.3 want: ^7.1.1
2910 silly fetch manifest to-regex-range@^5.0.1
2911 silly packumentCache full:https://registry.npmjs.org/to-regex-range cache-miss
2912 http fetch GET 200 https://registry.npmjs.org/to-regex-range 240ms (cache miss)
2913 silly packumentCache full:https://registry.npmjs.org/to-regex-range set size:undefined disposed:false
2914 silly placeDep node_modules/connect debug@2.6.9 OK for: connect@3.7.0 want: 2.6.9
2915 silly placeDep node_modules/connect finalhandler@1.1.2 OK for: connect@3.7.0 want: 1.1.2
2916 silly placeDep ROOT utils-merge@1.0.1 OK for: connect@3.7.0 want: 1.0.1
2917 silly fetch manifest ms@2.0.0
2918 silly packumentCache full:https://registry.npmjs.org/ms cache-hit
2919 silly fetch manifest statuses@~1.5.0
2920 silly packumentCache full:https://registry.npmjs.org/statuses cache-hit
2921 silly fetch manifest encodeurl@~1.0.2
2922 silly packumentCache full:https://registry.npmjs.org/encodeurl cache-hit
2923 silly fetch manifest on-finished@~2.3.0
2924 silly packumentCache full:https://registry.npmjs.org/on-finished cache-hit
2925 silly placeDep ROOT custom-event@1.0.1 OK for: dom-serialize@2.2.1 want: ~1.0.0
2926 silly placeDep ROOT ent@2.2.2 OK for: dom-serialize@2.2.1 want: ~2.2.0
2927 silly placeDep ROOT extend@3.0.2 OK for: dom-serialize@2.2.1 want: ^3.0.0
2928 silly placeDep ROOT void-elements@2.0.1 OK for: dom-serialize@2.2.1 want: ^2.0.0
2929 silly fetch manifest call-bound@^1.0.3
2930 silly packumentCache full:https://registry.npmjs.org/call-bound cache-miss
2931 silly fetch manifest es-errors@^1.3.0
2932 silly packumentCache full:https://registry.npmjs.org/es-errors cache-miss
2933 silly fetch manifest punycode@^1.4.1
2934 silly packumentCache full:https://registry.npmjs.org/punycode cache-miss
2935 silly fetch manifest safe-regex-test@^1.1.0
2936 silly packumentCache full:https://registry.npmjs.org/safe-regex-test cache-miss
2937 http fetch GET 200 https://registry.npmjs.org/safe-regex-test 180ms (cache miss)
2938 silly packumentCache full:https://registry.npmjs.org/safe-regex-test set size:undefined disposed:false
2939 http fetch GET 200 https://registry.npmjs.org/punycode 181ms (cache miss)
2940 silly packumentCache full:https://registry.npmjs.org/punycode set size:undefined disposed:false
2941 http fetch GET 200 https://registry.npmjs.org/es-errors 184ms (cache miss)
2942 silly packumentCache full:https://registry.npmjs.org/es-errors set size:undefined disposed:false
2943 http fetch GET 200 https://registry.npmjs.org/call-bound 297ms (cache miss)
2944 silly packumentCache full:https://registry.npmjs.org/call-bound set size:undefined disposed:false
2945 silly placeDep ROOT call-bound@1.0.4 OK for: ent@2.2.2 want: ^1.0.3
2946 silly placeDep ROOT es-errors@1.3.0 OK for: ent@2.2.2 want: ^1.3.0
2947 silly placeDep ROOT punycode@1.4.1 OK for: ent@2.2.2 want: ^1.4.1
2948 silly placeDep ROOT safe-regex-test@1.1.0 OK for: ent@2.2.2 want: ^1.1.0
2949 silly fetch manifest call-bind-apply-helpers@^1.0.2
2950 silly packumentCache full:https://registry.npmjs.org/call-bind-apply-helpers cache-miss
2951 silly fetch manifest get-intrinsic@^1.3.0
2952 silly packumentCache full:https://registry.npmjs.org/get-intrinsic cache-miss
2953 silly fetch manifest is-regex@^1.2.1
2954 silly packumentCache full:https://registry.npmjs.org/is-regex cache-miss
2955 http fetch GET 200 https://registry.npmjs.org/is-regex 212ms (cache miss)
2956 silly packumentCache full:https://registry.npmjs.org/is-regex set size:undefined disposed:false
2957 http fetch GET 200 https://registry.npmjs.org/get-intrinsic 290ms (cache miss)
2958 silly packumentCache full:https://registry.npmjs.org/get-intrinsic set size:undefined disposed:false
2959 http fetch GET 200 https://registry.npmjs.org/call-bind-apply-helpers 472ms (cache miss)
2960 silly packumentCache full:https://registry.npmjs.org/call-bind-apply-helpers set size:undefined disposed:false
2961 silly placeDep ROOT call-bind-apply-helpers@1.0.2 OK for: call-bound@1.0.4 want: ^1.0.2
2962 silly placeDep ROOT get-intrinsic@1.3.0 OK for: call-bound@1.0.4 want: ^1.3.0
2963 silly fetch manifest function-bind@^1.1.2
2964 silly packumentCache full:https://registry.npmjs.org/function-bind cache-miss
2965 silly fetch manifest gopd@^1.2.0
2966 silly packumentCache full:https://registry.npmjs.org/gopd cache-miss
2967 silly fetch manifest hasown@^2.0.2
2968 silly packumentCache full:https://registry.npmjs.org/hasown cache-miss
2969 silly fetch manifest get-proto@^1.0.1
2970 silly packumentCache full:https://registry.npmjs.org/get-proto cache-miss
2971 silly fetch manifest has-symbols@^1.1.0
2972 silly packumentCache full:https://registry.npmjs.org/has-symbols cache-miss
2973 silly fetch manifest function-bind@^1.1.2
2974 silly packumentCache full:https://registry.npmjs.org/function-bind cache-miss
2975 silly fetch manifest es-object-atoms@^1.1.1
2976 silly packumentCache full:https://registry.npmjs.org/es-object-atoms cache-miss
2977 http fetch GET 200 https://registry.npmjs.org/function-bind 300ms (cache miss)
2978 silly packumentCache full:https://registry.npmjs.org/function-bind set size:undefined disposed:false
2979 silly fetch manifest math-intrinsics@^1.1.0
2980 silly packumentCache full:https://registry.npmjs.org/math-intrinsics cache-miss
2981 http fetch GET 200 https://registry.npmjs.org/has-symbols 317ms (cache miss)
2982 silly packumentCache full:https://registry.npmjs.org/has-symbols set size:undefined disposed:false
2983 silly fetch manifest es-define-property@^1.0.1
2984 silly packumentCache full:https://registry.npmjs.org/es-define-property cache-miss
2985 http fetch GET 200 https://registry.npmjs.org/function-bind 336ms (cache miss)
2986 silly packumentCache full:https://registry.npmjs.org/function-bind set size:undefined disposed:false
2987 http fetch GET 200 https://registry.npmjs.org/hasown 398ms (cache miss)
2988 silly packumentCache full:https://registry.npmjs.org/hasown set size:undefined disposed:false
2989 http fetch GET 200 https://registry.npmjs.org/gopd 427ms (cache miss)
2990 silly packumentCache full:https://registry.npmjs.org/gopd set size:undefined disposed:false
2991 http fetch GET 200 https://registry.npmjs.org/es-object-atoms 429ms (cache miss)
2992 silly packumentCache full:https://registry.npmjs.org/es-object-atoms set size:undefined disposed:false
2993 http fetch GET 200 https://registry.npmjs.org/get-proto 540ms (cache miss)
2994 silly packumentCache full:https://registry.npmjs.org/get-proto set size:undefined disposed:false
2995 http fetch GET 200 https://registry.npmjs.org/es-define-property 307ms (cache miss)
2996 silly packumentCache full:https://registry.npmjs.org/es-define-property set size:undefined disposed:false
2997 http fetch GET 200 https://registry.npmjs.org/math-intrinsics 330ms (cache miss)
2998 silly packumentCache full:https://registry.npmjs.org/math-intrinsics set size:undefined disposed:false
2999 silly placeDep ROOT function-bind@1.1.2 OK for: call-bind-apply-helpers@1.0.2 want: ^1.1.2
3000 silly placeDep ROOT to-regex-range@5.0.1 OK for: fill-range@7.1.1 want: ^5.0.1
3001 silly fetch manifest is-number@^7.0.0
3002 silly packumentCache full:https://registry.npmjs.org/is-number cache-miss
3003 http fetch GET 200 https://registry.npmjs.org/is-number 446ms (cache miss)
3004 silly packumentCache full:https://registry.npmjs.org/is-number set size:undefined disposed:false
3005 silly placeDep ROOT es-define-property@1.0.1 OK for: get-intrinsic@1.3.0 want: ^1.0.1
3006 silly placeDep ROOT es-object-atoms@1.1.2 OK for: get-intrinsic@1.3.0 want: ^1.1.1
3007 silly placeDep ROOT get-proto@1.0.1 OK for: get-intrinsic@1.3.0 want: ^1.0.1
3008 silly placeDep ROOT gopd@1.2.0 OK for: get-intrinsic@1.3.0 want: ^1.2.0
3009 silly placeDep ROOT has-symbols@1.1.0 OK for: get-intrinsic@1.3.0 want: ^1.1.0
3010 silly placeDep ROOT hasown@2.0.4 OK for: get-intrinsic@1.3.0 want: ^2.0.2
3011 silly placeDep ROOT math-intrinsics@1.1.0 OK for: get-intrinsic@1.3.0 want: ^1.1.0
3012 silly fetch manifest dunder-proto@^1.0.1
3013 silly packumentCache full:https://registry.npmjs.org/dunder-proto cache-miss
3014 http fetch GET 200 https://registry.npmjs.org/dunder-proto 345ms (cache miss)
3015 silly packumentCache full:https://registry.npmjs.org/dunder-proto set size:undefined disposed:false
3016 silly placeDep ROOT dunder-proto@1.0.1 OK for: get-proto@1.0.1 want: ^1.0.1
3017 silly placeDep ROOT fs.realpath@1.0.0 OK for: glob@7.2.3 want: ^1.0.0
3018 silly placeDep ROOT inflight@1.0.6 OK for: glob@7.2.3 want: ^1.0.4
3019 silly placeDep node_modules/glob minimatch@3.1.5 OK for: glob@7.2.3 want: ^3.1.1
3020 silly placeDep ROOT path-is-absolute@1.0.1 OK for: glob@7.2.3 want: ^1.0.0
3021 silly placeDep ROOT eventemitter3@4.0.7 OK for: http-proxy@1.18.1 want: ^4.0.0
3022 silly placeDep ROOT follow-redirects@1.16.0 OK for: http-proxy@1.18.1 want: ^1.0.0
3023 silly placeDep ROOT requires-port@1.0.0 OK for: http-proxy@1.18.1 want: ^1.0.0
3024 silly placeDep ROOT wrappy@1.0.2 OK for: inflight@1.0.6 want: 1
3025 silly placeDep node_modules/karma-chrome-launcher which@1.3.1 OK for: karma-chrome-launcher@3.2.0 want: ^1.2.1
3026 silly placeDep node_modules/karma-coverage istanbul-lib-instrument@5.2.1 OK for: karma-coverage@2.2.1 want: ^5.1.0
3027 silly placeDep ROOT istanbul-lib-report@3.0.1 OK for: karma-coverage@2.2.1 want: ^3.0.0
3028 silly placeDep ROOT istanbul-lib-source-maps@4.0.1 OK for: karma-coverage@2.2.1 want: ^4.0.1
3029 silly placeDep ROOT istanbul-reports@3.2.0 OK for: karma-coverage@2.2.1 want: ^3.0.5
3030 silly placeDep node_modules/karma-coverage minimatch@3.1.5 OK for: karma-coverage@2.2.1 want: ^3.0.4
3031 silly fetch manifest semver@^6.3.0
3032 silly packumentCache full:https://registry.npmjs.org/semver cache-hit
3033 silly fetch manifest make-dir@^4.0.0
3034 silly packumentCache full:https://registry.npmjs.org/make-dir cache-miss
3035 silly fetch manifest html-escaper@^2.0.0
3036 silly packumentCache full:https://registry.npmjs.org/html-escaper cache-miss
3037 http fetch GET 200 https://registry.npmjs.org/html-escaper 335ms (cache miss)
3038 silly packumentCache full:https://registry.npmjs.org/html-escaper set size:undefined disposed:false
3039 http fetch GET 200 https://registry.npmjs.org/make-dir 484ms (cache miss)
3040 silly packumentCache full:https://registry.npmjs.org/make-dir set size:undefined disposed:false
3041 silly placeDep ROOT make-dir@4.0.0 OK for: istanbul-lib-report@3.0.1 want: ^4.0.0
3042 silly placeDep node_modules/istanbul-lib-source-maps source-map@0.6.1 OK for: istanbul-lib-source-maps@4.0.1 want: ^0.6.1
3043 silly placeDep ROOT html-escaper@2.0.2 OK for: istanbul-reports@3.2.0 want: ^2.0.0
3044 silly placeDep node_modules/karma-jasmine jasmine-core@4.6.1 OK for: karma-jasmine@5.1.0 want: ^4.1.0
3045 silly placeDep ROOT json-buffer@3.0.1 OK for: keyv@4.5.4 want: 3.0.1
3046 silly placeDep ROOT prelude-ls@1.2.1 OK for: levn@0.4.1 want: ^1.2.1
3047 silly placeDep ROOT type-check@0.4.0 OK for: levn@0.4.1 want: ~0.4.0
3048 silly placeDep ROOT commander@14.0.3 OK for: lint-staged@16.4.0 want: ^14.0.3
3049 silly placeDep node_modules/lint-staged listr2@9.0.5 OK for: lint-staged@16.4.0 want: ^9.0.5
3050 silly placeDep ROOT string-argv@0.3.2 OK for: lint-staged@16.4.0 want: ^0.3.2
3051 silly placeDep ROOT yaml@2.9.0 OK for: lint-staged@16.4.0 want: ^2.8.2
3052 silly fetch manifest cli-truncate@^5.0.0
3053 silly packumentCache full:https://registry.npmjs.org/cli-truncate cache-hit
3054 silly placeDep ROOT cli-truncate@4.0.0 OK for: listr2@9.0.1 want: ^4.0.0
3055 silly placeDep ROOT colorette@2.0.20 OK for: listr2@9.0.1 want: ^2.0.20
3056 silly placeDep node_modules/listr2 eventemitter3@5.0.4 OK for: listr2@9.0.1 want: ^5.0.1
3057 silly placeDep ROOT log-update@6.1.0 OK for: listr2@9.0.1 want: ^6.1.0
3058 silly placeDep ROOT rfdc@1.4.1 OK for: listr2@9.0.1 want: ^1.4.1
3059 silly placeDep node_modules/listr2 wrap-ansi@9.0.2 OK for: listr2@9.0.1 want: ^9.0.0
3060 silly fetch manifest slice-ansi@^5.0.0
3061 silly packumentCache full:https://registry.npmjs.org/slice-ansi cache-miss
3062 silly fetch manifest string-width@^7.0.0
3063 silly packumentCache full:https://registry.npmjs.org/string-width cache-hit
3064 silly fetch manifest slice-ansi@^7.1.0
3065 silly packumentCache full:https://registry.npmjs.org/slice-ansi cache-miss
3066 silly fetch manifest ansi-escapes@^7.0.0
3067 silly packumentCache full:https://registry.npmjs.org/ansi-escapes cache-miss
3068 silly fetch manifest ansi-styles@^6.2.1
3069 silly packumentCache full:https://registry.npmjs.org/ansi-styles cache-hit
3070 silly fetch manifest string-width@^7.0.0
3071 silly packumentCache full:https://registry.npmjs.org/string-width cache-hit
3072 http fetch GET 200 https://registry.npmjs.org/slice-ansi 280ms (cache miss)
3073 silly packumentCache full:https://registry.npmjs.org/slice-ansi set size:undefined disposed:false
3074 http fetch GET 200 https://registry.npmjs.org/ansi-escapes 289ms (cache miss)
3075 silly packumentCache full:https://registry.npmjs.org/ansi-escapes set size:undefined disposed:false
3076 http fetch GET 200 https://registry.npmjs.org/slice-ansi 290ms (cache miss)
3077 silly packumentCache full:https://registry.npmjs.org/slice-ansi set size:undefined disposed:false
3078 silly placeDep ROOT slice-ansi@5.0.0 OK for: cli-truncate@4.0.0 want: ^5.0.0
3079 silly placeDep ROOT string-width@7.2.0 OK for: cli-truncate@4.0.0 want: ^7.0.0
3080 silly fetch manifest ansi-styles@^6.0.0
3081 silly packumentCache full:https://registry.npmjs.org/ansi-styles cache-hit
3082 silly fetch manifest is-fullwidth-code-point@^4.0.0
3083 silly packumentCache full:https://registry.npmjs.org/is-fullwidth-code-point cache-miss
3084 silly fetch manifest emoji-regex@^10.3.0
3085 silly packumentCache full:https://registry.npmjs.org/emoji-regex cache-miss
3086 silly fetch manifest get-east-asian-width@^1.0.0
3087 silly packumentCache full:https://registry.npmjs.org/get-east-asian-width cache-miss
3088 http fetch GET 200 https://registry.npmjs.org/is-fullwidth-code-point 291ms (cache miss)
3089 silly packumentCache full:https://registry.npmjs.org/is-fullwidth-code-point set size:undefined disposed:false
3090 http fetch GET 200 https://registry.npmjs.org/get-east-asian-width 292ms (cache miss)
3091 silly packumentCache full:https://registry.npmjs.org/get-east-asian-width set size:undefined disposed:false
3092 http fetch GET 200 https://registry.npmjs.org/emoji-regex 294ms (cache miss)
3093 silly packumentCache full:https://registry.npmjs.org/emoji-regex set size:undefined disposed:false
3094 silly placeDep ROOT @lmdb/lmdb-darwin-arm64@3.4.2 OK for: lmdb@3.4.2 want: 3.4.2
3095 silly placeDep ROOT @lmdb/lmdb-darwin-x64@3.4.2 OK for: lmdb@3.4.2 want: 3.4.2
3096 silly placeDep ROOT @lmdb/lmdb-linux-arm@3.4.2 OK for: lmdb@3.4.2 want: 3.4.2
3097 silly placeDep ROOT @lmdb/lmdb-linux-arm64@3.4.2 OK for: lmdb@3.4.2 want: 3.4.2
3098 silly placeDep ROOT @lmdb/lmdb-linux-x64@3.4.2 OK for: lmdb@3.4.2 want: 3.4.2
3099 silly placeDep ROOT @lmdb/lmdb-win32-arm64@3.4.2 OK for: lmdb@3.4.2 want: 3.4.2
3100 silly placeDep ROOT @lmdb/lmdb-win32-x64@3.4.2 OK for: lmdb@3.4.2 want: 3.4.2
3101 silly placeDep ROOT msgpackr@1.12.1 OK for: lmdb@3.4.2 want: ^1.11.2
3102 silly placeDep ROOT node-addon-api@6.1.0 OK for: lmdb@3.4.2 want: ^6.1.0
3103 silly placeDep ROOT node-gyp-build-optional-packages@5.2.2 OK for: lmdb@3.4.2 want: 5.2.2
3104 silly placeDep ROOT ordered-binary@1.6.1 OK for: lmdb@3.4.2 want: ^1.5.3
3105 silly placeDep ROOT weak-lru-cache@1.2.2 OK for: lmdb@3.4.2 want: ^1.2.2
3106 silly fetch manifest msgpackr-extract@^3.0.2
3107 silly packumentCache full:https://registry.npmjs.org/msgpackr-extract cache-miss
3108 silly fetch manifest detect-libc@^2.0.1
3109 silly packumentCache full:https://registry.npmjs.org/detect-libc cache-miss
3110 http fetch GET 200 https://registry.npmjs.org/msgpackr-extract 269ms (cache miss)
3111 silly packumentCache full:https://registry.npmjs.org/msgpackr-extract set size:undefined disposed:false
3112 http fetch GET 200 https://registry.npmjs.org/detect-libc 3761ms (cache miss)
3113 silly packumentCache full:https://registry.npmjs.org/detect-libc set size:undefined disposed:false
3114 silly placeDep ROOT p-locate@5.0.0 OK for: locate-path@6.0.0 want: ^5.0.0
3115 silly fetch manifest p-limit@^3.0.2
3116 silly packumentCache full:https://registry.npmjs.org/p-limit cache-miss
3117 http fetch GET 200 https://registry.npmjs.org/p-limit 239ms (cache miss)
3118 silly packumentCache full:https://registry.npmjs.org/p-limit set size:undefined disposed:false
3119 silly placeDep ROOT ansi-escapes@7.3.0 OK for: log-update@6.1.0 want: ^7.0.0
3120 silly placeDep ROOT cli-cursor@5.0.0 OK for: log-update@6.1.0 want: ^5.0.0
3121 silly placeDep node_modules/log-update slice-ansi@7.1.2 OK for: log-update@6.1.0 want: ^7.1.0
3122 silly placeDep ROOT strip-ansi@7.2.0 OK for: log-update@6.1.0 want: ^7.1.0
3123 silly placeDep node_modules/log-update wrap-ansi@9.0.2 OK for: log-update@6.1.0 want: ^9.0.0
3124 silly fetch manifest environment@^1.0.0
3125 silly packumentCache full:https://registry.npmjs.org/environment cache-miss
3126 silly fetch manifest restore-cursor@^5.0.0
3127 silly packumentCache full:https://registry.npmjs.org/restore-cursor cache-miss
3128 silly fetch manifest is-fullwidth-code-point@^5.0.0
3129 silly packumentCache full:https://registry.npmjs.org/is-fullwidth-code-point cache-miss
3130 silly fetch manifest ansi-regex@^6.2.2
3131 silly packumentCache full:https://registry.npmjs.org/ansi-regex cache-miss
3132 http cache https://registry.npmjs.org/is-fullwidth-code-point 5ms (cache hit)
3133 silly packumentCache full:https://registry.npmjs.org/is-fullwidth-code-point set size:14578 disposed:false
3134 http fetch GET 200 https://registry.npmjs.org/ansi-regex 336ms (cache miss)
3135 silly packumentCache full:https://registry.npmjs.org/ansi-regex set size:undefined disposed:false
3136 http fetch GET 200 https://registry.npmjs.org/restore-cursor 339ms (cache miss)
3137 silly packumentCache full:https://registry.npmjs.org/restore-cursor set size:undefined disposed:false
3138 http fetch GET 200 https://registry.npmjs.org/environment 5422ms (cache miss)
3139 silly packumentCache full:https://registry.npmjs.org/environment set size:13915 disposed:false
3140 silly placeDep ROOT environment@1.1.0 OK for: ansi-escapes@7.3.0 want: ^1.0.0
3141 silly placeDep ROOT restore-cursor@5.1.0 OK for: cli-cursor@5.0.0 want: ^5.0.0
3142 silly fetch manifest onetime@^7.0.0
3143 silly packumentCache full:https://registry.npmjs.org/onetime cache-miss
3144 http fetch GET 200 https://registry.npmjs.org/onetime 245ms (cache miss)
3145 silly packumentCache full:https://registry.npmjs.org/onetime set size:undefined disposed:false
3146 silly placeDep ROOT date-format@4.0.14 OK for: log4js@6.9.1 want: ^4.0.14
3147 silly placeDep ROOT streamroller@3.1.5 OK for: log4js@6.9.1 want: ^3.1.5
3148 silly fetch manifest fs-extra@^8.1.0
3149 silly packumentCache full:https://registry.npmjs.org/fs-extra cache-miss
3150 http fetch GET 200 https://registry.npmjs.org/fs-extra 237ms (cache miss)
3151 silly packumentCache full:https://registry.npmjs.org/fs-extra set size:undefined disposed:false
3152 silly placeDep ROOT yallist@3.1.1 OK for: lru-cache@5.1.1 want: ^3.0.2
3153 silly placeDep ROOT mime-db@1.54.0 OK for: mime-types@3.0.2 want: ^1.54.0
3154 silly placeDep ROOT brace-expansion@5.0.6 OK for: minimatch@10.2.5 want: ^5.0.5
3155 silly fetch manifest balanced-match@^4.0.2
3156 silly packumentCache full:https://registry.npmjs.org/balanced-match cache-miss
3157 http fetch GET 200 https://registry.npmjs.org/balanced-match 893ms (cache miss)
3158 silly packumentCache full:https://registry.npmjs.org/balanced-match set size:undefined disposed:false
3159 silly placeDep ROOT balanced-match@4.0.4 OK for: brace-expansion@5.0.6 want: ^4.0.2
3160 silly placeDep ROOT minimist@1.2.8 OK for: mkdirp@0.5.6 want: ^1.2.6
3161 silly placeDep ROOT msgpackr-extract@3.0.4 OK for: msgpackr@1.12.1 want: ^3.0.2
3162 silly fetch manifest @msgpackr-extract/msgpackr-extract-darwin-arm64@3.0.4
3163 silly packumentCache full:https://registry.npmjs.org/@msgpackr-extract%2fmsgpackr-extract-darwin-arm64 cache-miss
3164 silly fetch manifest @msgpackr-extract/msgpackr-extract-darwin-x64@3.0.4
3165 silly packumentCache full:https://registry.npmjs.org/@msgpackr-extract%2fmsgpackr-extract-darwin-x64 cache-miss
3166 silly fetch manifest @msgpackr-extract/msgpackr-extract-linux-arm@3.0.4
3167 silly packumentCache full:https://registry.npmjs.org/@msgpackr-extract%2fmsgpackr-extract-linux-arm cache-miss
3168 silly fetch manifest @msgpackr-extract/msgpackr-extract-linux-arm64@3.0.4
3169 silly packumentCache full:https://registry.npmjs.org/@msgpackr-extract%2fmsgpackr-extract-linux-arm64 cache-miss
3170 silly fetch manifest @msgpackr-extract/msgpackr-extract-linux-x64@3.0.4
3171 silly packumentCache full:https://registry.npmjs.org/@msgpackr-extract%2fmsgpackr-extract-linux-x64 cache-miss
3172 silly fetch manifest @msgpackr-extract/msgpackr-extract-win32-x64@3.0.4
3173 silly packumentCache full:https://registry.npmjs.org/@msgpackr-extract%2fmsgpackr-extract-win32-x64 cache-miss
3174 http fetch GET 200 https://registry.npmjs.org/@msgpackr-extract%2fmsgpackr-extract-darwin-arm64 269ms (cache miss)
3175 silly packumentCache full:https://registry.npmjs.org/@msgpackr-extract%2fmsgpackr-extract-darwin-arm64 set size:undefined disposed:false
3176 http fetch GET 200 https://registry.npmjs.org/@msgpackr-extract%2fmsgpackr-extract-linux-x64 282ms (cache miss)
3177 silly packumentCache full:https://registry.npmjs.org/@msgpackr-extract%2fmsgpackr-extract-linux-x64 set size:undefined disposed:false
3178 http fetch GET 200 https://registry.npmjs.org/@msgpackr-extract%2fmsgpackr-extract-darwin-x64 301ms (cache miss)
3179 silly packumentCache full:https://registry.npmjs.org/@msgpackr-extract%2fmsgpackr-extract-darwin-x64 set size:undefined disposed:false
3180 http fetch GET 200 https://registry.npmjs.org/@msgpackr-extract%2fmsgpackr-extract-win32-x64 310ms (cache miss)
3181 silly packumentCache full:https://registry.npmjs.org/@msgpackr-extract%2fmsgpackr-extract-win32-x64 set size:undefined disposed:false
3182 http fetch GET 200 https://registry.npmjs.org/@msgpackr-extract%2fmsgpackr-extract-linux-arm 312ms (cache miss)
3183 silly packumentCache full:https://registry.npmjs.org/@msgpackr-extract%2fmsgpackr-extract-linux-arm set size:undefined disposed:false
3184 http fetch GET 200 https://registry.npmjs.org/@msgpackr-extract%2fmsgpackr-extract-linux-arm64 466ms (cache miss)
3185 silly packumentCache full:https://registry.npmjs.org/@msgpackr-extract%2fmsgpackr-extract-linux-arm64 set size:undefined disposed:false
3186 silly placeDep ROOT @msgpackr-extract/msgpackr-extract-darwin-arm64@3.0.4 OK for: msgpackr-extract@3.0.4 want: 3.0.4
3187 silly placeDep ROOT @msgpackr-extract/msgpackr-extract-darwin-x64@3.0.4 OK for: msgpackr-extract@3.0.4 want: 3.0.4
3188 silly placeDep ROOT @msgpackr-extract/msgpackr-extract-linux-arm@3.0.4 OK for: msgpackr-extract@3.0.4 want: 3.0.4
3189 silly placeDep ROOT @msgpackr-extract/msgpackr-extract-linux-arm64@3.0.4 OK for: msgpackr-extract@3.0.4 want: 3.0.4
3190 silly placeDep ROOT @msgpackr-extract/msgpackr-extract-linux-x64@3.0.4 OK for: msgpackr-extract@3.0.4 want: 3.0.4
3191 silly placeDep ROOT @msgpackr-extract/msgpackr-extract-win32-x64@3.0.4 OK for: msgpackr-extract@3.0.4 want: 3.0.4
3192 silly placeDep ROOT detect-libc@2.1.2 OK for: node-gyp-build-optional-packages@5.2.2 want: ^2.0.1
3193 silly placeDep ROOT hosted-git-info@9.0.3 OK for: npm-package-arg@13.0.0 want: ^9.0.0
3194 silly placeDep ROOT proc-log@5.0.0 OK for: npm-package-arg@13.0.0 want: ^5.0.0
3195 silly placeDep ROOT validate-npm-package-name@6.0.2 OK for: npm-package-arg@13.0.0 want: ^6.0.0
3196 silly fetch manifest lru-cache@^11.1.0
3197 silly packumentCache full:https://registry.npmjs.org/lru-cache cache-hit
3198 silly placeDep node_modules/hosted-git-info lru-cache@11.5.1 OK for: hosted-git-info@9.0.3 want: ^11.1.0
3199 silly placeDep ROOT ee-first@1.1.1 OK for: on-finished@2.4.1 want: 1.1.1
3200 silly placeDep ROOT deep-is@0.1.4 OK for: optionator@0.9.4 want: ^0.1.3
3201 silly placeDep ROOT fast-levenshtein@2.0.6 OK for: optionator@0.9.4 want: ^2.0.6
3202 silly placeDep ROOT word-wrap@1.2.5 OK for: optionator@0.9.4 want: ^1.2.5
3203 silly placeDep node_modules/ora chalk@5.6.2 OK for: ora@8.2.0 want: ^5.3.0
3204 silly placeDep ROOT cli-spinners@2.9.2 OK for: ora@8.2.0 want: ^2.9.2
3205 silly placeDep ROOT is-interactive@2.0.0 OK for: ora@8.2.0 want: ^2.0.0
3206 silly placeDep ROOT is-unicode-supported@2.1.0 OK for: ora@8.2.0 want: ^2.0.0
3207 silly placeDep ROOT log-symbols@6.0.0 OK for: ora@8.2.0 want: ^6.0.0
3208 silly placeDep ROOT stdin-discarder@0.2.2 OK for: ora@8.2.0 want: ^0.2.2
3209 silly fetch manifest is-unicode-supported@^1.3.0
3210 silly packumentCache full:https://registry.npmjs.org/is-unicode-supported cache-hit
3211 silly placeDep node_modules/log-symbols chalk@5.6.2 OK for: log-symbols@6.0.0 want: ^5.3.0
3212 silly placeDep node_modules/log-symbols is-unicode-supported@1.3.0 OK for: log-symbols@6.0.0 want: ^1.3.0
3213 silly placeDep ROOT p-limit@3.1.0 OK for: p-locate@5.0.0 want: ^3.0.2
3214 silly fetch manifest yocto-queue@^0.1.0
3215 silly packumentCache full:https://registry.npmjs.org/yocto-queue cache-miss
3216 http fetch GET 200 https://registry.npmjs.org/yocto-queue 255ms (cache miss)
3217 silly packumentCache full:https://registry.npmjs.org/yocto-queue set size:undefined disposed:false
3218 silly placeDep ROOT yocto-queue@0.1.0 OK for: p-limit@3.1.0 want: ^0.1.0
3219 silly placeDep ROOT @npmcli/git@7.0.2 OK for: pacote@21.0.4 want: ^7.0.0
3220 silly placeDep ROOT @npmcli/installed-package-contents@4.0.0 OK for: pacote@21.0.4 want: ^4.0.0
3221 silly placeDep ROOT @npmcli/package-json@7.0.5 OK for: pacote@21.0.4 want: ^7.0.0
3222 silly placeDep ROOT @npmcli/promise-spawn@9.0.1 OK for: pacote@21.0.4 want: ^9.0.0
3223 silly placeDep ROOT @npmcli/run-script@10.0.4 OK for: pacote@21.0.4 want: ^10.0.0
3224 silly placeDep ROOT cacache@20.0.4 OK for: pacote@21.0.4 want: ^20.0.0
3225 silly placeDep ROOT fs-minipass@3.0.3 OK for: pacote@21.0.4 want: ^3.0.0
3226 silly placeDep ROOT minipass@7.1.3 OK for: pacote@21.0.4 want: ^7.0.2
3227 silly placeDep ROOT npm-packlist@10.0.4 OK for: pacote@21.0.4 want: ^10.0.1
3228 silly placeDep ROOT npm-pick-manifest@11.0.3 OK for: pacote@21.0.4 want: ^11.0.1
3229 silly placeDep ROOT npm-registry-fetch@19.1.1 OK for: pacote@21.0.4 want: ^19.0.0
3230 silly placeDep node_modules/pacote proc-log@6.1.0 OK for: pacote@21.0.4 want: ^6.0.0
3231 silly placeDep ROOT promise-retry@2.0.1 OK for: pacote@21.0.4 want: ^2.0.1
3232 silly placeDep ROOT sigstore@4.1.1 OK for: pacote@21.0.4 want: ^4.0.0
3233 silly placeDep ROOT ssri@13.0.1 OK for: pacote@21.0.4 want: ^13.0.0
3234 silly placeDep ROOT tar@7.5.16 OK for: pacote@21.0.4 want: ^7.4.3
3235 silly fetch manifest ini@^6.0.0
3236 silly packumentCache full:https://registry.npmjs.org/ini cache-hit
3237 silly fetch manifest which@^6.0.0
3238 silly packumentCache full:https://registry.npmjs.org/which cache-hit
3239 silly fetch manifest lru-cache@^11.2.1
3240 silly packumentCache full:https://registry.npmjs.org/lru-cache cache-hit
3241 silly fetch manifest @gar/promise-retry@^1.0.0
3242 silly packumentCache full:https://registry.npmjs.org/@gar%2fpromise-retry cache-miss
3243 silly fetch manifest npm-bundled@^5.0.0
3244 silly packumentCache full:https://registry.npmjs.org/npm-bundled cache-miss
3245 silly fetch manifest npm-normalize-package-bin@^5.0.0
3246 silly packumentCache full:https://registry.npmjs.org/npm-normalize-package-bin cache-miss
3247 silly fetch manifest glob@^13.0.0
3248 silly packumentCache full:https://registry.npmjs.org/glob cache-hit
3249 silly fetch manifest spdx-expression-parse@^4.0.0
3250 silly packumentCache full:https://registry.npmjs.org/spdx-expression-parse cache-miss
3251 silly fetch manifest json-parse-even-better-errors@^5.0.0
3252 silly packumentCache full:https://registry.npmjs.org/json-parse-even-better-errors cache-hit
3253 silly fetch manifest node-gyp@^12.1.0
3254 silly packumentCache full:https://registry.npmjs.org/node-gyp cache-miss
3255 silly fetch manifest @npmcli/node-gyp@^5.0.0
3256 silly packumentCache full:https://registry.npmjs.org/@npmcli%2fnode-gyp cache-miss
3257 silly fetch manifest p-map@^7.0.2
3258 silly packumentCache full:https://registry.npmjs.org/p-map cache-miss
3259 http fetch GET 200 https://registry.npmjs.org/node-gyp 289ms (cache miss)
3260 silly packumentCache full:https://registry.npmjs.org/node-gyp set size:undefined disposed:false
3261 silly fetch manifest minipass@^7.0.3
3262 silly packumentCache full:https://registry.npmjs.org/minipass cache-hit
3263 silly fetch manifest @npmcli/fs@^5.0.0
3264 silly packumentCache full:https://registry.npmjs.org/@npmcli%2ffs cache-miss
3265 http fetch GET 200 https://registry.npmjs.org/@gar%2fpromise-retry 300ms (cache miss)
3266 silly packumentCache full:https://registry.npmjs.org/@gar%2fpromise-retry set size:undefined disposed:false
3267 silly fetch manifest minipass-flush@^1.0.5
3268 silly packumentCache full:https://registry.npmjs.org/minipass-flush cache-miss
3269 http fetch GET 200 https://registry.npmjs.org/npm-bundled 304ms (cache miss)
3270 silly packumentCache full:https://registry.npmjs.org/npm-bundled set size:undefined disposed:false
3271 silly fetch manifest minipass-collect@^2.0.1
3272 silly packumentCache full:https://registry.npmjs.org/minipass-collect cache-miss
3273 http fetch GET 200 https://registry.npmjs.org/p-map 330ms (cache miss)
3274 silly packumentCache full:https://registry.npmjs.org/p-map set size:undefined disposed:false
3275 silly fetch manifest minipass-pipeline@^1.2.4
3276 silly packumentCache full:https://registry.npmjs.org/minipass-pipeline cache-miss
3277 http fetch GET 200 https://registry.npmjs.org/npm-normalize-package-bin 392ms (cache miss)
3278 silly packumentCache full:https://registry.npmjs.org/npm-normalize-package-bin set size:undefined disposed:false
3279 silly fetch manifest ignore-walk@^8.0.0
3280 silly packumentCache full:https://registry.npmjs.org/ignore-walk cache-miss
3281 http fetch GET 200 https://registry.npmjs.org/spdx-expression-parse 393ms (cache miss)
3282 silly packumentCache full:https://registry.npmjs.org/spdx-expression-parse set size:undefined disposed:false
3283 silly fetch manifest npm-install-checks@^8.0.0
3284 silly packumentCache full:https://registry.npmjs.org/npm-install-checks cache-miss
3285 http fetch GET 200 https://registry.npmjs.org/minipass-flush 224ms (cache miss)
3286 silly packumentCache full:https://registry.npmjs.org/minipass-flush set size:undefined disposed:false
3287 silly fetch manifest minizlib@^3.0.1
3288 silly packumentCache full:https://registry.npmjs.org/minizlib cache-miss
3289 http fetch GET 200 https://registry.npmjs.org/minipass-collect 271ms (cache miss)
3290 silly packumentCache full:https://registry.npmjs.org/minipass-collect set size:undefined disposed:false
3291 silly fetch manifest jsonparse@^1.3.1
3292 silly packumentCache full:https://registry.npmjs.org/jsonparse cache-miss
3293 http fetch GET 200 https://registry.npmjs.org/ignore-walk 300ms (cache miss)
3294 silly packumentCache full:https://registry.npmjs.org/ignore-walk set size:undefined disposed:false
3295 silly fetch manifest @npmcli/redact@^4.0.0
3296 silly packumentCache full:https://registry.npmjs.org/@npmcli%2fredact cache-miss
3297 http fetch GET 200 https://registry.npmjs.org/minipass-pipeline 362ms (cache miss)
3298 silly packumentCache full:https://registry.npmjs.org/minipass-pipeline set size:undefined disposed:false
3299 silly fetch manifest minipass-fetch@^5.0.0
3300 silly packumentCache full:https://registry.npmjs.org/minipass-fetch cache-miss
3301 http fetch GET 200 https://registry.npmjs.org/npm-install-checks 302ms (cache miss)
3302 silly packumentCache full:https://registry.npmjs.org/npm-install-checks set size:undefined disposed:false
3303 silly fetch manifest make-fetch-happen@^15.0.0
3304 silly packumentCache full:https://registry.npmjs.org/make-fetch-happen cache-miss
3305 http fetch GET 200 https://registry.npmjs.org/minizlib 268ms (cache miss)
3306 silly packumentCache full:https://registry.npmjs.org/minizlib set size:undefined disposed:false
3307 silly fetch manifest err-code@^2.0.2
3308 silly packumentCache full:https://registry.npmjs.org/err-code cache-miss
3309 http fetch GET 200 https://registry.npmjs.org/jsonparse 333ms (cache miss)
3310 silly packumentCache full:https://registry.npmjs.org/jsonparse set size:undefined disposed:false
3311 silly fetch manifest retry@^0.12.0
3312 silly packumentCache full:https://registry.npmjs.org/retry cache-miss
3313 http fetch GET 200 https://registry.npmjs.org/minipass-fetch 217ms (cache miss)
3314 silly packumentCache full:https://registry.npmjs.org/minipass-fetch set size:undefined disposed:false
3315 silly fetch manifest @sigstore/tuf@^4.0.2
3316 silly packumentCache full:https://registry.npmjs.org/@sigstore%2ftuf cache-miss
3317 http fetch GET 200 https://registry.npmjs.org/err-code 121ms (cache miss)
3318 silly packumentCache full:https://registry.npmjs.org/err-code set size:undefined disposed:false
3319 silly fetch manifest @sigstore/core@^3.2.1
3320 silly packumentCache full:https://registry.npmjs.org/@sigstore%2fcore cache-miss
3321 http fetch GET 200 https://registry.npmjs.org/@npmcli%2fredact 226ms (cache miss)
3322 silly packumentCache full:https://registry.npmjs.org/@npmcli%2fredact set size:undefined disposed:false
3323 silly fetch manifest @sigstore/sign@^4.1.1
3324 silly packumentCache full:https://registry.npmjs.org/@sigstore%2fsign cache-miss
3325 http fetch GET 200 https://registry.npmjs.org/make-fetch-happen 228ms (cache miss)
3326 silly packumentCache full:https://registry.npmjs.org/make-fetch-happen set size:undefined disposed:false
3327 silly fetch manifest @sigstore/bundle@^4.0.0
3328 silly packumentCache full:https://registry.npmjs.org/@sigstore%2fbundle cache-miss
3329 http fetch GET 200 https://registry.npmjs.org/@npmcli%2fnode-gyp 969ms (cache miss)
3330 silly packumentCache full:https://registry.npmjs.org/@npmcli%2fnode-gyp set size:undefined disposed:false
3331 silly fetch manifest @sigstore/verify@^3.1.1
3332 silly packumentCache full:https://registry.npmjs.org/@sigstore%2fverify cache-miss
3333 http fetch GET 200 https://registry.npmjs.org/retry 99ms (cache miss)
3334 silly packumentCache full:https://registry.npmjs.org/retry set size:undefined disposed:false
3335 silly fetch manifest @sigstore/protobuf-specs@^0.5.0
3336 silly packumentCache full:https://registry.npmjs.org/@sigstore%2fprotobuf-specs cache-miss
3337 http fetch GET 200 https://registry.npmjs.org/@sigstore%2fcore 105ms (cache miss)
3338 silly packumentCache full:https://registry.npmjs.org/@sigstore%2fcore set size:undefined disposed:false
3339 silly fetch manifest @isaacs/fs-minipass@^4.0.0
3340 silly packumentCache full:https://registry.npmjs.org/@isaacs%2ffs-minipass cache-miss
3341 http fetch GET 200 https://registry.npmjs.org/@sigstore%2fsign 169ms (cache miss)
3342 silly packumentCache full:https://registry.npmjs.org/@sigstore%2fsign set size:undefined disposed:false
3343 silly fetch manifest chownr@^3.0.0
3344 silly packumentCache full:https://registry.npmjs.org/chownr cache-miss
3345 http fetch GET 200 https://registry.npmjs.org/@sigstore%2ftuf 183ms (cache miss)
3346 silly packumentCache full:https://registry.npmjs.org/@sigstore%2ftuf set size:undefined disposed:false
3347 silly fetch manifest minizlib@^3.1.0
3348 silly packumentCache full:https://registry.npmjs.org/minizlib cache-miss
3349 http cache https://registry.npmjs.org/minizlib 3ms (cache hit)
3350 silly packumentCache full:https://registry.npmjs.org/minizlib set size:62862 disposed:false
3351 silly fetch manifest yallist@^5.0.0
3352 silly packumentCache full:https://registry.npmjs.org/yallist cache-hit
3353 http fetch GET 200 https://registry.npmjs.org/@sigstore%2fprotobuf-specs 123ms (cache miss)
3354 silly packumentCache full:https://registry.npmjs.org/@sigstore%2fprotobuf-specs set size:undefined disposed:false
3355 http fetch GET 200 https://registry.npmjs.org/@sigstore%2fbundle 214ms (cache miss)
3356 silly packumentCache full:https://registry.npmjs.org/@sigstore%2fbundle set size:undefined disposed:false
3357 http fetch GET 200 https://registry.npmjs.org/chownr 147ms (cache miss)
3358 silly packumentCache full:https://registry.npmjs.org/chownr set size:undefined disposed:false
3359 http fetch GET 200 https://registry.npmjs.org/@isaacs%2ffs-minipass 274ms (cache miss)
3360 silly packumentCache full:https://registry.npmjs.org/@isaacs%2ffs-minipass set size:undefined disposed:false
3361 http fetch GET 200 https://registry.npmjs.org/@sigstore%2fverify 439ms (cache miss)
3362 silly packumentCache full:https://registry.npmjs.org/@sigstore%2fverify set size:undefined disposed:false
3363 http fetch GET 200 https://registry.npmjs.org/@npmcli%2ffs 5540ms (cache miss)
3364 silly packumentCache full:https://registry.npmjs.org/@npmcli%2ffs set size:42864 disposed:false
3365 silly placeDep ROOT @gar/promise-retry@1.0.3 OK for: @npmcli/git@7.0.2 want: ^1.0.0
3366 silly placeDep node_modules/@npmcli/git ini@6.0.0 OK for: @npmcli/git@7.0.2 want: ^6.0.0
3367 silly placeDep node_modules/@npmcli/git lru-cache@11.5.1 OK for: @npmcli/git@7.0.2 want: ^11.2.1
3368 silly placeDep node_modules/@npmcli/git proc-log@6.1.0 OK for: @npmcli/git@7.0.2 want: ^6.0.0
3369 silly placeDep node_modules/@npmcli/git which@6.0.1 OK for: @npmcli/git@7.0.2 want: ^6.0.0
3370 silly fetch manifest isexe@^4.0.0
3371 silly packumentCache full:https://registry.npmjs.org/isexe cache-hit
3372 silly placeDep ROOT npm-bundled@5.0.0 OK for: @npmcli/installed-package-contents@4.0.0 want: ^5.0.0
3373 silly placeDep ROOT npm-normalize-package-bin@5.0.0 OK for: @npmcli/installed-package-contents@4.0.0 want: ^5.0.0
3374 silly placeDep node_modules/@npmcli/package-json glob@13.0.6 OK for: @npmcli/package-json@7.0.5 want: ^13.0.0
3375 silly placeDep ROOT json-parse-even-better-errors@5.0.0 OK for: @npmcli/package-json@7.0.5 want: ^5.0.0
3376 silly placeDep node_modules/@npmcli/package-json proc-log@6.1.0 OK for: @npmcli/package-json@7.0.5 want: ^6.0.0
3377 silly placeDep ROOT spdx-expression-parse@4.0.0 OK for: @npmcli/package-json@7.0.5 want: ^4.0.0
3378 silly fetch manifest path-scurry@^2.0.2
3379 silly packumentCache full:https://registry.npmjs.org/path-scurry cache-miss
3380 silly fetch manifest spdx-exceptions@^2.1.0
3381 silly packumentCache full:https://registry.npmjs.org/spdx-exceptions cache-miss
3382 silly fetch manifest spdx-license-ids@^3.0.0
3383 silly packumentCache full:https://registry.npmjs.org/spdx-license-ids cache-miss
3384 http fetch GET 200 https://registry.npmjs.org/spdx-license-ids 333ms (cache miss)
3385 silly packumentCache full:https://registry.npmjs.org/spdx-license-ids set size:undefined disposed:false
3386 http fetch GET 200 https://registry.npmjs.org/path-scurry 359ms (cache miss)
3387 silly packumentCache full:https://registry.npmjs.org/path-scurry set size:undefined disposed:false
3388 http fetch GET 200 https://registry.npmjs.org/spdx-exceptions 403ms (cache miss)
3389 silly packumentCache full:https://registry.npmjs.org/spdx-exceptions set size:undefined disposed:false
3390 silly placeDep node_modules/@npmcli/promise-spawn which@6.0.1 OK for: @npmcli/promise-spawn@9.0.1 want: ^6.0.0
3391 silly placeDep ROOT @npmcli/node-gyp@5.0.0 OK for: @npmcli/run-script@10.0.4 want: ^5.0.0
3392 silly placeDep ROOT node-gyp@12.4.0 OK for: @npmcli/run-script@10.0.4 want: ^12.1.0
3393 silly placeDep node_modules/@npmcli/run-script proc-log@6.1.0 OK for: @npmcli/run-script@10.0.4 want: ^6.0.0
3394 silly fetch manifest nopt@^9.0.0
3395 silly packumentCache full:https://registry.npmjs.org/nopt cache-miss
3396 silly fetch manifest undici@^6.25.0
3397 silly packumentCache full:https://registry.npmjs.org/undici cache-miss
3398 silly fetch manifest exponential-backoff@^3.1.1
3399 silly packumentCache full:https://registry.npmjs.org/exponential-backoff cache-miss
3400 http fetch GET 200 https://registry.npmjs.org/nopt 377ms (cache miss)
3401 silly packumentCache full:https://registry.npmjs.org/nopt set size:undefined disposed:false
3402 http fetch GET 200 https://registry.npmjs.org/exponential-backoff 477ms (cache miss)
3403 silly packumentCache full:https://registry.npmjs.org/exponential-backoff set size:undefined disposed:false
3404 http fetch GET 200 https://registry.npmjs.org/undici 685ms (cache miss)
3405 silly packumentCache full:https://registry.npmjs.org/undici set size:undefined disposed:false
3406 silly placeDep ROOT @npmcli/fs@5.0.0 OK for: cacache@20.0.4 want: ^5.0.0
3407 silly placeDep node_modules/cacache glob@13.0.6 OK for: cacache@20.0.4 want: ^13.0.0
3408 silly placeDep node_modules/cacache lru-cache@11.5.1 OK for: cacache@20.0.4 want: ^11.1.0
3409 silly placeDep ROOT minipass-collect@2.0.1 OK for: cacache@20.0.4 want: ^2.0.1
3410 silly placeDep ROOT minipass-flush@1.0.7 OK for: cacache@20.0.4 want: ^1.0.5
3411 silly placeDep ROOT minipass-pipeline@1.2.4 OK for: cacache@20.0.4 want: ^1.2.4
3412 silly placeDep ROOT p-map@7.0.4 OK for: cacache@20.0.4 want: ^7.0.2
3413 silly fetch manifest minipass@^3.0.0
3414 silly packumentCache full:https://registry.npmjs.org/minipass cache-hit
3415 silly fetch manifest minipass@^3.0.0
3416 silly packumentCache full:https://registry.npmjs.org/minipass cache-hit
3417 silly placeDep node_modules/minipass-flush minipass@3.3.6 OK for: minipass-flush@1.0.7 want: ^3.0.0
3418 silly fetch manifest yallist@^4.0.0
3419 silly packumentCache full:https://registry.npmjs.org/yallist cache-hit
3420 silly placeDep node_modules/minipass-pipeline minipass@3.3.6 OK for: minipass-pipeline@1.2.4 want: ^3.0.0
3421 silly placeDep ROOT exponential-backoff@3.1.3 OK for: node-gyp@12.4.0 want: ^3.1.1
3422 silly placeDep ROOT nopt@9.0.0 OK for: node-gyp@12.4.0 want: ^9.0.0
3423 silly placeDep node_modules/node-gyp proc-log@6.1.0 OK for: node-gyp@12.4.0 want: ^6.0.0
3424 silly placeDep ROOT undici@6.26.0 OK for: node-gyp@12.4.0 want: ^6.25.0
3425 silly placeDep node_modules/node-gyp which@6.0.1 OK for: node-gyp@12.4.0 want: ^6.0.0
3426 silly fetch manifest abbrev@^4.0.0
3427 silly packumentCache full:https://registry.npmjs.org/abbrev cache-miss
3428 http fetch GET 200 https://registry.npmjs.org/abbrev 176ms (cache miss)
3429 silly packumentCache full:https://registry.npmjs.org/abbrev set size:undefined disposed:false
3430 silly placeDep ROOT abbrev@4.0.0 OK for: nopt@9.0.0 want: ^4.0.0
3431 silly placeDep ROOT ignore-walk@8.0.0 OK for: npm-packlist@10.0.4 want: ^8.0.0
3432 silly placeDep node_modules/npm-packlist proc-log@6.1.0 OK for: npm-packlist@10.0.4 want: ^6.0.0
3433 silly placeDep ROOT npm-install-checks@8.0.0 OK for: npm-pick-manifest@11.0.3 want: ^8.0.0
3434 silly placeDep ROOT @npmcli/redact@4.0.0 OK for: npm-registry-fetch@19.1.1 want: ^4.0.0
3435 silly placeDep ROOT jsonparse@1.3.1 OK for: npm-registry-fetch@19.1.1 want: ^1.3.1
3436 silly placeDep ROOT make-fetch-happen@15.0.6 OK for: npm-registry-fetch@19.1.1 want: ^15.0.0
3437 silly placeDep ROOT minipass-fetch@5.0.2 OK for: npm-registry-fetch@19.1.1 want: ^5.0.0
3438 silly placeDep ROOT minizlib@3.1.0 OK for: npm-registry-fetch@19.1.1 want: ^3.0.1
3439 silly placeDep node_modules/npm-registry-fetch proc-log@6.1.0 OK for: npm-registry-fetch@19.1.1 want: ^6.0.0
3440 silly fetch manifest @npmcli/agent@^4.0.0
3441 silly packumentCache full:https://registry.npmjs.org/@npmcli%2fagent cache-miss
3442 silly fetch manifest http-cache-semantics@^4.1.1
3443 silly packumentCache full:https://registry.npmjs.org/http-cache-semantics cache-miss
3444 silly fetch manifest minipass-sized@^2.0.0
3445 silly packumentCache full:https://registry.npmjs.org/minipass-sized cache-miss
3446 http fetch GET 200 https://registry.npmjs.org/http-cache-semantics 85ms (cache miss)
3447 silly packumentCache full:https://registry.npmjs.org/http-cache-semantics set size:undefined disposed:false
3448 http fetch GET 200 https://registry.npmjs.org/minipass-sized 138ms (cache miss)
3449 silly packumentCache full:https://registry.npmjs.org/minipass-sized set size:undefined disposed:false
3450 http fetch GET 200 https://registry.npmjs.org/@npmcli%2fagent 4307ms (cache miss)
3451 silly packumentCache full:https://registry.npmjs.org/@npmcli%2fagent set size:undefined disposed:false
3452 silly placeDep ROOT @npmcli/agent@4.0.2 OK for: make-fetch-happen@15.0.6 want: ^4.0.0
3453 silly placeDep ROOT http-cache-semantics@4.2.0 OK for: make-fetch-happen@15.0.6 want: ^4.1.1
3454 silly placeDep node_modules/make-fetch-happen proc-log@6.1.0 OK for: make-fetch-happen@15.0.6 want: ^6.0.0
3455 silly fetch manifest http-proxy-agent@^7.0.0
3456 silly packumentCache full:https://registry.npmjs.org/http-proxy-agent cache-miss
3457 silly fetch manifest socks-proxy-agent@^8.0.3
3458 silly packumentCache full:https://registry.npmjs.org/socks-proxy-agent cache-miss
3459 http fetch GET 200 https://registry.npmjs.org/http-proxy-agent 59ms (cache miss)
3460 silly packumentCache full:https://registry.npmjs.org/http-proxy-agent set size:undefined disposed:false
3461 http fetch GET 200 https://registry.npmjs.org/socks-proxy-agent 90ms (cache miss)
3462 silly packumentCache full:https://registry.npmjs.org/socks-proxy-agent set size:undefined disposed:false
3463 silly placeDep ROOT http-proxy-agent@7.0.2 OK for: @npmcli/agent@4.0.2 want: ^7.0.0
3464 silly placeDep node_modules/@npmcli/agent lru-cache@11.5.1 OK for: @npmcli/agent@4.0.2 want: ^11.2.1
3465 silly placeDep ROOT socks-proxy-agent@8.0.5 OK for: @npmcli/agent@4.0.2 want: ^8.0.3
3466 silly fetch manifest socks@^2.8.3
3467 silly packumentCache full:https://registry.npmjs.org/socks cache-miss
3468 http fetch GET 200 https://registry.npmjs.org/socks 71ms (cache miss)
3469 silly packumentCache full:https://registry.npmjs.org/socks set size:undefined disposed:false
3470 silly placeDep ROOT minipass-sized@2.0.0 OK for: minipass-fetch@5.0.2 want: ^2.0.0
3471 silly placeDep ROOT callsites@3.1.0 OK for: parent-module@1.0.1 want: ^3.0.0
3472 silly placeDep ROOT error-ex@1.3.4 OK for: parse-json@5.2.0 want: ^1.3.1
3473 silly placeDep node_modules/parse-json json-parse-even-better-errors@2.3.1 OK for: parse-json@5.2.0 want: ^2.3.0
3474 silly placeDep ROOT lines-and-columns@1.2.4 OK for: parse-json@5.2.0 want: ^1.1.6
3475 silly fetch manifest is-arrayish@^0.2.1
3476 silly packumentCache full:https://registry.npmjs.org/is-arrayish cache-miss
3477 http fetch GET 200 https://registry.npmjs.org/is-arrayish 1224ms (cache miss)
3478 silly packumentCache full:https://registry.npmjs.org/is-arrayish set size:undefined disposed:false
3479 silly placeDep ROOT is-arrayish@0.2.1 OK for: error-ex@1.3.4 want: ^0.2.1
3480 silly placeDep node_modules/parse5-html-rewriting-stream entities@6.0.1 OK for: parse5-html-rewriting-stream@8.0.0 want: ^6.0.0
3481 silly placeDep ROOT parse5@8.0.1 OK for: parse5-html-rewriting-stream@8.0.0 want: ^8.0.0
3482 silly placeDep ROOT parse5-sax-parser@8.0.0 OK for: parse5-html-rewriting-stream@8.0.0 want: ^8.0.0
3483 silly fetch manifest entities@^8.0.0
3484 silly packumentCache full:https://registry.npmjs.org/entities cache-hit
3485 silly placeDep node_modules/parse5 entities@8.0.0 OK for: parse5@8.0.1 want: ^8.0.0
3486 silly placeDep ROOT @napi-rs/nice@1.1.1 OK for: piscina@5.1.3 want: ^1.0.4
3487 silly fetch manifest @napi-rs/nice-darwin-x64@1.1.1
3488 silly packumentCache full:https://registry.npmjs.org/@napi-rs%2fnice-darwin-x64 cache-miss
3489 silly fetch manifest @napi-rs/nice-darwin-arm64@1.1.1
3490 silly packumentCache full:https://registry.npmjs.org/@napi-rs%2fnice-darwin-arm64 cache-miss
3491 silly fetch manifest @napi-rs/nice-linux-x64-gnu@1.1.1
3492 silly packumentCache full:https://registry.npmjs.org/@napi-rs%2fnice-linux-x64-gnu cache-miss
3493 silly fetch manifest @napi-rs/nice-win32-x64-msvc@1.1.1
3494 silly packumentCache full:https://registry.npmjs.org/@napi-rs%2fnice-win32-x64-msvc cache-miss
3495 silly fetch manifest @napi-rs/nice-linux-x64-musl@1.1.1
3496 silly packumentCache full:https://registry.npmjs.org/@napi-rs%2fnice-linux-x64-musl cache-miss
3497 silly fetch manifest @napi-rs/nice-linux-arm64-gnu@1.1.1
3498 silly packumentCache full:https://registry.npmjs.org/@napi-rs%2fnice-linux-arm64-gnu cache-miss
3499 silly fetch manifest @napi-rs/nice-win32-ia32-msvc@1.1.1
3500 silly packumentCache full:https://registry.npmjs.org/@napi-rs%2fnice-win32-ia32-msvc cache-miss
3501 http fetch GET 200 https://registry.npmjs.org/@napi-rs%2fnice-darwin-arm64 145ms (cache miss)
3502 silly packumentCache full:https://registry.npmjs.org/@napi-rs%2fnice-darwin-arm64 set size:undefined disposed:false
3503 silly fetch manifest @napi-rs/nice-linux-arm-gnueabihf@1.1.1
3504 silly packumentCache full:https://registry.npmjs.org/@napi-rs%2fnice-linux-arm-gnueabihf cache-miss
3505 http fetch GET 200 https://registry.npmjs.org/@napi-rs%2fnice-linux-x64-gnu 237ms (cache miss)
3506 silly packumentCache full:https://registry.npmjs.org/@napi-rs%2fnice-linux-x64-gnu set size:undefined disposed:false
3507 silly fetch manifest @napi-rs/nice-android-arm64@1.1.1
3508 silly packumentCache full:https://registry.npmjs.org/@napi-rs%2fnice-android-arm64 cache-miss
3509 http fetch GET 200 https://registry.npmjs.org/@napi-rs%2fnice-linux-x64-musl 243ms (cache miss)
3510 silly packumentCache full:https://registry.npmjs.org/@napi-rs%2fnice-linux-x64-musl set size:undefined disposed:false
3511 silly fetch manifest @napi-rs/nice-freebsd-x64@1.1.1
3512 silly packumentCache full:https://registry.npmjs.org/@napi-rs%2fnice-freebsd-x64 cache-miss
3513 http fetch GET 200 https://registry.npmjs.org/@napi-rs%2fnice-linux-arm-gnueabihf 139ms (cache miss)
3514 silly packumentCache full:https://registry.npmjs.org/@napi-rs%2fnice-linux-arm-gnueabihf set size:undefined disposed:false
3515 silly fetch manifest @napi-rs/nice-linux-arm64-musl@1.1.1
3516 silly packumentCache full:https://registry.npmjs.org/@napi-rs%2fnice-linux-arm64-musl cache-miss
3517 http fetch GET 200 https://registry.npmjs.org/@napi-rs%2fnice-darwin-x64 292ms (cache miss)
3518 silly packumentCache full:https://registry.npmjs.org/@napi-rs%2fnice-darwin-x64 set size:undefined disposed:false
3519 silly fetch manifest @napi-rs/nice-android-arm-eabi@1.1.1
3520 silly packumentCache full:https://registry.npmjs.org/@napi-rs%2fnice-android-arm-eabi cache-miss
3521 http fetch GET 200 https://registry.npmjs.org/@napi-rs%2fnice-linux-arm64-musl 121ms (cache miss)
3522 silly packumentCache full:https://registry.npmjs.org/@napi-rs%2fnice-linux-arm64-musl set size:undefined disposed:false
3523 silly fetch manifest @napi-rs/nice-win32-arm64-msvc@1.1.1
3524 silly packumentCache full:https://registry.npmjs.org/@napi-rs%2fnice-win32-arm64-msvc cache-miss
3525 http fetch GET 200 https://registry.npmjs.org/@napi-rs%2fnice-win32-arm64-msvc 165ms (cache miss)
3526 silly packumentCache full:https://registry.npmjs.org/@napi-rs%2fnice-win32-arm64-msvc set size:undefined disposed:false
3527 silly fetch manifest @napi-rs/nice-linux-ppc64-gnu@1.1.1
3528 silly packumentCache full:https://registry.npmjs.org/@napi-rs%2fnice-linux-ppc64-gnu cache-miss
3529 http fetch GET 200 https://registry.npmjs.org/@napi-rs%2fnice-android-arm-eabi 281ms (cache miss)
3530 silly packumentCache full:https://registry.npmjs.org/@napi-rs%2fnice-android-arm-eabi set size:undefined disposed:false
3531 silly fetch manifest @napi-rs/nice-linux-s390x-gnu@1.1.1
3532 silly packumentCache full:https://registry.npmjs.org/@napi-rs%2fnice-linux-s390x-gnu cache-miss
3533 http fetch GET 200 https://registry.npmjs.org/@napi-rs%2fnice-linux-ppc64-gnu 123ms (cache miss)
3534 silly packumentCache full:https://registry.npmjs.org/@napi-rs%2fnice-linux-ppc64-gnu set size:undefined disposed:false
3535 silly fetch manifest @napi-rs/nice-linux-riscv64-gnu@1.1.1
3536 silly packumentCache full:https://registry.npmjs.org/@napi-rs%2fnice-linux-riscv64-gnu cache-miss
3537 http fetch GET 200 https://registry.npmjs.org/@napi-rs%2fnice-linux-s390x-gnu 123ms (cache miss)
3538 silly packumentCache full:https://registry.npmjs.org/@napi-rs%2fnice-linux-s390x-gnu set size:undefined disposed:false
3539 silly fetch manifest @napi-rs/nice-openharmony-arm64@1.1.1
3540 silly packumentCache full:https://registry.npmjs.org/@napi-rs%2fnice-openharmony-arm64 cache-miss
3541 http fetch GET 200 https://registry.npmjs.org/@napi-rs%2fnice-openharmony-arm64 116ms (cache miss)
3542 silly packumentCache full:https://registry.npmjs.org/@napi-rs%2fnice-openharmony-arm64 set size:undefined disposed:false
3543 http fetch GET 200 https://registry.npmjs.org/@napi-rs%2fnice-linux-riscv64-gnu 463ms (cache miss)
3544 silly packumentCache full:https://registry.npmjs.org/@napi-rs%2fnice-linux-riscv64-gnu set size:undefined disposed:false
3545 http fetch GET 200 https://registry.npmjs.org/@napi-rs%2fnice-win32-ia32-msvc 1922ms (cache miss)
3546 silly packumentCache full:https://registry.npmjs.org/@napi-rs%2fnice-win32-ia32-msvc set size:undefined disposed:false
3547 http fetch GET 200 https://registry.npmjs.org/@napi-rs%2fnice-android-arm64 4493ms (cache miss)
3548 silly packumentCache full:https://registry.npmjs.org/@napi-rs%2fnice-android-arm64 set size:undefined disposed:false
3549 http fetch GET 200 https://registry.npmjs.org/@napi-rs%2fnice-win32-x64-msvc 5058ms (cache miss)
3550 silly packumentCache full:https://registry.npmjs.org/@napi-rs%2fnice-win32-x64-msvc set size:undefined disposed:false
3551 http fetch GET 200 https://registry.npmjs.org/@napi-rs%2fnice-linux-arm64-gnu 5415ms (cache miss)
3552 silly packumentCache full:https://registry.npmjs.org/@napi-rs%2fnice-linux-arm64-gnu set size:10318 disposed:false
3553 http fetch GET 200 https://registry.npmjs.org/@napi-rs%2fnice-freebsd-x64 7343ms (cache miss)
3554 silly packumentCache full:https://registry.npmjs.org/@napi-rs%2fnice-freebsd-x64 set size:undefined disposed:false
3555 silly placeDep ROOT @napi-rs/nice-android-arm-eabi@1.1.1 OK for: @napi-rs/nice@1.1.1 want: 1.1.1
3556 silly placeDep ROOT @napi-rs/nice-android-arm64@1.1.1 OK for: @napi-rs/nice@1.1.1 want: 1.1.1
3557 silly placeDep ROOT @napi-rs/nice-darwin-arm64@1.1.1 OK for: @napi-rs/nice@1.1.1 want: 1.1.1
3558 silly placeDep ROOT @napi-rs/nice-darwin-x64@1.1.1 OK for: @napi-rs/nice@1.1.1 want: 1.1.1
3559 silly placeDep ROOT @napi-rs/nice-freebsd-x64@1.1.1 OK for: @napi-rs/nice@1.1.1 want: 1.1.1
3560 silly placeDep ROOT @napi-rs/nice-linux-arm-gnueabihf@1.1.1 OK for: @napi-rs/nice@1.1.1 want: 1.1.1
3561 silly placeDep ROOT @napi-rs/nice-linux-arm64-gnu@1.1.1 OK for: @napi-rs/nice@1.1.1 want: 1.1.1
3562 silly placeDep ROOT @napi-rs/nice-linux-arm64-musl@1.1.1 OK for: @napi-rs/nice@1.1.1 want: 1.1.1
3563 silly placeDep ROOT @napi-rs/nice-linux-ppc64-gnu@1.1.1 OK for: @napi-rs/nice@1.1.1 want: 1.1.1
3564 silly placeDep ROOT @napi-rs/nice-linux-riscv64-gnu@1.1.1 OK for: @napi-rs/nice@1.1.1 want: 1.1.1
3565 silly placeDep ROOT @napi-rs/nice-linux-s390x-gnu@1.1.1 OK for: @napi-rs/nice@1.1.1 want: 1.1.1
3566 silly placeDep ROOT @napi-rs/nice-linux-x64-gnu@1.1.1 OK for: @napi-rs/nice@1.1.1 want: 1.1.1
3567 silly placeDep ROOT @napi-rs/nice-linux-x64-musl@1.1.1 OK for: @napi-rs/nice@1.1.1 want: 1.1.1
3568 silly placeDep ROOT @napi-rs/nice-openharmony-arm64@1.1.1 OK for: @napi-rs/nice@1.1.1 want: 1.1.1
3569 silly placeDep ROOT @napi-rs/nice-win32-arm64-msvc@1.1.1 OK for: @napi-rs/nice@1.1.1 want: 1.1.1
3570 silly placeDep ROOT @napi-rs/nice-win32-ia32-msvc@1.1.1 OK for: @napi-rs/nice@1.1.1 want: 1.1.1
3571 silly placeDep ROOT @napi-rs/nice-win32-x64-msvc@1.1.1 OK for: @napi-rs/nice@1.1.1 want: 1.1.1
3572 silly placeDep ROOT nanoid@3.3.12 OK for: postcss@8.5.15 want: ^3.3.12
3573 silly placeDep ROOT source-map-js@1.2.1 OK for: postcss@8.5.15 want: ^1.2.1
3574 silly placeDep ROOT err-code@2.0.3 OK for: promise-retry@2.0.1 want: ^2.0.2
3575 silly placeDep ROOT retry@0.12.0 OK for: promise-retry@2.0.1 want: ^0.12.0
3576 silly placeDep ROOT forwarded@0.2.0 OK for: proxy-addr@2.0.7 want: 0.2.0
3577 silly placeDep ROOT ipaddr.js@1.9.1 OK for: proxy-addr@2.0.7 want: 1.9.1
3578 silly placeDep ROOT side-channel@1.1.1 OK for: qs@6.15.2 want: ^1.1.0
3579 silly fetch manifest object-inspect@^1.13.4
3580 silly packumentCache full:https://registry.npmjs.org/object-inspect cache-miss
3581 silly fetch manifest side-channel-list@^1.0.1
3582 silly packumentCache full:https://registry.npmjs.org/side-channel-list cache-miss
3583 silly fetch manifest side-channel-map@^1.0.1
3584 silly packumentCache full:https://registry.npmjs.org/side-channel-map cache-miss
3585 silly fetch manifest side-channel-weakmap@^1.0.2
3586 silly packumentCache full:https://registry.npmjs.org/side-channel-weakmap cache-miss
3587 http fetch GET 200 https://registry.npmjs.org/side-channel-list 62ms (cache miss)
3588 silly packumentCache full:https://registry.npmjs.org/side-channel-list set size:undefined disposed:false
3589 http fetch GET 200 https://registry.npmjs.org/object-inspect 122ms (cache miss)
3590 silly packumentCache full:https://registry.npmjs.org/object-inspect set size:undefined disposed:false
3591 http fetch GET 200 https://registry.npmjs.org/side-channel-map 137ms (cache miss)
3592 silly packumentCache full:https://registry.npmjs.org/side-channel-map set size:undefined disposed:false
3593 http fetch GET 200 https://registry.npmjs.org/side-channel-weakmap 239ms (cache miss)
3594 silly packumentCache full:https://registry.npmjs.org/side-channel-weakmap set size:undefined disposed:false
3595 silly placeDep ROOT unpipe@1.0.0 OK for: raw-body@3.0.2 want: ~1.0.0
3596 silly placeDep ROOT is-core-module@2.16.2 OK for: resolve@1.22.10 want: ^2.16.0
3597 silly placeDep ROOT path-parse@1.0.7 OK for: resolve@1.22.10 want: ^1.0.7
3598 silly placeDep ROOT supports-preserve-symlinks-flag@1.0.0 OK for: resolve@1.22.10 want: ^1.0.0
3599 silly placeDep ROOT onetime@7.0.0 OK for: restore-cursor@5.1.0 want: ^7.0.0
3600 silly fetch manifest mimic-function@^5.0.0
3601 silly packumentCache full:https://registry.npmjs.org/mimic-function cache-miss
3602 http fetch GET 200 https://registry.npmjs.org/mimic-function 137ms (cache miss)
3603 silly packumentCache full:https://registry.npmjs.org/mimic-function set size:undefined disposed:false
3604 silly placeDep ROOT mimic-function@5.0.1 OK for: onetime@7.0.0 want: ^5.0.0
3605 silly placeDep ROOT @rollup/rollup-android-arm-eabi@4.59.0 OK for: rollup@4.59.0 want: 4.59.0
3606 silly placeDep ROOT @rollup/rollup-android-arm64@4.59.0 OK for: rollup@4.59.0 want: 4.59.0
3607 silly placeDep ROOT @rollup/rollup-darwin-arm64@4.59.0 OK for: rollup@4.59.0 want: 4.59.0
3608 silly placeDep ROOT @rollup/rollup-darwin-x64@4.59.0 OK for: rollup@4.59.0 want: 4.59.0
3609 silly placeDep ROOT @rollup/rollup-freebsd-arm64@4.59.0 OK for: rollup@4.59.0 want: 4.59.0
3610 silly placeDep ROOT @rollup/rollup-freebsd-x64@4.59.0 OK for: rollup@4.59.0 want: 4.59.0
3611 silly placeDep ROOT @rollup/rollup-linux-arm-gnueabihf@4.59.0 OK for: rollup@4.59.0 want: 4.59.0
3612 silly placeDep ROOT @rollup/rollup-linux-arm-musleabihf@4.59.0 OK for: rollup@4.59.0 want: 4.59.0
3613 silly placeDep ROOT @rollup/rollup-linux-arm64-gnu@4.59.0 OK for: rollup@4.59.0 want: 4.59.0
3614 silly placeDep ROOT @rollup/rollup-linux-arm64-musl@4.59.0 OK for: rollup@4.59.0 want: 4.59.0
3615 silly placeDep ROOT @rollup/rollup-linux-loong64-gnu@4.59.0 OK for: rollup@4.59.0 want: 4.59.0
3616 silly placeDep ROOT @rollup/rollup-linux-loong64-musl@4.59.0 OK for: rollup@4.59.0 want: 4.59.0
3617 silly placeDep ROOT @rollup/rollup-linux-ppc64-gnu@4.59.0 OK for: rollup@4.59.0 want: 4.59.0
3618 silly placeDep ROOT @rollup/rollup-linux-ppc64-musl@4.59.0 OK for: rollup@4.59.0 want: 4.59.0
3619 silly placeDep ROOT @rollup/rollup-linux-riscv64-gnu@4.59.0 OK for: rollup@4.59.0 want: 4.59.0
3620 silly placeDep ROOT @rollup/rollup-linux-riscv64-musl@4.59.0 OK for: rollup@4.59.0 want: 4.59.0
3621 silly placeDep ROOT @rollup/rollup-linux-s390x-gnu@4.59.0 OK for: rollup@4.59.0 want: 4.59.0
3622 silly placeDep ROOT @rollup/rollup-linux-x64-gnu@4.59.0 OK for: rollup@4.59.0 want: 4.59.0
3623 silly placeDep ROOT @rollup/rollup-linux-x64-musl@4.59.0 OK for: rollup@4.59.0 want: 4.59.0
3624 silly placeDep ROOT @rollup/rollup-openbsd-x64@4.59.0 OK for: rollup@4.59.0 want: 4.59.0
3625 silly placeDep ROOT @rollup/rollup-openharmony-arm64@4.59.0 OK for: rollup@4.59.0 want: 4.59.0
3626 silly placeDep ROOT @rollup/rollup-win32-arm64-msvc@4.59.0 OK for: rollup@4.59.0 want: 4.59.0
3627 silly placeDep ROOT @rollup/rollup-win32-ia32-msvc@4.59.0 OK for: rollup@4.59.0 want: 4.59.0
3628 silly placeDep ROOT @rollup/rollup-win32-x64-gnu@4.59.0 OK for: rollup@4.59.0 want: 4.59.0
3629 silly placeDep ROOT @rollup/rollup-win32-x64-msvc@4.59.0 OK for: rollup@4.59.0 want: 4.59.0
3630 silly placeDep node_modules/rollup @types/estree@1.0.8 OK for: rollup@4.59.0 want: 1.0.8
3631 silly placeDep ROOT fsevents@2.3.3 OK for: rollup@4.59.0 want: ~2.3.2
3632 silly placeDep ROOT is-promise@4.0.0 OK for: router@2.2.0 want: ^4.0.0
3633 silly placeDep ROOT path-to-regexp@8.4.2 OK for: router@2.2.0 want: ^8.0.0
3634 silly placeDep ROOT is-regex@1.2.1 OK for: safe-regex-test@1.1.0 want: ^1.2.1
3635 silly fetch manifest has-tostringtag@^1.0.2
3636 silly packumentCache full:https://registry.npmjs.org/has-tostringtag cache-miss
3637 http fetch GET 200 https://registry.npmjs.org/has-tostringtag 110ms (cache miss)
3638 silly packumentCache full:https://registry.npmjs.org/has-tostringtag set size:undefined disposed:false
3639 silly placeDep ROOT has-tostringtag@1.0.2 OK for: is-regex@1.2.1 want: ^1.0.2
3640 silly placeDep ROOT @parcel/watcher@2.5.6 OK for: sass@1.90.0 want: ^2.4.1
3641 silly placeDep ROOT immutable@5.1.6 OK for: sass@1.90.0 want: ^5.0.2
3642 silly fetch manifest node-addon-api@^7.0.0
3643 silly packumentCache full:https://registry.npmjs.org/node-addon-api cache-hit
3644 silly fetch manifest @parcel/watcher-darwin-x64@2.5.6
3645 silly packumentCache full:https://registry.npmjs.org/@parcel%2fwatcher-darwin-x64 cache-miss
3646 silly fetch manifest @parcel/watcher-darwin-arm64@2.5.6
3647 silly packumentCache full:https://registry.npmjs.org/@parcel%2fwatcher-darwin-arm64 cache-miss
3648 silly fetch manifest @parcel/watcher-win32-x64@2.5.6
3649 silly packumentCache full:https://registry.npmjs.org/@parcel%2fwatcher-win32-x64 cache-miss
3650 silly fetch manifest @parcel/watcher-win32-arm64@2.5.6
3651 silly packumentCache full:https://registry.npmjs.org/@parcel%2fwatcher-win32-arm64 cache-miss
3652 silly fetch manifest @parcel/watcher-win32-ia32@2.5.6
3653 silly packumentCache full:https://registry.npmjs.org/@parcel%2fwatcher-win32-ia32 cache-miss
3654 silly fetch manifest @parcel/watcher-linux-x64-glibc@2.5.6
3655 silly packumentCache full:https://registry.npmjs.org/@parcel%2fwatcher-linux-x64-glibc cache-miss
3656 silly fetch manifest @parcel/watcher-linux-x64-musl@2.5.6
3657 silly packumentCache full:https://registry.npmjs.org/@parcel%2fwatcher-linux-x64-musl cache-miss
3658 http fetch GET 200 https://registry.npmjs.org/@parcel%2fwatcher-darwin-arm64 132ms (cache miss)
3659 silly packumentCache full:https://registry.npmjs.org/@parcel%2fwatcher-darwin-arm64 set size:undefined disposed:false
3660 silly fetch manifest @parcel/watcher-linux-arm64-glibc@2.5.6
3661 silly packumentCache full:https://registry.npmjs.org/@parcel%2fwatcher-linux-arm64-glibc cache-miss
3662 http fetch GET 200 https://registry.npmjs.org/@parcel%2fwatcher-linux-x64-musl 165ms (cache miss)
3663 silly packumentCache full:https://registry.npmjs.org/@parcel%2fwatcher-linux-x64-musl set size:undefined disposed:false
3664 silly fetch manifest @parcel/watcher-linux-arm64-musl@2.5.6
3665 silly packumentCache full:https://registry.npmjs.org/@parcel%2fwatcher-linux-arm64-musl cache-miss
3666 http fetch GET 200 https://registry.npmjs.org/@parcel%2fwatcher-win32-x64 169ms (cache miss)
3667 silly packumentCache full:https://registry.npmjs.org/@parcel%2fwatcher-win32-x64 set size:undefined disposed:false
3668 silly fetch manifest @parcel/watcher-linux-arm-glibc@2.5.6
3669 silly packumentCache full:https://registry.npmjs.org/@parcel%2fwatcher-linux-arm-glibc cache-miss
3670 http fetch GET 200 https://registry.npmjs.org/@parcel%2fwatcher-linux-x64-glibc 176ms (cache miss)
3671 silly packumentCache full:https://registry.npmjs.org/@parcel%2fwatcher-linux-x64-glibc set size:undefined disposed:false
3672 silly fetch manifest @parcel/watcher-linux-arm-musl@2.5.6
3673 silly packumentCache full:https://registry.npmjs.org/@parcel%2fwatcher-linux-arm-musl cache-miss
3674 http fetch GET 200 https://registry.npmjs.org/@parcel%2fwatcher-linux-arm64-musl 159ms (cache miss)
3675 silly packumentCache full:https://registry.npmjs.org/@parcel%2fwatcher-linux-arm64-musl set size:undefined disposed:false
3676 silly fetch manifest @parcel/watcher-android-arm64@2.5.6
3677 silly packumentCache full:https://registry.npmjs.org/@parcel%2fwatcher-android-arm64 cache-miss
3678 http fetch GET 200 https://registry.npmjs.org/@parcel%2fwatcher-darwin-x64 374ms (cache miss)
3679 silly packumentCache full:https://registry.npmjs.org/@parcel%2fwatcher-darwin-x64 set size:undefined disposed:false
3680 silly fetch manifest @parcel/watcher-freebsd-x64@2.5.6
3681 silly packumentCache full:https://registry.npmjs.org/@parcel%2fwatcher-freebsd-x64 cache-miss
3682 http fetch GET 200 https://registry.npmjs.org/@parcel%2fwatcher-win32-arm64 384ms (cache miss)
3683 silly packumentCache full:https://registry.npmjs.org/@parcel%2fwatcher-win32-arm64 set size:undefined disposed:false
3684 http fetch GET 200 https://registry.npmjs.org/@parcel%2fwatcher-linux-arm-glibc 254ms (cache miss)
3685 silly packumentCache full:https://registry.npmjs.org/@parcel%2fwatcher-linux-arm-glibc set size:undefined disposed:false
3686 http fetch GET 200 https://registry.npmjs.org/@parcel%2fwatcher-linux-arm-musl 286ms (cache miss)
3687 silly packumentCache full:https://registry.npmjs.org/@parcel%2fwatcher-linux-arm-musl set size:undefined disposed:false
3688 http fetch GET 200 https://registry.npmjs.org/@parcel%2fwatcher-android-arm64 139ms (cache miss)
3689 silly packumentCache full:https://registry.npmjs.org/@parcel%2fwatcher-android-arm64 set size:undefined disposed:false
3690 http fetch GET 200 https://registry.npmjs.org/@parcel%2fwatcher-freebsd-x64 239ms (cache miss)
3691 silly packumentCache full:https://registry.npmjs.org/@parcel%2fwatcher-freebsd-x64 set size:undefined disposed:false
3692 http fetch GET 200 https://registry.npmjs.org/@parcel%2fwatcher-win32-ia32 5420ms (cache miss)
3693 silly packumentCache full:https://registry.npmjs.org/@parcel%2fwatcher-win32-ia32 set size:undefined disposed:false
3694 http fetch GET 200 https://registry.npmjs.org/@parcel%2fwatcher-linux-arm64-glibc 7642ms (cache miss)
3695 silly packumentCache full:https://registry.npmjs.org/@parcel%2fwatcher-linux-arm64-glibc set size:undefined disposed:false
3696 silly placeDep ROOT @parcel/watcher-android-arm64@2.5.6 OK for: @parcel/watcher@2.5.6 want: 2.5.6
3697 silly placeDep ROOT @parcel/watcher-darwin-arm64@2.5.6 OK for: @parcel/watcher@2.5.6 want: 2.5.6
3698 silly placeDep ROOT @parcel/watcher-darwin-x64@2.5.6 OK for: @parcel/watcher@2.5.6 want: 2.5.6
3699 silly placeDep ROOT @parcel/watcher-freebsd-x64@2.5.6 OK for: @parcel/watcher@2.5.6 want: 2.5.6
3700 silly placeDep ROOT @parcel/watcher-linux-arm-glibc@2.5.6 OK for: @parcel/watcher@2.5.6 want: 2.5.6
3701 silly placeDep ROOT @parcel/watcher-linux-arm-musl@2.5.6 OK for: @parcel/watcher@2.5.6 want: 2.5.6
3702 silly placeDep ROOT @parcel/watcher-linux-arm64-glibc@2.5.6 OK for: @parcel/watcher@2.5.6 want: 2.5.6
3703 silly placeDep ROOT @parcel/watcher-linux-arm64-musl@2.5.6 OK for: @parcel/watcher@2.5.6 want: 2.5.6
3704 silly placeDep ROOT @parcel/watcher-linux-x64-glibc@2.5.6 OK for: @parcel/watcher@2.5.6 want: 2.5.6
3705 silly placeDep ROOT @parcel/watcher-linux-x64-musl@2.5.6 OK for: @parcel/watcher@2.5.6 want: 2.5.6
3706 silly placeDep ROOT @parcel/watcher-win32-arm64@2.5.6 OK for: @parcel/watcher@2.5.6 want: 2.5.6
3707 silly placeDep ROOT @parcel/watcher-win32-ia32@2.5.6 OK for: @parcel/watcher@2.5.6 want: 2.5.6
3708 silly placeDep ROOT @parcel/watcher-win32-x64@2.5.6 OK for: @parcel/watcher@2.5.6 want: 2.5.6
3709 silly placeDep node_modules/@parcel/watcher node-addon-api@7.1.1 OK for: @parcel/watcher@2.5.6 want: ^7.0.0
3710 silly placeDep ROOT shebang-regex@3.0.0 OK for: shebang-command@2.0.0 want: ^3.0.0
3711 silly placeDep ROOT object-inspect@1.13.4 OK for: side-channel@1.1.1 want: ^1.13.4
3712 silly placeDep ROOT side-channel-list@1.0.1 OK for: side-channel@1.1.1 want: ^1.0.1
3713 silly placeDep ROOT side-channel-map@1.0.1 OK for: side-channel@1.1.1 want: ^1.0.1
3714 silly placeDep ROOT side-channel-weakmap@1.0.2 OK for: side-channel@1.1.1 want: ^1.0.2
3715 silly placeDep ROOT @sigstore/bundle@4.0.0 OK for: sigstore@4.1.1 want: ^4.0.0
3716 silly placeDep ROOT @sigstore/core@3.2.1 OK for: sigstore@4.1.1 want: ^3.2.1
3717 silly placeDep ROOT @sigstore/protobuf-specs@0.5.1 OK for: sigstore@4.1.1 want: ^0.5.0
3718 silly placeDep ROOT @sigstore/sign@4.1.1 OK for: sigstore@4.1.1 want: ^4.1.1
3719 silly placeDep ROOT @sigstore/tuf@4.0.2 OK for: sigstore@4.1.1 want: ^4.0.2
3720 silly placeDep ROOT @sigstore/verify@3.1.1 OK for: sigstore@4.1.1 want: ^3.1.1
3721 silly fetch manifest proc-log@^6.1.0
3722 silly packumentCache full:https://registry.npmjs.org/proc-log cache-hit
3723 silly fetch manifest tuf-js@^4.1.0
3724 silly packumentCache full:https://registry.npmjs.org/tuf-js cache-miss
3725 http fetch GET 200 https://registry.npmjs.org/tuf-js 271ms (cache miss)
3726 silly packumentCache full:https://registry.npmjs.org/tuf-js set size:undefined disposed:false
3727 silly placeDep node_modules/@sigstore/sign proc-log@6.1.0 OK for: @sigstore/sign@4.1.1 want: ^6.1.0
3728 silly placeDep ROOT tuf-js@4.1.0 OK for: @sigstore/tuf@4.0.2 want: ^4.1.0
3729 silly fetch manifest @tufjs/models@4.1.0
3730 silly packumentCache full:https://registry.npmjs.org/@tufjs%2fmodels cache-miss
3731 http fetch GET 200 https://registry.npmjs.org/@tufjs%2fmodels 454ms (cache miss)
3732 silly packumentCache full:https://registry.npmjs.org/@tufjs%2fmodels set size:undefined disposed:false
3733 silly placeDep node_modules/slice-ansi ansi-styles@6.2.3 OK for: slice-ansi@5.0.0 want: ^6.0.0
3734 silly placeDep ROOT is-fullwidth-code-point@4.0.0 OK for: slice-ansi@5.0.0 want: ^4.0.0
3735 silly placeDep node_modules/socket.io accepts@1.3.8 OK for: socket.io@4.8.3 want: ~1.3.4
3736 silly placeDep ROOT base64id@2.0.0 OK for: socket.io@4.8.3 want: ~2.0.0
3737 silly placeDep ROOT engine.io@6.6.8 OK for: socket.io@4.8.3 want: ~6.6.0
3738 silly placeDep ROOT socket.io-adapter@2.5.7 OK for: socket.io@4.8.3 want: ~2.5.2
3739 silly placeDep ROOT socket.io-parser@4.2.6 OK for: socket.io@4.8.3 want: ~4.2.4
3740 silly fetch manifest mime-types@~2.1.34
3741 silly packumentCache full:https://registry.npmjs.org/mime-types cache-hit
3742 silly fetch manifest negotiator@0.6.3
3743 silly packumentCache full:https://registry.npmjs.org/negotiator cache-hit
3744 silly fetch manifest @types/cors@^2.8.12
3745 silly packumentCache full:https://registry.npmjs.org/@types%2fcors cache-miss
3746 silly fetch manifest @types/ws@^8.5.12
3747 silly packumentCache full:https://registry.npmjs.org/@types%2fws cache-miss
3748 silly fetch manifest engine.io-parser@~5.2.1
3749 silly packumentCache full:https://registry.npmjs.org/engine.io-parser cache-miss
3750 silly fetch manifest ws@~8.20.1
3751 silly packumentCache full:https://registry.npmjs.org/ws cache-miss
3752 silly fetch manifest ws@~8.20.1
3753 silly packumentCache full:https://registry.npmjs.org/ws cache-miss
3754 silly fetch manifest @socket.io/component-emitter@~3.1.0
3755 silly packumentCache full:https://registry.npmjs.org/@socket.io%2fcomponent-emitter cache-miss
3756 http fetch GET 200 https://registry.npmjs.org/engine.io-parser 334ms (cache miss)
3757 silly packumentCache full:https://registry.npmjs.org/engine.io-parser set size:undefined disposed:false
3758 http fetch GET 200 https://registry.npmjs.org/ws 345ms (cache miss)
3759 silly packumentCache full:https://registry.npmjs.org/ws set size:undefined disposed:false
3760 http fetch GET 200 https://registry.npmjs.org/ws 352ms (cache miss)
3761 silly packumentCache full:https://registry.npmjs.org/ws set size:undefined disposed:false
3762 http fetch GET 200 https://registry.npmjs.org/@types%2fws 360ms (cache miss)
3763 silly packumentCache full:https://registry.npmjs.org/@types%2fws set size:undefined disposed:false
3764 http fetch GET 200 https://registry.npmjs.org/@socket.io%2fcomponent-emitter 584ms (cache miss)
3765 silly packumentCache full:https://registry.npmjs.org/@socket.io%2fcomponent-emitter set size:undefined disposed:false
3766 http fetch GET 200 https://registry.npmjs.org/@types%2fcors 1690ms (cache miss)
3767 silly packumentCache full:https://registry.npmjs.org/@types%2fcors set size:undefined disposed:false
3768 silly fetch manifest bufferutil@^4.0.1
3769 silly packumentCache full:https://registry.npmjs.org/bufferutil cache-miss
3770 http fetch GET 200 https://registry.npmjs.org/bufferutil 278ms (cache miss)
3771 silly packumentCache full:https://registry.npmjs.org/bufferutil set size:undefined disposed:false
3772 silly fetch manifest utf-8-validate@>=5.0.2
3773 silly packumentCache full:https://registry.npmjs.org/utf-8-validate cache-miss
3774 http fetch GET 200 https://registry.npmjs.org/utf-8-validate 632ms (cache miss)
3775 silly packumentCache full:https://registry.npmjs.org/utf-8-validate set size:undefined disposed:false
3776 silly placeDep ROOT @types/cors@2.8.19 OK for: engine.io@6.6.8 want: ^2.8.12
3777 silly placeDep ROOT @types/ws@8.18.1 OK for: engine.io@6.6.8 want: ^8.5.12
3778 silly placeDep node_modules/engine.io accepts@1.3.8 OK for: engine.io@6.6.8 want: ~1.3.4
3779 silly placeDep ROOT engine.io-parser@5.2.3 OK for: engine.io@6.6.8 want: ~5.2.1
3780 silly placeDep ROOT ws@8.20.1 OK for: engine.io@6.6.8 want: ~8.20.1
3781 silly placeDep ROOT @socket.io/component-emitter@3.1.2 OK for: socket.io-parser@4.2.6 want: ~3.1.0
3782 silly placeDep ROOT socks@2.8.9 OK for: socks-proxy-agent@8.0.5 want: ^2.8.3
3783 silly fetch manifest smart-buffer@^4.2.0
3784 silly packumentCache full:https://registry.npmjs.org/smart-buffer cache-miss
3785 http fetch GET 200 https://registry.npmjs.org/smart-buffer 266ms (cache miss)
3786 silly packumentCache full:https://registry.npmjs.org/smart-buffer set size:undefined disposed:false
3787 silly placeDep ROOT smart-buffer@4.2.0 OK for: socks@2.8.9 want: ^4.2.0
3788 silly placeDep ROOT buffer-from@1.1.2 OK for: source-map-support@0.5.21 want: ^1.0.0
3789 silly placeDep node_modules/source-map-support source-map@0.6.1 OK for: source-map-support@0.5.21 want: ^0.6.0
3790 silly placeDep ROOT spdx-exceptions@2.5.0 OK for: spdx-expression-parse@4.0.0 want: ^2.1.0
3791 silly placeDep ROOT spdx-license-ids@3.0.23 OK for: spdx-expression-parse@4.0.0 want: ^3.0.0
3792 silly placeDep ROOT fs-extra@8.1.0 OK for: streamroller@3.1.5 want: ^8.1.0
3793 silly fetch manifest jsonfile@^4.0.0
3794 silly packumentCache full:https://registry.npmjs.org/jsonfile cache-miss
3795 silly fetch manifest universalify@^0.1.0
3796 silly packumentCache full:https://registry.npmjs.org/universalify cache-miss
3797 http fetch GET 200 https://registry.npmjs.org/jsonfile 205ms (cache miss)
3798 silly packumentCache full:https://registry.npmjs.org/jsonfile set size:undefined disposed:false
3799 http fetch GET 200 https://registry.npmjs.org/universalify 216ms (cache miss)
3800 silly packumentCache full:https://registry.npmjs.org/universalify set size:undefined disposed:false
3801 silly placeDep ROOT jsonfile@4.0.0 OK for: fs-extra@8.1.0 want: ^4.0.0
3802 silly placeDep ROOT universalify@0.1.2 OK for: fs-extra@8.1.0 want: ^0.1.0
3803 silly placeDep ROOT emoji-regex@10.6.0 OK for: string-width@7.2.0 want: ^10.3.0
3804 silly placeDep ROOT get-east-asian-width@1.6.0 OK for: string-width@7.2.0 want: ^1.0.0
3805 silly placeDep ROOT ansi-regex@6.2.2 OK for: strip-ansi@7.2.0 want: ^6.2.2
3806 silly placeDep ROOT has-flag@4.0.0 OK for: supports-color@7.2.0 want: ^4.0.0
3807 silly placeDep ROOT @isaacs/fs-minipass@4.0.1 OK for: tar@7.5.16 want: ^4.0.0
3808 silly placeDep ROOT chownr@3.0.0 OK for: tar@7.5.16 want: ^3.0.0
3809 silly placeDep node_modules/tar yallist@5.0.0 OK for: tar@7.5.16 want: ^5.0.0
3810 silly fetch manifest picomatch@^4.0.2
3811 silly packumentCache full:https://registry.npmjs.org/picomatch cache-hit
3812 silly placeDep ROOT fdir@6.5.0 OK for: tinyglobby@0.2.14 want: ^6.4.4
3813 silly placeDep ROOT is-number@7.0.0 OK for: to-regex-range@5.0.1 want: ^7.0.0
3814 silly placeDep ROOT @tufjs/models@4.1.0 OK for: tuf-js@4.1.0 want: 4.1.0
3815 silly fetch manifest @tufjs/canonical-json@2.0.0
3816 silly packumentCache full:https://registry.npmjs.org/@tufjs%2fcanonical-json cache-miss
3817 http fetch GET 200 https://registry.npmjs.org/@tufjs%2fcanonical-json 380ms (cache miss)
3818 silly packumentCache full:https://registry.npmjs.org/@tufjs%2fcanonical-json set size:undefined disposed:false
3819 silly placeDep ROOT @tufjs/canonical-json@2.0.0 OK for: @tufjs/models@4.1.0 want: 2.0.0
3820 silly placeDep node_modules/type-is content-type@2.0.0 OK for: type-is@2.1.0 want: ^2.0.0
3821 silly placeDep ROOT media-typer@1.1.0 OK for: type-is@2.1.0 want: ^1.1.0
3822 silly fetch manifest typescript@>=4.8.4 <6.0.0
3823 silly packumentCache full:https://registry.npmjs.org/typescript cache-miss
3824 http cache https://registry.npmjs.org/typescript 26ms (cache hit)
3825 silly packumentCache full:https://registry.npmjs.org/typescript set size:15409943 disposed:false
3826 silly placeDep ROOT @typescript-eslint/eslint-plugin@8.46.4 OK for: typescript-eslint@8.46.4 want: 8.46.4
3827 silly placeDep ROOT @typescript-eslint/parser@8.46.4 OK for: @typescript-eslint/eslint-plugin@8.46.4 want: ^8.46.4
3828 silly placeDep node_modules/typescript-eslint @typescript-eslint/typescript-estree@8.46.4 OK for: typescript-eslint@8.46.4 want: 8.46.4
3829 silly placeDep node_modules/typescript-eslint @typescript-eslint/utils@8.46.4 OK for: typescript-eslint@8.46.4 want: 8.46.4
3830 silly fetch manifest graphemer@^1.4.0
3831 silly packumentCache full:https://registry.npmjs.org/graphemer cache-miss
3832 silly fetch manifest @typescript-eslint/type-utils@8.46.4
3833 silly packumentCache full:https://registry.npmjs.org/@typescript-eslint%2ftype-utils cache-miss
3834 silly fetch manifest @typescript-eslint/visitor-keys@8.46.4
3835 silly packumentCache full:https://registry.npmjs.org/@typescript-eslint%2fvisitor-keys cache-miss
3836 silly fetch manifest @typescript-eslint/scope-manager@8.46.4
3837 silly packumentCache full:https://registry.npmjs.org/@typescript-eslint%2fscope-manager cache-miss
3838 silly fetch manifest @typescript-eslint/types@8.46.4
3839 silly packumentCache full:https://registry.npmjs.org/@typescript-eslint%2ftypes cache-miss
3840 silly fetch manifest @typescript-eslint/visitor-keys@8.46.4
3841 silly packumentCache full:https://registry.npmjs.org/@typescript-eslint%2fvisitor-keys cache-miss
3842 silly fetch manifest @typescript-eslint/scope-manager@8.46.4
3843 silly packumentCache full:https://registry.npmjs.org/@typescript-eslint%2fscope-manager cache-miss
3844 http cache https://registry.npmjs.org/@typescript-eslint%2fvisitor-keys 15ms (cache hit)
3845 silly packumentCache full:https://registry.npmjs.org/@typescript-eslint%2fvisitor-keys set size:11923990 disposed:false
3846 silly fetch manifest fast-glob@^3.3.2
3847 silly packumentCache full:https://registry.npmjs.org/fast-glob cache-miss
3848 http cache https://registry.npmjs.org/@typescript-eslint%2ftypes 57ms (cache hit)
3849 silly packumentCache full:https://registry.npmjs.org/@typescript-eslint%2ftypes set size:12343481 disposed:false
3850 silly fetch manifest minimatch@^9.0.4
3851 silly packumentCache full:https://registry.npmjs.org/minimatch cache-hit
3852 silly fetch manifest @typescript-eslint/tsconfig-utils@8.46.4
3853 silly packumentCache full:https://registry.npmjs.org/@typescript-eslint%2ftsconfig-utils cache-miss
3854 http cache https://registry.npmjs.org/@typescript-eslint%2fscope-manager 108ms (cache hit)
3855 silly packumentCache full:https://registry.npmjs.org/@typescript-eslint%2fscope-manager set size:12529202 disposed:false
3856 silly fetch manifest @typescript-eslint/project-service@8.46.4
3857 silly packumentCache full:https://registry.npmjs.org/@typescript-eslint%2fproject-service cache-miss
3858 http cache https://registry.npmjs.org/@typescript-eslint%2fvisitor-keys 175ms (cache hit)
3859 silly packumentCache full:https://registry.npmjs.org/@typescript-eslint%2fvisitor-keys set size:11923990 disposed:false
3860 http cache https://registry.npmjs.org/@typescript-eslint%2fscope-manager 217ms (cache hit)
3861 silly packumentCache full:https://registry.npmjs.org/@typescript-eslint%2fscope-manager set size:12529202 disposed:false
3862 http cache https://registry.npmjs.org/@typescript-eslint%2ftsconfig-utils 161ms (cache hit)
3863 silly packumentCache full:https://registry.npmjs.org/@typescript-eslint%2ftsconfig-utils set size:1336174 disposed:false
3864 http cache https://registry.npmjs.org/@typescript-eslint%2fproject-service 99ms (cache hit)
3865 silly packumentCache full:https://registry.npmjs.org/@typescript-eslint%2fproject-service set size:1419586 disposed:false
3866 http fetch GET 200 https://registry.npmjs.org/graphemer 514ms (cache miss)
3867 silly packumentCache full:https://registry.npmjs.org/graphemer set size:undefined disposed:false
3868 http fetch GET 200 https://registry.npmjs.org/fast-glob 628ms (cache miss)
3869 silly packumentCache full:https://registry.npmjs.org/fast-glob set size:undefined disposed:false
3870 http fetch GET 200 https://registry.npmjs.org/@typescript-eslint%2ftype-utils 1962ms (cache miss)
3871 silly packumentCache full:https://registry.npmjs.org/@typescript-eslint%2ftype-utils set size:undefined disposed:false
3872 silly placeDep node_modules/@typescript-eslint/eslint-plugin @typescript-eslint/scope-manager@8.46.4 OK for: @typescript-eslint/eslint-plugin@8.46.4 want: 8.46.4
3873 silly placeDep ROOT @typescript-eslint/type-utils@8.46.4 OK for: @typescript-eslint/eslint-plugin@8.46.4 want: 8.46.4
3874 silly placeDep node_modules/@typescript-eslint/eslint-plugin @typescript-eslint/utils@8.46.4 OK for: @typescript-eslint/eslint-plugin@8.46.4 want: 8.46.4
3875 silly placeDep node_modules/@typescript-eslint/eslint-plugin @typescript-eslint/visitor-keys@8.46.4 OK for: @typescript-eslint/eslint-plugin@8.46.4 want: 8.46.4
3876 silly placeDep ROOT graphemer@1.4.0 OK for: @typescript-eslint/eslint-plugin@8.46.4 want: ^1.4.0
3877 silly placeDep node_modules/@typescript-eslint/parser @typescript-eslint/scope-manager@8.46.4 OK for: @typescript-eslint/parser@8.46.4 want: 8.46.4
3878 silly placeDep node_modules/@typescript-eslint/parser @typescript-eslint/types@8.46.4 OK for: @typescript-eslint/parser@8.46.4 want: 8.46.4
3879 silly placeDep node_modules/@typescript-eslint/parser @typescript-eslint/typescript-estree@8.46.4 OK for: @typescript-eslint/parser@8.46.4 want: 8.46.4
3880 silly placeDep node_modules/@typescript-eslint/parser @typescript-eslint/visitor-keys@8.46.4 OK for: @typescript-eslint/parser@8.46.4 want: 8.46.4
3881 silly placeDep node_modules/@typescript-eslint/type-utils @typescript-eslint/types@8.46.4 OK for: @typescript-eslint/type-utils@8.46.4 want: 8.46.4
3882 silly placeDep node_modules/@typescript-eslint/type-utils @typescript-eslint/typescript-estree@8.46.4 OK for: @typescript-eslint/type-utils@8.46.4 want: 8.46.4
3883 silly placeDep node_modules/@typescript-eslint/type-utils @typescript-eslint/utils@8.46.4 OK for: @typescript-eslint/type-utils@8.46.4 want: 8.46.4
3884 silly placeDep node_modules/vite esbuild@0.27.7 OK for: vite@7.3.2 want: ^0.27.0
3885 silly placeDep node_modules/vite tinyglobby@0.2.17 OK for: vite@7.3.2 want: ^0.2.15
3886 silly fetch manifest @esbuild/aix-ppc64@0.27.7
3887 silly packumentCache full:https://registry.npmjs.org/@esbuild%2faix-ppc64 cache-hit
3888 silly fetch manifest @esbuild/linux-arm@0.27.7
3889 silly packumentCache full:https://registry.npmjs.org/@esbuild%2flinux-arm cache-hit
3890 silly fetch manifest @esbuild/linux-x64@0.27.7
3891 silly packumentCache full:https://registry.npmjs.org/@esbuild%2flinux-x64 cache-hit
3892 silly fetch manifest @esbuild/sunos-x64@0.27.7
3893 silly packumentCache full:https://registry.npmjs.org/@esbuild%2fsunos-x64 cache-hit
3894 silly fetch manifest @esbuild/win32-x64@0.27.7
3895 silly packumentCache full:https://registry.npmjs.org/@esbuild%2fwin32-x64 cache-hit
3896 silly fetch manifest @esbuild/darwin-x64@0.27.7
3897 silly packumentCache full:https://registry.npmjs.org/@esbuild%2fdarwin-x64 cache-hit
3898 silly fetch manifest @esbuild/linux-ia32@0.27.7
3899 silly packumentCache full:https://registry.npmjs.org/@esbuild%2flinux-ia32 cache-hit
3900 silly fetch manifest @esbuild/netbsd-x64@0.27.7
3901 silly packumentCache full:https://registry.npmjs.org/@esbuild%2fnetbsd-x64 cache-hit
3902 silly fetch manifest @esbuild/win32-ia32@0.27.7
3903 silly packumentCache full:https://registry.npmjs.org/@esbuild%2fwin32-ia32 cache-hit
3904 silly fetch manifest @esbuild/android-arm@0.27.7
3905 silly packumentCache full:https://registry.npmjs.org/@esbuild%2fandroid-arm cache-hit
3906 silly fetch manifest @esbuild/android-x64@0.27.7
3907 silly packumentCache full:https://registry.npmjs.org/@esbuild%2fandroid-x64 cache-hit
3908 silly fetch manifest @esbuild/freebsd-x64@0.27.7
3909 silly packumentCache full:https://registry.npmjs.org/@esbuild%2ffreebsd-x64 cache-hit
3910 silly fetch manifest @esbuild/linux-arm64@0.27.7
3911 silly packumentCache full:https://registry.npmjs.org/@esbuild%2flinux-arm64 cache-hit
3912 silly fetch manifest @esbuild/linux-ppc64@0.27.7
3913 silly packumentCache full:https://registry.npmjs.org/@esbuild%2flinux-ppc64 cache-hit
3914 silly fetch manifest @esbuild/linux-s390x@0.27.7
3915 silly packumentCache full:https://registry.npmjs.org/@esbuild%2flinux-s390x cache-hit
3916 silly fetch manifest @esbuild/openbsd-x64@0.27.7
3917 silly packumentCache full:https://registry.npmjs.org/@esbuild%2fopenbsd-x64 cache-hit
3918 silly fetch manifest @esbuild/win32-arm64@0.27.7
3919 silly packumentCache full:https://registry.npmjs.org/@esbuild%2fwin32-arm64 cache-hit
3920 silly fetch manifest @esbuild/darwin-arm64@0.27.7
3921 silly packumentCache full:https://registry.npmjs.org/@esbuild%2fdarwin-arm64 cache-hit
3922 silly fetch manifest @esbuild/netbsd-arm64@0.27.7
3923 silly packumentCache full:https://registry.npmjs.org/@esbuild%2fnetbsd-arm64 cache-hit
3924 silly fetch manifest @esbuild/android-arm64@0.27.7
3925 silly packumentCache full:https://registry.npmjs.org/@esbuild%2fandroid-arm64 cache-hit
3926 silly fetch manifest @esbuild/freebsd-arm64@0.27.7
3927 silly packumentCache full:https://registry.npmjs.org/@esbuild%2ffreebsd-arm64 cache-hit
3928 silly fetch manifest @esbuild/linux-loong64@0.27.7
3929 silly packumentCache full:https://registry.npmjs.org/@esbuild%2flinux-loong64 cache-hit
3930 silly fetch manifest @esbuild/linux-riscv64@0.27.7
3931 silly packumentCache full:https://registry.npmjs.org/@esbuild%2flinux-riscv64 cache-hit
3932 silly fetch manifest @esbuild/openbsd-arm64@0.27.7
3933 silly packumentCache full:https://registry.npmjs.org/@esbuild%2fopenbsd-arm64 cache-hit
3934 silly fetch manifest @esbuild/linux-mips64el@0.27.7
3935 silly packumentCache full:https://registry.npmjs.org/@esbuild%2flinux-mips64el cache-hit
3936 silly fetch manifest @esbuild/openharmony-arm64@0.27.7
3937 silly packumentCache full:https://registry.npmjs.org/@esbuild%2fopenharmony-arm64 cache-hit
3938 silly placeDep ROOT glob-to-regexp@0.4.1 OK for: watchpack@2.4.4 want: ^0.4.1
3939 silly placeDep ROOT isexe@2.0.0 OK for: which@2.0.2 want: ^2.0.0
3940 silly placeDep node_modules/wrap-ansi string-width@4.2.3 OK for: wrap-ansi@6.2.0 want: ^4.1.0
3941 silly placeDep node_modules/wrap-ansi strip-ansi@6.0.1 OK for: wrap-ansi@6.2.0 want: ^6.0.0
3942 silly fetch manifest strip-ansi@^6.0.1
3943 silly packumentCache full:https://registry.npmjs.org/strip-ansi cache-hit
3944 silly fetch manifest emoji-regex@^8.0.0
3945 silly packumentCache full:https://registry.npmjs.org/emoji-regex cache-miss
3946 silly fetch manifest is-fullwidth-code-point@^3.0.0
3947 silly packumentCache full:https://registry.npmjs.org/is-fullwidth-code-point cache-hit
3948 silly fetch manifest ansi-regex@^5.0.1
3949 silly packumentCache full:https://registry.npmjs.org/ansi-regex cache-miss
3950 http cache https://registry.npmjs.org/emoji-regex 3ms (cache hit)
3951 silly packumentCache full:https://registry.npmjs.org/emoji-regex set size:89064 disposed:false
3952 http cache https://registry.npmjs.org/ansi-regex 3ms (cache hit)
3953 silly packumentCache full:https://registry.npmjs.org/ansi-regex set size:43572 disposed:false
3954 silly placeDep ROOT cliui@9.0.1 OK for: yargs@18.0.0 want: ^9.0.1
3955 silly placeDep ROOT get-caller-file@2.0.5 OK for: yargs@18.0.0 want: ^2.0.5
3956 silly placeDep ROOT y18n@5.0.8 OK for: yargs@18.0.0 want: ^5.0.5
3957 silly placeDep ROOT yargs-parser@22.0.0 OK for: yargs@18.0.0 want: ^22.0.0
3958 silly placeDep node_modules/cliui wrap-ansi@9.0.2 OK for: cliui@9.0.1 want: ^9.0.0
3959 silly placeDep node_modules/@angular-eslint/builder readdirp@5.0.0 OK for: chokidar@5.0.0 want: ^5.0.0
3960 silly placeDep node_modules/@angular-eslint/schematics magic-string@0.30.21 OK for: @angular-devkit/schematics@21.2.15 want: 0.30.21
3961 silly placeDep node_modules/@angular-eslint/schematics ora@9.3.0 OK for: @angular-devkit/schematics@21.2.15 want: 9.3.0
3962 silly fetch manifest chalk@^5.6.2
3963 silly packumentCache full:https://registry.npmjs.org/chalk cache-hit
3964 silly fetch manifest log-symbols@^7.0.1
3965 silly packumentCache full:https://registry.npmjs.org/log-symbols cache-hit
3966 silly fetch manifest cli-spinners@^3.2.0
3967 silly packumentCache full:https://registry.npmjs.org/cli-spinners cache-hit
3968 silly fetch manifest string-width@^8.1.0
3969 silly packumentCache full:https://registry.npmjs.org/string-width cache-hit
3970 silly fetch manifest stdin-discarder@^0.3.1
3971 silly packumentCache full:https://registry.npmjs.org/stdin-discarder cache-hit
3972 silly placeDep node_modules/@angular-eslint/schematics readdirp@5.0.0 OK for: chokidar@5.0.0 want: ^5.0.0
3973 silly placeDep node_modules/@angular-eslint/schematics chalk@5.6.2 OK for: ora@9.3.0 want: ^5.6.2
3974 silly placeDep node_modules/@angular-eslint/schematics cli-spinners@3.4.0 OK for: ora@9.3.0 want: ^3.2.0
3975 silly placeDep node_modules/@angular-eslint/schematics log-symbols@7.0.1 OK for: ora@9.3.0 want: ^7.0.1
3976 silly placeDep node_modules/@angular-eslint/schematics stdin-discarder@0.3.2 OK for: ora@9.3.0 want: ^0.3.1
3977 silly placeDep node_modules/@angular-eslint/schematics string-width@8.2.1 OK for: ora@9.3.0 want: ^8.1.0
3978 silly fetch manifest yoctocolors@^2.1.1
3979 silly packumentCache full:https://registry.npmjs.org/yoctocolors cache-miss
3980 http fetch GET 200 https://registry.npmjs.org/yoctocolors 1443ms (cache miss)
3981 silly packumentCache full:https://registry.npmjs.org/yoctocolors set size:undefined disposed:false
3982 silly placeDep ROOT yoctocolors@2.1.2 OK for: log-symbols@7.0.1 want: ^2.1.1
3983 silly placeDep node_modules/@eslint/config-array brace-expansion@1.1.15 OK for: minimatch@3.1.5 want: ^1.1.7
3984 silly fetch manifest balanced-match@^1.0.0
3985 silly packumentCache full:https://registry.npmjs.org/balanced-match cache-miss
3986 silly fetch manifest concat-map@0.0.1
3987 silly packumentCache full:https://registry.npmjs.org/concat-map cache-miss
3988 http cache https://registry.npmjs.org/balanced-match 8ms (cache hit)
3989 silly packumentCache full:https://registry.npmjs.org/balanced-match set size:39082 disposed:false
3990 http fetch GET 200 https://registry.npmjs.org/concat-map 419ms (cache miss)
3991 silly packumentCache full:https://registry.npmjs.org/concat-map set size:undefined disposed:false
3992 silly placeDep node_modules/@eslint/config-array balanced-match@1.0.2 OK for: brace-expansion@1.1.15 want: ^1.0.0
3993 silly placeDep ROOT concat-map@0.0.1 OK for: brace-expansion@1.1.15 want: 0.0.1
3994 silly placeDep ROOT fast-json-stable-stringify@2.1.0 OK for: ajv@6.15.0 want: ^2.0.0
3995 silly placeDep node_modules/@eslint/eslintrc json-schema-traverse@0.4.1 OK for: ajv@6.15.0 want: ^0.4.1
3996 silly placeDep ROOT uri-js@4.4.1 OK for: ajv@6.15.0 want: ^4.2.2
3997 silly fetch manifest punycode@^2.1.0
3998 silly packumentCache full:https://registry.npmjs.org/punycode cache-miss
3999 http cache https://registry.npmjs.org/punycode 3ms (cache hit)
4000 silly packumentCache full:https://registry.npmjs.org/punycode set size:61278 disposed:false
4001 silly placeDep node_modules/uri-js punycode@2.3.1 OK for: uri-js@4.4.1 want: ^2.1.0
4002 silly placeDep node_modules/@eslint/eslintrc brace-expansion@1.1.15 OK for: minimatch@3.1.5 want: ^1.1.7
4003 silly placeDep node_modules/@eslint/eslintrc balanced-match@1.0.2 OK for: brace-expansion@1.1.15 want: ^1.0.0
4004 silly placeDep node_modules/@npmcli/git isexe@4.0.0 OK for: which@6.0.1 want: ^4.0.0
4005 silly placeDep ROOT path-scurry@2.0.2 OK for: glob@13.0.6 want: ^2.0.2
4006 silly fetch manifest lru-cache@^11.0.0
4007 silly packumentCache full:https://registry.npmjs.org/lru-cache cache-hit
4008 silly placeDep node_modules/path-scurry lru-cache@11.5.1 OK for: path-scurry@2.0.2 want: ^11.0.0
4009 silly placeDep node_modules/@npmcli/promise-spawn isexe@4.0.0 OK for: which@6.0.1 want: ^4.0.0
4010 silly placeDep node_modules/@typescript-eslint/eslint-plugin @typescript-eslint/types@8.46.4 OK for: @typescript-eslint/scope-manager@8.46.4 want: 8.46.4
4011 silly placeDep node_modules/@typescript-eslint/eslint-plugin @typescript-eslint/typescript-estree@8.46.4 OK for: @typescript-eslint/utils@8.46.4 want: 8.46.4
4012 silly placeDep node_modules/@typescript-eslint/eslint-plugin @typescript-eslint/project-service@8.46.4 OK for: @typescript-eslint/typescript-estree@8.46.4 want: 8.46.4
4013 silly placeDep node_modules/@typescript-eslint/eslint-plugin @typescript-eslint/tsconfig-utils@8.46.4 OK for: @typescript-eslint/typescript-estree@8.46.4 want: 8.46.4
4014 silly placeDep ROOT fast-glob@3.3.3 OK for: @typescript-eslint/typescript-estree@8.46.4 want: ^3.3.2
4015 silly placeDep node_modules/@typescript-eslint/eslint-plugin minimatch@9.0.9 OK for: @typescript-eslint/typescript-estree@8.46.4 want: ^9.0.4
4016 silly fetch manifest @nodelib/fs.stat@^2.0.2
4017 silly packumentCache full:https://registry.npmjs.org/@nodelib%2ffs.stat cache-miss
4018 silly fetch manifest @nodelib/fs.walk@^1.2.3
4019 silly packumentCache full:https://registry.npmjs.org/@nodelib%2ffs.walk cache-miss
4020 silly fetch manifest glob-parent@^5.1.2
4021 silly packumentCache full:https://registry.npmjs.org/glob-parent cache-hit
4022 silly fetch manifest merge2@^1.3.0
4023 silly packumentCache full:https://registry.npmjs.org/merge2 cache-miss
4024 silly fetch manifest micromatch@^4.0.8
4025 silly packumentCache full:https://registry.npmjs.org/micromatch cache-miss
4026 silly fetch manifest brace-expansion@^2.0.2
4027 silly packumentCache full:https://registry.npmjs.org/brace-expansion cache-hit
4028 http fetch GET 200 https://registry.npmjs.org/micromatch 393ms (cache miss)
4029 silly packumentCache full:https://registry.npmjs.org/micromatch set size:undefined disposed:false
4030 http fetch GET 200 https://registry.npmjs.org/merge2 463ms (cache miss)
4031 silly packumentCache full:https://registry.npmjs.org/merge2 set size:undefined disposed:false
4032 http fetch GET 200 https://registry.npmjs.org/@nodelib%2ffs.stat 466ms (cache miss)
4033 silly packumentCache full:https://registry.npmjs.org/@nodelib%2ffs.stat set size:undefined disposed:false
4034 http fetch GET 200 https://registry.npmjs.org/@nodelib%2ffs.walk 489ms (cache miss)
4035 silly packumentCache full:https://registry.npmjs.org/@nodelib%2ffs.walk set size:undefined disposed:false
4036 silly placeDep ROOT @nodelib/fs.stat@2.0.5 OK for: fast-glob@3.3.3 want: ^2.0.2
4037 silly placeDep ROOT @nodelib/fs.walk@1.2.8 OK for: fast-glob@3.3.3 want: ^1.2.3
4038 silly placeDep node_modules/fast-glob glob-parent@5.1.2 OK for: fast-glob@3.3.3 want: ^5.1.2
4039 silly placeDep ROOT merge2@1.4.1 OK for: fast-glob@3.3.3 want: ^1.3.0
4040 silly placeDep ROOT micromatch@4.0.8 OK for: fast-glob@3.3.3 want: ^4.0.8
4041 silly fetch manifest fastq@^1.6.0
4042 silly packumentCache full:https://registry.npmjs.org/fastq cache-miss
4043 silly fetch manifest @nodelib/fs.scandir@2.1.5
4044 silly packumentCache full:https://registry.npmjs.org/@nodelib%2ffs.scandir cache-miss
4045 silly fetch manifest picomatch@^2.3.1
4046 silly packumentCache full:https://registry.npmjs.org/picomatch cache-hit
4047 http fetch GET 200 https://registry.npmjs.org/fastq 445ms (cache miss)
4048 silly packumentCache full:https://registry.npmjs.org/fastq set size:undefined disposed:false
4049 http fetch GET 200 https://registry.npmjs.org/@nodelib%2ffs.scandir 563ms (cache miss)
4050 silly packumentCache full:https://registry.npmjs.org/@nodelib%2ffs.scandir set size:undefined disposed:false
4051 silly placeDep ROOT @nodelib/fs.scandir@2.1.5 OK for: @nodelib/fs.walk@1.2.8 want: 2.1.5
4052 silly placeDep ROOT fastq@1.20.1 OK for: @nodelib/fs.walk@1.2.8 want: ^1.6.0
4053 silly fetch manifest run-parallel@^1.1.9
4054 silly packumentCache full:https://registry.npmjs.org/run-parallel cache-miss
4055 silly fetch manifest reusify@^1.0.4
4056 silly packumentCache full:https://registry.npmjs.org/reusify cache-miss
4057 http fetch GET 200 https://registry.npmjs.org/reusify 313ms (cache miss)
4058 silly packumentCache full:https://registry.npmjs.org/reusify set size:undefined disposed:false
4059 http fetch GET 200 https://registry.npmjs.org/run-parallel 315ms (cache miss)
4060 silly packumentCache full:https://registry.npmjs.org/run-parallel set size:undefined disposed:false
4061 silly placeDep ROOT run-parallel@1.2.0 OK for: @nodelib/fs.scandir@2.1.5 want: ^1.1.9
4062 silly fetch manifest queue-microtask@^1.2.2
4063 silly packumentCache full:https://registry.npmjs.org/queue-microtask cache-miss
4064 http fetch GET 200 https://registry.npmjs.org/queue-microtask 314ms (cache miss)
4065 silly packumentCache full:https://registry.npmjs.org/queue-microtask set size:undefined disposed:false
4066 silly placeDep ROOT reusify@1.1.0 OK for: fastq@1.20.1 want: ^1.0.4
4067 silly placeDep node_modules/micromatch picomatch@2.3.2 OK for: micromatch@4.0.8 want: ^2.3.1
4068 silly placeDep ROOT queue-microtask@1.2.3 OK for: run-parallel@1.2.0 want: ^1.2.2
4069 silly placeDep node_modules/@typescript-eslint/eslint-plugin eslint-visitor-keys@4.2.1 OK for: @typescript-eslint/visitor-keys@8.46.4 want: ^4.2.1
4070 silly placeDep node_modules/@typescript-eslint/eslint-plugin brace-expansion@2.1.1 OK for: minimatch@9.0.9 want: ^2.0.2
4071 silly placeDep node_modules/@typescript-eslint/eslint-plugin balanced-match@1.0.2 OK for: brace-expansion@2.1.1 want: ^1.0.0
4072 silly placeDep node_modules/@typescript-eslint/parser @typescript-eslint/project-service@8.46.4 OK for: @typescript-eslint/typescript-estree@8.46.4 want: 8.46.4
4073 silly placeDep node_modules/@typescript-eslint/parser @typescript-eslint/tsconfig-utils@8.46.4 OK for: @typescript-eslint/typescript-estree@8.46.4 want: 8.46.4
4074 silly placeDep node_modules/@typescript-eslint/parser minimatch@9.0.9 OK for: @typescript-eslint/typescript-estree@8.46.4 want: ^9.0.4
4075 silly placeDep node_modules/@typescript-eslint/parser eslint-visitor-keys@4.2.1 OK for: @typescript-eslint/visitor-keys@8.46.4 want: ^4.2.1
4076 silly placeDep node_modules/@typescript-eslint/parser brace-expansion@2.1.1 OK for: minimatch@9.0.9 want: ^2.0.2
4077 silly placeDep node_modules/@typescript-eslint/parser balanced-match@1.0.2 OK for: brace-expansion@2.1.1 want: ^1.0.0
4078 silly placeDep node_modules/@typescript-eslint/type-utils @typescript-eslint/project-service@8.46.4 OK for: @typescript-eslint/typescript-estree@8.46.4 want: 8.46.4
4079 silly placeDep node_modules/@typescript-eslint/type-utils @typescript-eslint/tsconfig-utils@8.46.4 OK for: @typescript-eslint/typescript-estree@8.46.4 want: 8.46.4
4080 silly placeDep node_modules/@typescript-eslint/type-utils @typescript-eslint/visitor-keys@8.46.4 OK for: @typescript-eslint/typescript-estree@8.46.4 want: 8.46.4
4081 silly placeDep node_modules/@typescript-eslint/type-utils minimatch@9.0.9 OK for: @typescript-eslint/typescript-estree@8.46.4 want: ^9.0.4
4082 silly placeDep node_modules/@typescript-eslint/type-utils @typescript-eslint/scope-manager@8.46.4 OK for: @typescript-eslint/utils@8.46.4 want: 8.46.4
4083 silly placeDep node_modules/@typescript-eslint/type-utils eslint-visitor-keys@4.2.1 OK for: @typescript-eslint/visitor-keys@8.46.4 want: ^4.2.1
4084 silly placeDep node_modules/@typescript-eslint/type-utils brace-expansion@2.1.1 OK for: minimatch@9.0.9 want: ^2.0.2
4085 silly placeDep node_modules/@typescript-eslint/type-utils balanced-match@1.0.2 OK for: brace-expansion@2.1.1 want: ^1.0.0
4086 silly placeDep node_modules/angular-eslint magic-string@0.30.21 OK for: @angular-devkit/schematics@21.2.15 want: 0.30.21
4087 silly placeDep node_modules/angular-eslint ora@9.3.0 OK for: @angular-devkit/schematics@21.2.15 want: 9.3.0
4088 silly placeDep node_modules/angular-eslint readdirp@5.0.0 OK for: chokidar@5.0.0 want: ^5.0.0
4089 silly placeDep node_modules/angular-eslint chalk@5.6.2 OK for: ora@9.3.0 want: ^5.6.2
4090 silly placeDep node_modules/angular-eslint cli-spinners@3.4.0 OK for: ora@9.3.0 want: ^3.2.0
4091 silly placeDep node_modules/angular-eslint log-symbols@7.0.1 OK for: ora@9.3.0 want: ^7.0.1
4092 silly placeDep node_modules/angular-eslint stdin-discarder@0.3.2 OK for: ora@9.3.0 want: ^0.3.1
4093 silly placeDep node_modules/angular-eslint string-width@8.2.1 OK for: ora@9.3.0 want: ^8.1.0
4094 silly placeDep node_modules/cliui ansi-styles@6.2.3 OK for: wrap-ansi@9.0.2 want: ^6.2.1
4095 silly placeDep node_modules/connect ms@2.0.0 OK for: debug@2.6.9 want: 2.0.0
4096 silly placeDep node_modules/connect encodeurl@1.0.2 OK for: finalhandler@1.1.2 want: ~1.0.2
4097 silly placeDep node_modules/connect on-finished@2.3.0 OK for: finalhandler@1.1.2 want: ~2.3.0
4098 silly placeDep node_modules/connect statuses@1.5.0 OK for: finalhandler@1.1.2 want: ~1.5.0
4099 silly placeDep node_modules/engine.io mime-types@2.1.35 OK for: accepts@1.3.8 want: ~2.1.34
4100 silly placeDep node_modules/engine.io negotiator@0.6.3 OK for: accepts@1.3.8 want: 0.6.3
4101 silly fetch manifest mime-db@1.52.0
4102 silly packumentCache full:https://registry.npmjs.org/mime-db cache-hit
4103 silly placeDep node_modules/engine.io mime-db@1.52.0 OK for: mime-types@2.1.35 want: 1.52.0
4104 silly placeDep node_modules/eslint json-schema-traverse@0.4.1 OK for: ajv@6.15.0 want: ^0.4.1
4105 silly placeDep node_modules/eslint brace-expansion@1.1.15 OK for: minimatch@3.1.5 want: ^1.1.7
4106 silly placeDep node_modules/eslint balanced-match@1.0.2 OK for: brace-expansion@1.1.15 want: ^1.0.0
4107 silly placeDep node_modules/glob brace-expansion@1.1.15 OK for: minimatch@3.1.5 want: ^1.1.7
4108 silly placeDep node_modules/glob balanced-match@1.0.2 OK for: brace-expansion@1.1.15 want: ^1.0.0
4109 silly placeDep node_modules/karma-coverage semver@6.3.1 OK for: istanbul-lib-instrument@5.2.1 want: ^6.3.0
4110 silly placeDep node_modules/karma-coverage brace-expansion@1.1.15 OK for: minimatch@3.1.5 want: ^1.1.7
4111 silly placeDep node_modules/karma-coverage balanced-match@1.0.2 OK for: brace-expansion@1.1.15 want: ^1.0.0
4112 silly placeDep node_modules/karma debug@2.6.9 OK for: body-parser@1.20.5 want: 2.6.9
4113 silly placeDep ROOT destroy@1.2.0 OK for: body-parser@1.20.5 want: ~1.2.0
4114 silly placeDep node_modules/karma iconv-lite@0.4.24 OK for: body-parser@1.20.5 want: ~0.4.24
4115 silly placeDep node_modules/karma raw-body@2.5.3 OK for: body-parser@1.20.5 want: ~2.5.3
4116 silly placeDep node_modules/karma type-is@1.6.18 OK for: body-parser@1.20.5 want: ~1.6.18
4117 silly fetch manifest mime-types@~2.1.24
4118 silly packumentCache full:https://registry.npmjs.org/mime-types cache-hit
4119 silly fetch manifest media-typer@0.3.0
4120 silly packumentCache full:https://registry.npmjs.org/media-typer cache-hit
4121 silly placeDep ROOT anymatch@3.1.3 OK for: chokidar@3.6.0 want: ~3.1.2
4122 silly placeDep node_modules/karma glob-parent@5.1.2 OK for: chokidar@3.6.0 want: ~5.1.2
4123 silly placeDep ROOT is-binary-path@2.1.0 OK for: chokidar@3.6.0 want: ~2.1.0
4124 silly placeDep ROOT normalize-path@3.0.0 OK for: chokidar@3.6.0 want: ~3.0.0
4125 silly placeDep node_modules/karma readdirp@3.6.0 OK for: chokidar@3.6.0 want: ~3.6.0
4126 silly fetch manifest picomatch@^2.0.4
4127 silly packumentCache full:https://registry.npmjs.org/picomatch cache-hit
4128 silly fetch manifest normalize-path@^3.0.0
4129 silly packumentCache full:https://registry.npmjs.org/normalize-path cache-miss
4130 silly fetch manifest binary-extensions@^2.0.0
4131 silly packumentCache full:https://registry.npmjs.org/binary-extensions cache-miss
4132 silly fetch manifest picomatch@^2.2.1
4133 silly packumentCache full:https://registry.npmjs.org/picomatch cache-hit
4134 http cache https://registry.npmjs.org/normalize-path 4ms (cache hit)
4135 silly packumentCache full:https://registry.npmjs.org/normalize-path set size:28713 disposed:false
4136 http fetch GET 200 https://registry.npmjs.org/binary-extensions 413ms (cache miss)
4137 silly packumentCache full:https://registry.npmjs.org/binary-extensions set size:undefined disposed:false
4138 silly placeDep node_modules/anymatch picomatch@2.3.2 OK for: anymatch@3.1.3 want: ^2.0.4
4139 silly placeDep ROOT binary-extensions@2.3.0 OK for: is-binary-path@2.1.0 want: ^2.0.0
4140 silly placeDep node_modules/karma ms@2.0.0 OK for: debug@2.6.9 want: 2.0.0
4141 silly placeDep node_modules/karma brace-expansion@1.1.15 OK for: minimatch@3.1.5 want: ^1.1.7
4142 silly placeDep node_modules/karma balanced-match@1.0.2 OK for: brace-expansion@1.1.15 want: ^1.0.0
4143 silly placeDep node_modules/karma picomatch@2.3.2 OK for: readdirp@3.6.0 want: ^2.2.1
4144 silly placeDep node_modules/karma media-typer@0.3.0 OK for: type-is@1.6.18 want: 0.3.0
4145 silly placeDep node_modules/karma mime-types@2.1.35 OK for: type-is@1.6.18 want: ~2.1.24
4146 silly placeDep node_modules/karma mime-db@1.52.0 OK for: mime-types@2.1.35 want: 1.52.0
4147 silly placeDep node_modules/karma cliui@7.0.4 OK for: yargs@16.2.0 want: ^7.0.2
4148 silly placeDep ROOT require-directory@2.1.1 OK for: yargs@16.2.0 want: ^2.1.1
4149 silly placeDep node_modules/karma string-width@4.2.3 OK for: yargs@16.2.0 want: ^4.2.0
4150 silly placeDep node_modules/karma yargs-parser@20.2.9 OK for: yargs@16.2.0 want: ^20.2.2
4151 silly fetch manifest wrap-ansi@^7.0.0
4152 silly packumentCache full:https://registry.npmjs.org/wrap-ansi cache-hit
4153 silly placeDep node_modules/karma strip-ansi@6.0.1 OK for: cliui@7.0.4 want: ^6.0.0
4154 silly placeDep node_modules/karma wrap-ansi@7.0.0 OK for: cliui@7.0.4 want: ^7.0.0
4155 silly placeDep node_modules/karma emoji-regex@8.0.0 OK for: string-width@4.2.3 want: ^8.0.0
4156 silly placeDep node_modules/karma is-fullwidth-code-point@3.0.0 OK for: string-width@4.2.3 want: ^3.0.0
4157 silly placeDep node_modules/karma ansi-regex@5.0.1 OK for: strip-ansi@6.0.1 want: ^5.0.1
4158 silly placeDep node_modules/lint-staged cli-truncate@5.2.0 OK for: listr2@9.0.5 want: ^5.0.0
4159 silly placeDep node_modules/lint-staged eventemitter3@5.0.4 OK for: listr2@9.0.5 want: ^5.0.1
4160 silly placeDep node_modules/lint-staged wrap-ansi@9.0.2 OK for: listr2@9.0.5 want: ^9.0.0
4161 silly fetch manifest slice-ansi@^8.0.0
4162 silly packumentCache full:https://registry.npmjs.org/slice-ansi cache-miss
4163 silly fetch manifest string-width@^8.2.0
4164 silly packumentCache full:https://registry.npmjs.org/string-width cache-hit
4165 http cache https://registry.npmjs.org/slice-ansi 2ms (cache hit)
4166 silly packumentCache full:https://registry.npmjs.org/slice-ansi set size:36418 disposed:false
4167 silly placeDep node_modules/lint-staged slice-ansi@8.0.0 OK for: cli-truncate@5.2.0 want: ^8.0.0
4168 silly placeDep node_modules/lint-staged/node_modules/cli-truncate string-width@8.2.1 OK for: cli-truncate@5.2.0 want: ^8.2.0
4169 silly fetch manifest ansi-styles@^6.2.3
4170 silly packumentCache full:https://registry.npmjs.org/ansi-styles cache-hit
4171 silly fetch manifest is-fullwidth-code-point@^5.1.0
4172 silly packumentCache full:https://registry.npmjs.org/is-fullwidth-code-point cache-hit
4173 silly placeDep node_modules/lint-staged ansi-styles@6.2.3 OK for: slice-ansi@8.0.0 want: ^6.2.3
4174 silly placeDep node_modules/lint-staged is-fullwidth-code-point@5.1.0 OK for: slice-ansi@8.0.0 want: ^5.1.0
4175 silly placeDep node_modules/listr2 ansi-styles@6.2.3 OK for: wrap-ansi@9.0.2 want: ^6.2.1
4176 silly placeDep node_modules/log-update ansi-styles@6.2.3 OK for: slice-ansi@7.1.2 want: ^6.2.1
4177 silly placeDep node_modules/log-update is-fullwidth-code-point@5.1.0 OK for: slice-ansi@7.1.2 want: ^5.0.0
4178 silly placeDep node_modules/minipass-flush yallist@4.0.0 OK for: minipass@3.3.6 want: ^4.0.0
4179 silly placeDep node_modules/minipass-pipeline yallist@4.0.0 OK for: minipass@3.3.6 want: ^4.0.0
4180 silly placeDep node_modules/node-gyp isexe@4.0.0 OK for: which@6.0.1 want: ^4.0.0
4181 silly placeDep node_modules/socket.io mime-types@2.1.35 OK for: accepts@1.3.8 want: ~2.1.34
4182 silly placeDep node_modules/socket.io negotiator@0.6.3 OK for: accepts@1.3.8 want: 0.6.3
4183 silly placeDep node_modules/socket.io mime-db@1.52.0 OK for: mime-types@2.1.35 want: 1.52.0
4184 silly placeDep node_modules/typescript-eslint @typescript-eslint/project-service@8.46.4 OK for: @typescript-eslint/typescript-estree@8.46.4 want: 8.46.4
4185 silly placeDep node_modules/typescript-eslint @typescript-eslint/tsconfig-utils@8.46.4 OK for: @typescript-eslint/typescript-estree@8.46.4 want: 8.46.4
4186 silly placeDep node_modules/typescript-eslint @typescript-eslint/types@8.46.4 OK for: @typescript-eslint/typescript-estree@8.46.4 want: 8.46.4
4187 silly placeDep node_modules/typescript-eslint @typescript-eslint/visitor-keys@8.46.4 OK for: @typescript-eslint/typescript-estree@8.46.4 want: 8.46.4
4188 silly placeDep node_modules/typescript-eslint minimatch@9.0.9 OK for: @typescript-eslint/typescript-estree@8.46.4 want: ^9.0.4
4189 silly placeDep node_modules/typescript-eslint @typescript-eslint/scope-manager@8.46.4 OK for: @typescript-eslint/utils@8.46.4 want: 8.46.4
4190 silly placeDep node_modules/typescript-eslint eslint-visitor-keys@4.2.1 OK for: @typescript-eslint/visitor-keys@8.46.4 want: ^4.2.1
4191 silly placeDep node_modules/typescript-eslint brace-expansion@2.1.1 OK for: minimatch@9.0.9 want: ^2.0.2
4192 silly placeDep node_modules/typescript-eslint balanced-match@1.0.2 OK for: brace-expansion@2.1.1 want: ^1.0.0
4193 silly placeDep node_modules/vite @esbuild/aix-ppc64@0.27.7 OK for: esbuild@0.27.7 want: 0.27.7
4194 silly placeDep node_modules/vite @esbuild/android-arm@0.27.7 OK for: esbuild@0.27.7 want: 0.27.7
4195 silly placeDep node_modules/vite @esbuild/android-arm64@0.27.7 OK for: esbuild@0.27.7 want: 0.27.7
4196 silly placeDep node_modules/vite @esbuild/android-x64@0.27.7 OK for: esbuild@0.27.7 want: 0.27.7
4197 silly placeDep node_modules/vite @esbuild/darwin-arm64@0.27.7 OK for: esbuild@0.27.7 want: 0.27.7
4198 silly placeDep node_modules/vite @esbuild/darwin-x64@0.27.7 OK for: esbuild@0.27.7 want: 0.27.7
4199 silly placeDep node_modules/vite @esbuild/freebsd-arm64@0.27.7 OK for: esbuild@0.27.7 want: 0.27.7
4200 silly placeDep node_modules/vite @esbuild/freebsd-x64@0.27.7 OK for: esbuild@0.27.7 want: 0.27.7
4201 silly placeDep node_modules/vite @esbuild/linux-arm@0.27.7 OK for: esbuild@0.27.7 want: 0.27.7
4202 silly placeDep node_modules/vite @esbuild/linux-arm64@0.27.7 OK for: esbuild@0.27.7 want: 0.27.7
4203 silly placeDep node_modules/vite @esbuild/linux-ia32@0.27.7 OK for: esbuild@0.27.7 want: 0.27.7
4204 silly placeDep node_modules/vite @esbuild/linux-loong64@0.27.7 OK for: esbuild@0.27.7 want: 0.27.7
4205 silly placeDep node_modules/vite @esbuild/linux-mips64el@0.27.7 OK for: esbuild@0.27.7 want: 0.27.7
4206 silly placeDep node_modules/vite @esbuild/linux-ppc64@0.27.7 OK for: esbuild@0.27.7 want: 0.27.7
4207 silly placeDep node_modules/vite @esbuild/linux-riscv64@0.27.7 OK for: esbuild@0.27.7 want: 0.27.7
4208 silly placeDep node_modules/vite @esbuild/linux-s390x@0.27.7 OK for: esbuild@0.27.7 want: 0.27.7
4209 silly placeDep node_modules/vite @esbuild/linux-x64@0.27.7 OK for: esbuild@0.27.7 want: 0.27.7
4210 silly placeDep node_modules/vite @esbuild/netbsd-arm64@0.27.7 OK for: esbuild@0.27.7 want: 0.27.7
4211 silly placeDep node_modules/vite @esbuild/netbsd-x64@0.27.7 OK for: esbuild@0.27.7 want: 0.27.7
4212 silly placeDep node_modules/vite @esbuild/openbsd-arm64@0.27.7 OK for: esbuild@0.27.7 want: 0.27.7
4213 silly placeDep node_modules/vite @esbuild/openbsd-x64@0.27.7 OK for: esbuild@0.27.7 want: 0.27.7
4214 silly placeDep node_modules/vite @esbuild/openharmony-arm64@0.27.7 OK for: esbuild@0.27.7 want: 0.27.7
4215 silly placeDep node_modules/vite @esbuild/sunos-x64@0.27.7 OK for: esbuild@0.27.7 want: 0.27.7
4216 silly placeDep node_modules/vite @esbuild/win32-arm64@0.27.7 OK for: esbuild@0.27.7 want: 0.27.7
4217 silly placeDep node_modules/vite @esbuild/win32-ia32@0.27.7 OK for: esbuild@0.27.7 want: 0.27.7
4218 silly placeDep node_modules/vite @esbuild/win32-x64@0.27.7 OK for: esbuild@0.27.7 want: 0.27.7
4219 silly placeDep node_modules/wrap-ansi emoji-regex@8.0.0 OK for: string-width@4.2.3 want: ^8.0.0
4220 silly placeDep node_modules/wrap-ansi is-fullwidth-code-point@3.0.0 OK for: string-width@4.2.3 want: ^3.0.0
4221 silly placeDep node_modules/wrap-ansi ansi-regex@5.0.1 OK for: strip-ansi@6.0.1 want: ^5.0.1
4222 silly reify moves {}
4223 silly audit bulk request {
4223 silly audit   '@angular/build': [ '20.3.28' ],
4223 silly audit   tslib: [ '2.8.1' ],
4223 silly audit   typescript: [ '5.9.3' ],
4223 silly audit   '@angular/compiler': [ '20.3.25' ],
4223 silly audit   '@angular/compiler-cli': [ '20.3.25' ],
4223 silly audit   '@angular/cli': [ '20.3.28' ],
4223 silly audit   '@angular/common': [ '20.3.25' ],
4223 silly audit   rxjs: [ '7.8.2' ],
4223 silly audit   '@angular/core': [ '20.3.25' ],
4223 silly audit   '@angular/forms': [ '20.3.25' ],
4223 silly audit   '@angular/platform-browser': [ '20.3.25' ],
4223 silly audit   '@angular/router': [ '20.3.25' ],
4223 silly audit   '@commitlint/cli': [ '21.0.2' ],
4223 silly audit   '@commitlint/config-conventional': [ '21.0.2' ],
4223 silly audit   '@types/jasmine': [ '5.1.15' ],
4223 silly audit   'angular-eslint': [ '21.0.1' ],
4223 silly audit   eslint: [ '9.39.4' ],
4223 silly audit   'typescript-eslint': [ '8.46.4' ],
4223 silly audit   'eslint-config-prettier': [ '10.1.8' ],
4223 silly audit   husky: [ '9.1.7' ],
4223 silly audit   'jasmine-core': [ '5.9.0', '4.6.1' ],
4223 silly audit   karma: [ '6.4.4' ],
4223 silly audit   'karma-chrome-launcher': [ '3.2.0' ],
4223 silly audit   'karma-coverage': [ '2.2.1' ],
4223 silly audit   'karma-jasmine': [ '5.1.0' ],
4223 silly audit   'karma-jasmine-html-reporter': [ '2.1.0' ],
4223 silly audit   'lint-staged': [ '16.4.0' ],
4223 silly audit   prettier: [ '3.8.4' ],
4223 silly audit   'zone.js': [ '0.15.1' ],
4223 silly audit   '@ampproject/remapping': [ '2.3.0' ],
4223 silly audit   '@angular-devkit/architect': [ '0.2003.28', '0.2102.15' ],
4223 silly audit   '@babel/core': [ '7.28.3' ],
4223 silly audit   '@babel/helper-annotate-as-pure': [ '7.27.3' ],
4223 silly audit   '@babel/helper-split-export-declaration': [ '7.24.7' ],
4223 silly audit   '@inquirer/confirm': [ '5.1.14' ],
4223 silly audit   '@vitejs/plugin-basic-ssl': [ '2.1.0' ],
4223 silly audit   vite: [ '7.3.2' ],
4223 silly audit   beasties: [ '0.3.5' ],
4223 silly audit   browserslist: [ '4.28.2' ],
4223 silly audit   esbuild: [ '0.28.0', '0.27.7' ],
4223 silly audit   'https-proxy-agent': [ '7.0.6' ],
4223 silly audit   'istanbul-lib-instrument': [ '6.0.3', '5.2.1' ],
4223 silly audit   'jsonc-parser': [ '3.3.1' ],
4223 silly audit   listr2: [ '9.0.1', '9.0.5' ],
4223 silly audit   lmdb: [ '3.4.2' ],
4223 silly audit   'magic-string': [ '0.30.17', '0.30.21' ],
4223 silly audit   mrmime: [ '2.0.1' ],
4223 silly audit   'parse5-html-rewriting-stream': [ '8.0.0' ],
4223 silly audit   picomatch: [ '4.0.4', '2.3.2' ],
4223 silly audit   piscina: [ '5.1.3' ],
4223 silly audit   rollup: [ '4.59.0' ],
4223 silly audit   sass: [ '1.90.0' ],
4223 silly audit   semver: [ '7.7.2', '6.3.1', '7.7.3', '7.8.4' ],
4223 silly audit   'source-map-support': [ '0.5.21' ],
4223 silly audit   tinyglobby: [ '0.2.14', '0.2.17' ],
4223 silly audit   watchpack: [ '2.4.4' ],
4223 silly audit   '@jridgewell/gen-mapping': [ '0.3.13' ],
4223 silly audit   '@jridgewell/trace-mapping': [ '0.3.31' ],
4223 silly audit   '@angular-devkit/core': [ '20.3.28', '21.2.15' ],
4223 silly audit   ajv: [ '8.18.0', '6.15.0' ],
4223 silly audit   'ajv-formats': [ '3.0.1' ],
4223 silly audit   'source-map': [ '0.7.6', '0.6.1' ],
4223 silly audit   '@angular-devkit/schematics': [ '20.3.28', '21.2.15' ],
4223 silly audit   '@inquirer/prompts': [ '7.8.2' ],
4223 silly audit   '@listr2/prompt-adapter-inquirer': [ '3.0.1' ],
4223 silly audit   '@modelcontextprotocol/sdk': [ '1.26.0' ],
4223 silly audit   '@schematics/angular': [ '20.3.28' ],
4223 silly audit   '@yarnpkg/lockfile': [ '1.1.0' ],
4223 silly audit   algoliasearch: [ '5.35.0' ],
4223 silly audit   ini: [ '5.0.0', '6.0.0' ],
4223 silly audit   'npm-package-arg': [ '13.0.0' ],
4223 silly audit   pacote: [ '21.0.4' ],
4223 silly audit   resolve: [ '1.22.10' ],
4223 silly audit   yargs: [ '18.0.0', '16.2.0' ],
4223 silly audit   zod: [ '4.1.13' ],
4223 silly audit   ora: [ '8.2.0', '9.3.0' ],
4223 silly audit   '@jridgewell/sourcemap-codec': [ '1.5.5' ],
4223 silly audit   chokidar: [ '4.0.3', '5.0.0', '3.6.0' ],
4223 silly audit   'convert-source-map': [ '1.9.0', '2.0.0' ],
4223 silly audit   'reflect-metadata': [ '0.2.2' ],
4223 silly audit   '@babel/code-frame': [ '7.29.7' ],
4223 silly audit   '@babel/generator': [ '7.29.7' ],
4223 silly audit   '@babel/helper-compilation-targets': [ '7.29.7' ],
4223 silly audit   '@babel/helper-module-transforms': [ '7.29.7' ],
4223 silly audit   '@babel/helpers': [ '7.29.7' ],
4223 silly audit   '@babel/parser': [ '7.29.7' ],
4223 silly audit   '@babel/template': [ '7.29.7' ],
4223 silly audit   '@babel/traverse': [ '7.29.7' ],
4223 silly audit   '@babel/types': [ '7.29.7' ],
4223 silly audit   debug: [ '4.4.3', '2.6.9' ],
4223 silly audit   gensync: [ '1.0.0-beta.2' ],
4223 silly audit   json5: [ '2.2.3' ],
4223 silly audit   '@babel/helper-validator-identifier': [ '7.29.7' ],
4223 silly audit   'js-tokens': [ '4.0.0' ],
4223 silly audit   picocolors: [ '1.1.1' ],
4223 silly audit   jsesc: [ '3.1.0' ],
4223 silly audit   '@babel/compat-data': [ '7.29.7' ],
4223 silly audit   '@babel/helper-validator-option': [ '7.29.7' ],
4223 silly audit   'lru-cache': [ '5.1.1', '11.5.1' ],
4223 silly audit   '@babel/helper-module-imports': [ '7.29.7' ],
4223 silly audit   '@babel/helper-globals': [ '7.29.7' ],
4223 silly audit   '@babel/helper-string-parser': [ '7.29.7' ],
4223 silly audit   '@commitlint/format': [ '21.0.1' ],
4223 silly audit   '@commitlint/lint': [ '21.0.2' ],
4223 silly audit   '@commitlint/load': [ '21.0.2' ],
4223 silly audit   '@commitlint/read': [ '21.0.2' ],
4223 silly audit   '@commitlint/types': [ '21.0.1' ],
4223 silly audit   tinyexec: [ '1.2.4' ],
4223 silly audit   'conventional-changelog-conventionalcommits': [ '9.3.1' ],
4223 silly audit   '@commitlint/is-ignored': [ '21.0.2' ],
4223 silly audit   '@commitlint/parse': [ '21.0.2' ],
4223 silly audit   '@commitlint/rules': [ '21.0.2' ],
4223 silly audit   '@commitlint/config-validator': [ '21.0.1' ],
4223 silly audit   '@commitlint/execute-rule': [ '21.0.1' ],
4223 silly audit   '@commitlint/resolve-extends': [ '21.0.1' ],
4223 silly audit   cosmiconfig: [ '9.0.2' ],
4223 silly audit   'cosmiconfig-typescript-loader': [ '6.3.0' ],
4223 silly audit   '@types/node': [ '25.9.3' ],
4223 silly audit   'es-toolkit': [ '1.47.1' ],
4223 silly audit   'is-plain-obj': [ '4.1.0' ],
4223 silly audit   'conventional-changelog-angular': [ '8.3.1' ],
4223 silly audit   'conventional-commits-parser': [ '6.4.0' ],
4223 silly audit   '@commitlint/top-level': [ '21.0.2' ],
4223 silly audit   'git-raw-commits': [ '5.0.1' ],
4223 silly audit   'global-directory': [ '5.0.0' ],
4223 silly audit   'resolve-from': [ '5.0.0', '4.0.0' ],
4223 silly audit   '@commitlint/ensure': [ '21.0.1' ],
4223 silly audit   '@commitlint/message': [ '21.0.2' ],
4223 silly audit   '@commitlint/to-lines': [ '21.0.1' ],
4223 silly audit   escalade: [ '3.2.0' ],
4223 silly audit   '@inquirer/core': [ '10.3.2' ],
4223 silly audit   '@inquirer/type': [ '3.0.10' ],
4223 silly audit   '@inquirer/ansi': [ '1.0.2' ],
4223 silly audit   '@inquirer/figures': [ '1.0.15' ],
4223 silly audit   'cli-width': [ '4.1.0' ],
4223 silly audit   'mute-stream': [ '2.0.0' ],
4223 silly audit   'signal-exit': [ '4.1.0' ],
4223 silly audit   'wrap-ansi': [ '6.2.0', '9.0.2', '7.0.0' ],
4223 silly audit   'yoctocolors-cjs': [ '2.1.3' ],
4223 silly audit   '@inquirer/checkbox': [ '4.3.2' ],
4223 silly audit   '@inquirer/editor': [ '4.2.23' ],
4223 silly audit   '@inquirer/expand': [ '4.0.23' ],
4223 silly audit   '@inquirer/input': [ '4.3.1' ],
4223 silly audit   '@inquirer/number': [ '3.0.23' ],
4223 silly audit   '@inquirer/password': [ '4.0.23' ],
4223 silly audit   '@inquirer/rawlist': [ '4.1.11' ],
4223 silly audit   '@inquirer/search': [ '3.2.2' ],
4223 silly audit   '@inquirer/select': [ '4.4.2' ],
4223 silly audit   '@inquirer/external-editor': [ '1.0.3' ],
4223 silly audit   chardet: [ '2.1.1' ],
4223 silly audit   'iconv-lite': [ '0.7.2', '0.4.24' ],
4223 silly audit   '@jridgewell/resolve-uri': [ '3.1.2' ],
4223 silly audit   '@hono/node-server': [ '1.19.14' ],
4223 silly audit   hono: [ '4.12.25' ],
4223 silly audit   'content-type': [ '1.0.5', '2.0.0' ],
4223 silly audit   cors: [ '2.8.6' ],
4223 silly audit   'cross-spawn': [ '7.0.6' ],
4223 silly audit   eventsource: [ '3.0.7' ],
4223 silly audit   'eventsource-parser': [ '3.1.0' ],
4223 silly audit   express: [ '5.2.1' ],
4223 silly audit   'express-rate-limit': [ '8.5.2' ],
4223 silly audit   jose: [ '6.2.3' ],
4223 silly audit   'json-schema-typed': [ '8.0.2' ],
4223 silly audit   'pkce-challenge': [ '5.0.1' ],
4223 silly audit   'raw-body': [ '3.0.2', '2.5.3' ],
4223 silly audit   'zod-to-json-schema': [ '3.25.2' ],
4223 silly audit   'undici-types': [ '7.24.6' ],
4223 silly audit   'fast-deep-equal': [ '3.1.3' ],
4223 silly audit   'fast-uri': [ '3.1.2' ],
4223 silly audit   'json-schema-traverse': [ '1.0.0', '0.4.1' ],
4223 silly audit   'require-from-string': [ '2.0.2' ],
4223 silly audit   '@algolia/abtesting': [ '1.1.0' ],
4223 silly audit   '@algolia/client-abtesting': [ '5.35.0' ],
4223 silly audit   '@algolia/client-analytics': [ '5.35.0' ],
4223 silly audit   '@algolia/client-common': [ '5.35.0' ],
4223 silly audit   '@algolia/client-insights': [ '5.35.0' ],
4223 silly audit   '@algolia/client-personalization': [ '5.35.0' ],
4223 silly audit   '@algolia/client-query-suggestions': [ '5.35.0' ],
4223 silly audit   '@algolia/client-search': [ '5.35.0' ],
4223 silly audit   '@algolia/ingestion': [ '1.35.0' ],
4223 silly audit   '@algolia/monitoring': [ '1.35.0' ],
4223 silly audit   '@algolia/recommend': [ '5.35.0' ],
4223 silly audit   '@algolia/requester-browser-xhr': [ '5.35.0' ],
4223 silly audit   '@algolia/requester-fetch': [ '5.35.0' ],
4223 silly audit   '@algolia/requester-node-http': [ '5.35.0' ],
4223 silly audit   '@angular-eslint/builder': [ '21.0.1' ],
4223 silly audit   '@angular-eslint/eslint-plugin': [ '21.0.1' ],
4223 silly audit   '@typescript-eslint/utils': [ '8.61.0', '8.46.4' ],
4223 silly audit   '@angular-eslint/eslint-plugin-template': [ '21.0.1' ],
4223 silly audit   '@typescript-eslint/types': [ '8.61.0', '8.46.4' ],
4223 silly audit   '@angular-eslint/template-parser': [ '21.0.1' ],
4223 silly audit   '@angular-eslint/schematics': [ '21.0.1' ],
4223 silly audit   '@angular-eslint/bundled-angular-compiler': [ '21.0.1' ],
4223 silly audit   '@angular-eslint/utils': [ '21.0.1' ],
4223 silly audit   'ts-api-utils': [ '2.5.0' ],
4223 silly audit   'aria-query': [ '5.3.2' ],
4223 silly audit   'axobject-query': [ '4.1.0' ],
4223 silly audit   ignore: [ '7.0.5', '5.3.2' ],
4223 silly audit   'strip-json-comments': [ '3.1.1' ],
4223 silly audit   'eslint-scope': [ '9.1.2', '8.4.0' ],
4223 silly audit   '@eslint-community/eslint-utils': [ '4.9.1' ],
4223 silly audit   '@typescript-eslint/scope-manager': [ '8.61.0', '8.46.4' ],
4223 silly audit   '@typescript-eslint/typescript-estree': [ '8.61.0', '8.46.4' ],
4223 silly audit   'eslint-visitor-keys': [ '3.4.3', '5.0.1', '4.2.1' ],
4223 silly audit   '@typescript-eslint/visitor-keys': [ '8.61.0', '8.46.4' ],
4223 silly audit   '@typescript-eslint/project-service': [ '8.61.0', '8.46.4' ],
4223 silly audit   '@typescript-eslint/tsconfig-utils': [ '8.61.0', '8.46.4' ],
4223 silly audit   minimatch: [ '10.2.5', '3.1.5', '9.0.9' ],
4223 silly audit   'css-select': [ '6.0.0' ],
4223 silly audit   'css-what': [ '7.0.0' ],
4223 silly audit   'dom-serializer': [ '2.0.0' ],
4223 silly audit   domhandler: [ '5.0.3' ],
4223 silly audit   htmlparser2: [ '10.1.0' ],
4223 silly audit   postcss: [ '8.5.15' ],
4223 silly audit   'postcss-media-query-parser': [ '0.2.3' ],
4223 silly audit   'baseline-browser-mapping': [ '2.10.37' ],
4223 silly audit   'caniuse-lite': [ '1.0.30001799' ],
4223 silly audit   'electron-to-chromium': [ '1.5.372' ],
4223 silly audit   'node-releases': [ '2.0.47' ],
4223 silly audit   'update-browserslist-db': [ '1.2.3' ],
4223 silly audit   readdirp: [ '4.1.2', '5.0.0', '3.6.0' ],
4223 silly audit   'compare-func': [ '2.0.0' ],
4223 silly audit   'array-ify': [ '1.0.0' ],
4223 silly audit   'dot-prop': [ '5.3.0' ],
4223 silly audit   '@simple-libs/stream-utils': [ '1.2.0' ],
4223 silly audit   meow: [ '13.2.0' ],
4223 silly audit   'object-assign': [ '4.1.1' ],
4223 silly audit   vary: [ '1.1.2' ],
4223 silly audit   'env-paths': [ '2.2.1' ],
4223 silly audit   'import-fresh': [ '3.3.1' ],
4223 silly audit   'js-yaml': [ '4.2.0' ],
4223 silly audit   'parse-json': [ '5.2.0' ],
4223 silly audit   jiti: [ '2.6.1' ],
4223 silly audit   'path-key': [ '3.1.1' ],
4223 silly audit   'shebang-command': [ '2.0.0' ],
4223 silly audit   which: [ '2.0.2', '1.3.1', '6.0.1' ],
4223 silly audit   boolbase: [ '1.0.0' ],
4223 silly audit   domutils: [ '3.2.2' ],
4223 silly audit   'nth-check': [ '2.1.1' ],
4223 silly audit   ms: [ '2.1.3', '2.0.0' ],
4223 silly audit   domelementtype: [ '2.3.0' ],
4223 silly audit   entities: [ '4.5.0', '7.0.1', '6.0.1', '8.0.0' ],
4223 silly audit   'is-obj': [ '2.0.0' ],
4223 silly audit   '@esbuild/aix-ppc64': [ '0.28.0', '0.27.7' ],
4223 silly audit   '@esbuild/android-arm': [ '0.28.0', '0.27.7' ],
4223 silly audit   '@esbuild/android-arm64': [ '0.28.0', '0.27.7' ],
4223 silly audit   '@esbuild/android-x64': [ '0.28.0', '0.27.7' ],
4223 silly audit   '@esbuild/darwin-arm64': [ '0.28.0', '0.27.7' ],
4223 silly audit   '@esbuild/darwin-x64': [ '0.28.0', '0.27.7' ],
4223 silly audit   '@esbuild/freebsd-arm64': [ '0.28.0', '0.27.7' ],
4223 silly audit   '@esbuild/freebsd-x64': [ '0.28.0', '0.27.7' ],
4223 silly audit   '@esbuild/linux-arm': [ '0.28.0', '0.27.7' ],
4223 silly audit   '@esbuild/linux-arm64': [ '0.28.0', '0.27.7' ],
4223 silly audit   '@esbuild/linux-ia32': [ '0.28.0', '0.27.7' ],
4223 silly audit   '@esbuild/linux-loong64': [ '0.28.0', '0.27.7' ],
4223 silly audit   '@esbuild/linux-mips64el': [ '0.28.0', '0.27.7' ],
4223 silly audit   '@esbuild/linux-ppc64': [ '0.28.0', '0.27.7' ],
4223 silly audit   '@esbuild/linux-riscv64': [ '0.28.0', '0.27.7' ],
4223 silly audit   '@esbuild/linux-s390x': [ '0.28.0', '0.27.7' ],
4223 silly audit   '@esbuild/linux-x64': [ '0.28.0', '0.27.7' ],
4223 silly audit   '@esbuild/netbsd-arm64': [ '0.28.0', '0.27.7' ],
4223 silly audit   '@esbuild/netbsd-x64': [ '0.28.0', '0.27.7' ],
4223 silly audit   '@esbuild/openbsd-arm64': [ '0.28.0', '0.27.7' ],
4223 silly audit   '@esbuild/openbsd-x64': [ '0.28.0', '0.27.7' ],
4223 silly audit   '@esbuild/openharmony-arm64': [ '0.28.0', '0.27.7' ],
4223 silly audit   '@esbuild/sunos-x64': [ '0.28.0', '0.27.7' ],
4223 silly audit   '@esbuild/win32-arm64': [ '0.28.0', '0.27.7' ],
4223 silly audit   '@esbuild/win32-ia32': [ '0.28.0', '0.27.7' ],
4223 silly audit   '@esbuild/win32-x64': [ '0.28.0', '0.27.7' ],
4223 silly audit   '@eslint-community/regexpp': [ '4.12.2' ],
4223 silly audit   '@eslint/config-array': [ '0.21.2' ],
4223 silly audit   '@eslint/config-helpers': [ '0.4.2' ],
4223 silly audit   '@eslint/core': [ '0.17.0' ],
4223 silly audit   '@eslint/eslintrc': [ '3.3.5' ],
4223 silly audit   '@eslint/js': [ '9.39.4' ],
4223 silly audit   '@eslint/plugin-kit': [ '0.4.1' ],
4223 silly audit   '@humanfs/node': [ '0.16.8' ],
4223 silly audit   '@humanwhocodes/module-importer': [ '1.0.1' ],
4223 silly audit   '@humanwhocodes/retry': [ '0.4.3' ],
4223 silly audit   '@types/estree': [ '1.0.9', '1.0.8' ],
4223 silly audit   chalk: [ '4.1.2', '5.6.2' ],
4223 silly audit   'escape-string-regexp': [ '4.0.0' ],
4223 silly audit   espree: [ '10.4.0' ],
4223 silly audit   esquery: [ '1.7.0' ],
4223 silly audit   esutils: [ '2.0.3' ],
4223 silly audit   'file-entry-cache': [ '8.0.0' ],
4223 silly audit   'find-up': [ '5.0.0' ],
4223 silly audit   'glob-parent': [ '6.0.2', '5.1.2' ],
4223 silly audit   imurmurhash: [ '0.1.4' ],
4223 silly audit   'is-glob': [ '4.0.3' ],
4223 silly audit   'json-stable-stringify-without-jsonify': [ '1.0.1' ],
4223 silly audit   'lodash.merge': [ '4.6.2' ],
4223 silly audit   'natural-compare': [ '1.4.0' ],
4223 silly audit   optionator: [ '0.9.4' ],
4223 silly audit   '@eslint/object-schema': [ '2.1.7' ],
4223 silly audit   '@types/json-schema': [ '7.0.15' ],
4223 silly audit   globals: [ '14.0.0' ],
4223 silly audit   levn: [ '0.4.1' ],
4223 silly audit   '@humanfs/core': [ '0.19.2' ],
4223 silly audit   '@humanfs/types': [ '0.15.0' ],
4223 silly audit   'ansi-styles': [ '4.3.0', '6.2.3' ],
4223 silly audit   'supports-color': [ '7.2.0' ],
4223 silly audit   'color-convert': [ '2.0.1' ],
4223 silly audit   'color-name': [ '1.1.4' ],
4223 silly audit   '@types/esrecurse': [ '4.3.1' ],
4223 silly audit   esrecurse: [ '4.3.0' ],
4223 silly audit   estraverse: [ '5.3.0' ],
4223 silly audit   acorn: [ '8.17.0' ],
4223 silly audit   'acorn-jsx': [ '5.3.2' ],
4223 silly audit   accepts: [ '2.0.0', '1.3.8' ],
4223 silly audit   'body-parser': [ '2.2.2', '1.20.5' ],
4223 silly audit   'content-disposition': [ '1.1.0' ],
4223 silly audit   cookie: [ '0.7.2' ],
4223 silly audit   'cookie-signature': [ '1.2.2' ],
4223 silly audit   depd: [ '2.0.0' ],
4223 silly audit   encodeurl: [ '2.0.0', '1.0.2' ],
4223 silly audit   'escape-html': [ '1.0.3' ],
4223 silly audit   etag: [ '1.8.1' ],
4223 silly audit   finalhandler: [ '2.1.1', '1.1.2' ],
4223 silly audit   fresh: [ '2.0.0' ],
4223 silly audit   'http-errors': [ '2.0.1' ],
4223 silly audit   'merge-descriptors': [ '2.0.0' ],
4223 silly audit   'mime-types': [ '3.0.2', '2.1.35' ],
4223 silly audit   'on-finished': [ '2.4.1', '2.3.0' ],
4223 silly audit   once: [ '1.4.0' ],
4223 silly audit   parseurl: [ '1.3.3' ],
4223 silly audit   'proxy-addr': [ '2.0.7' ],
4223 silly audit   qs: [ '6.15.2' ],
4223 silly audit   'range-parser': [ '1.2.1' ],
4223 silly audit   router: [ '2.2.0' ],
4223 silly audit   send: [ '1.2.1' ],
4223 silly audit   'serve-static': [ '2.2.1' ],
4223 silly audit   statuses: [ '2.0.2', '1.5.0' ],
4223 silly audit   'type-is': [ '2.1.0', '1.6.18' ],
4223 silly audit   negotiator: [ '1.0.0', '0.6.3' ],
4223 silly audit   bytes: [ '3.1.2' ],
4223 silly audit   'ip-address': [ '10.2.0' ],
4223 silly audit   'flat-cache': [ '4.0.1' ],
4223 silly audit   'locate-path': [ '6.0.0' ],
4223 silly audit   'path-exists': [ '4.0.0' ],
4223 silly audit   flatted: [ '3.4.2' ],
4223 silly audit   keyv: [ '4.5.4' ],
4223 silly audit   '@conventional-changelog/git-client': [ '2.7.0' ],
4223 silly audit   '@simple-libs/child-process-utils': [ '1.0.2' ],
4223 silly audit   inherits: [ '2.0.4' ],
4223 silly audit   setprototypeof: [ '1.2.0' ],
4223 silly audit   toidentifier: [ '1.0.1' ],
4223 silly audit   'agent-base': [ '7.1.4' ],
4223 silly audit   'safer-buffer': [ '2.1.2' ],
4223 silly audit   'parent-module': [ '1.0.1' ],
4223 silly audit   'is-extglob': [ '2.1.1' ],
4223 silly audit   '@istanbuljs/schema': [ '0.1.6' ],
4223 silly audit   'istanbul-lib-coverage': [ '3.2.2' ],
4223 silly audit   argparse: [ '2.0.1' ],
4223 silly audit   '@colors/colors': [ '1.5.0' ],
4223 silly audit   braces: [ '3.0.3' ],
4223 silly audit   connect: [ '3.7.0' ],
4223 silly audit   di: [ '0.0.1' ],
4223 silly audit   'dom-serialize': [ '2.2.1' ],
4223 silly audit   glob: [ '7.2.3', '13.0.6' ],
4223 silly audit   'graceful-fs': [ '4.2.11' ],
4223 silly audit   'http-proxy': [ '1.18.1' ],
4223 silly audit   isbinaryfile: [ '4.0.10' ],
4223 silly audit   lodash: [ '4.18.1' ],
4223 silly audit   log4js: [ '6.9.1' ],
4223 silly audit   mime: [ '2.6.0' ],
4223 silly audit   mkdirp: [ '0.5.6' ],
4223 silly audit   qjobs: [ '1.2.0' ],
4223 silly audit   rimraf: [ '3.0.2' ],
4223 silly audit   'socket.io': [ '4.8.3' ],
4223 silly audit   tmp: [ '0.2.7' ],
4223 silly audit   'ua-parser-js': [ '0.7.41' ],
4223 silly audit   'fill-range': [ '7.1.1' ],
4223 silly audit   'utils-merge': [ '1.0.1' ],
4223 silly audit   'custom-event': [ '1.0.1' ],
4223 silly audit   ent: [ '2.2.2' ],
4223 silly audit   extend: [ '3.0.2' ],
4223 silly audit   'void-elements': [ '2.0.1' ],
4223 silly audit   'call-bound': [ '1.0.4' ],
4223 silly audit   'es-errors': [ '1.3.0' ],
4223 silly audit   punycode: [ '1.4.1', '2.3.1' ],
4223 silly audit   'safe-regex-test': [ '1.1.0' ],
4223 silly audit   'call-bind-apply-helpers': [ '1.0.2' ],
4223 silly audit   'get-intrinsic': [ '1.3.0' ],
4223 silly audit   'function-bind': [ '1.1.2' ],
4223 silly audit   'to-regex-range': [ '5.0.1' ],
4223 silly audit   'es-define-property': [ '1.0.1' ],
4223 silly audit   'es-object-atoms': [ '1.1.2' ],
4223 silly audit   'get-proto': [ '1.0.1' ],
4223 silly audit   gopd: [ '1.2.0' ],
4223 silly audit   'has-symbols': [ '1.1.0' ],
4223 silly audit   hasown: [ '2.0.4' ],
4223 silly audit   'math-intrinsics': [ '1.1.0' ],
4223 silly audit   'dunder-proto': [ '1.0.1' ],
4223 silly audit   'fs.realpath': [ '1.0.0' ],
4223 silly audit   inflight: [ '1.0.6' ],
4223 silly audit   'path-is-absolute': [ '1.0.1' ],
4223 silly audit   eventemitter3: [ '4.0.7', '5.0.4' ],
4223 silly audit   'follow-redirects': [ '1.16.0' ],
4223 silly audit   'requires-port': [ '1.0.0' ],
4223 silly audit   wrappy: [ '1.0.2' ],
4223 silly audit   'istanbul-lib-report': [ '3.0.1' ],
4223 silly audit   'istanbul-lib-source-maps': [ '4.0.1' ],
4223 silly audit   'istanbul-reports': [ '3.2.0' ],
4223 silly audit   'make-dir': [ '4.0.0' ],
4223 silly audit   'html-escaper': [ '2.0.2' ],
4223 silly audit   'json-buffer': [ '3.0.1' ],
4223 silly audit   'prelude-ls': [ '1.2.1' ],
4223 silly audit   'type-check': [ '0.4.0' ],
4223 silly audit   commander: [ '14.0.3' ],
4223 silly audit   'string-argv': [ '0.3.2' ],
4223 silly audit   yaml: [ '2.9.0' ],
4223 silly audit   'cli-truncate': [ '4.0.0', '5.2.0' ],
4223 silly audit   colorette: [ '2.0.20' ],
4223 silly audit   'log-update': [ '6.1.0' ],
4223 silly audit   rfdc: [ '1.4.1' ],
4223 silly audit   'slice-ansi': [ '5.0.0', '7.1.2', '8.0.0' ],
4223 silly audit   'string-width': [ '7.2.0', '4.2.3', '8.2.1' ],
4223 silly audit   '@lmdb/lmdb-darwin-arm64': [ '3.4.2' ],
4223 silly audit   '@lmdb/lmdb-darwin-x64': [ '3.4.2' ],
4223 silly audit   '@lmdb/lmdb-linux-arm': [ '3.4.2' ],
4223 silly audit   '@lmdb/lmdb-linux-arm64': [ '3.4.2' ],
4223 silly audit   '@lmdb/lmdb-linux-x64': [ '3.4.2' ],
4223 silly audit   '@lmdb/lmdb-win32-arm64': [ '3.4.2' ],
4223 silly audit   '@lmdb/lmdb-win32-x64': [ '3.4.2' ],
4223 silly audit   msgpackr: [ '1.12.1' ],
4223 silly audit   'node-addon-api': [ '6.1.0', '7.1.1' ],
4223 silly audit   'node-gyp-build-optional-packages': [ '5.2.2' ],
4223 silly audit   'ordered-binary': [ '1.6.1' ],
4223 silly audit   'weak-lru-cache': [ '1.2.2' ],
4223 silly audit   'p-locate': [ '5.0.0' ],
4223 silly audit   'ansi-escapes': [ '7.3.0' ],
4223 silly audit   'cli-cursor': [ '5.0.0' ],
4223 silly audit   'strip-ansi': [ '7.2.0', '6.0.1' ],
4223 silly audit   environment: [ '1.1.0' ],
4223 silly audit   'restore-cursor': [ '5.1.0' ],
4223 silly audit   'date-format': [ '4.0.14' ],
4223 silly audit   streamroller: [ '3.1.5' ],
4223 silly audit   yallist: [ '3.1.1', '5.0.0', '4.0.0' ],
4223 silly audit   'mime-db': [ '1.54.0', '1.52.0' ],
4223 silly audit   'brace-expansion': [ '5.0.6', '1.1.15', '2.1.1' ],
4223 silly audit   'balanced-match': [ '4.0.4', '1.0.2' ],
4223 silly audit   minimist: [ '1.2.8' ],
4223 silly audit   'msgpackr-extract': [ '3.0.4' ],
4223 silly audit   '@msgpackr-extract/msgpackr-extract-darwin-arm64': [ '3.0.4' ],
4223 silly audit   '@msgpackr-extract/msgpackr-extract-darwin-x64': [ '3.0.4' ],
4223 silly audit   '@msgpackr-extract/msgpackr-extract-linux-arm': [ '3.0.4' ],
4223 silly audit   '@msgpackr-extract/msgpackr-extract-linux-arm64': [ '3.0.4' ],
4223 silly audit   '@msgpackr-extract/msgpackr-extract-linux-x64': [ '3.0.4' ],
4223 silly audit   '@msgpackr-extract/msgpackr-extract-win32-x64': [ '3.0.4' ],
4223 silly audit   'detect-libc': [ '2.1.2' ],
4223 silly audit   'hosted-git-info': [ '9.0.3' ],
4223 silly audit   'proc-log': [ '5.0.0', '6.1.0' ],
4223 silly audit   'validate-npm-package-name': [ '6.0.2' ],
4223 silly audit   'ee-first': [ '1.1.1' ],
4223 silly audit   'deep-is': [ '0.1.4' ],
4223 silly audit   'fast-levenshtein': [ '2.0.6' ],
4223 silly audit   'word-wrap': [ '1.2.5' ],
4223 silly audit   'cli-spinners': [ '2.9.2', '3.4.0' ],
4223 silly audit   'is-interactive': [ '2.0.0' ],
4223 silly audit   'is-unicode-supported': [ '2.1.0', '1.3.0' ],
4223 silly audit   'log-symbols': [ '6.0.0', '7.0.1' ],
4223 silly audit   'stdin-discarder': [ '0.2.2', '0.3.2' ],
4223 silly audit   'p-limit': [ '3.1.0' ],
4223 silly audit   'yocto-queue': [ '0.1.0' ],
4223 silly audit   '@npmcli/git': [ '7.0.2' ],
4223 silly audit   '@npmcli/installed-package-contents': [ '4.0.0' ],
4223 silly audit   '@npmcli/package-json': [ '7.0.5' ],
4223 silly audit   '@npmcli/promise-spawn': [ '9.0.1' ],
4223 silly audit   '@npmcli/run-script': [ '10.0.4' ],
4223 silly audit   cacache: [ '20.0.4' ],
4223 silly audit   'fs-minipass': [ '3.0.3' ],
4223 silly audit   minipass: [ '7.1.3', '3.3.6' ],
4223 silly audit   'npm-packlist': [ '10.0.4' ],
4223 silly audit   'npm-pick-manifest': [ '11.0.3' ],
4223 silly audit   'npm-registry-fetch': [ '19.1.1' ],
4223 silly audit   'promise-retry': [ '2.0.1' ],
4223 silly audit   sigstore: [ '4.1.1' ],
4223 silly audit   ssri: [ '13.0.1' ],
4223 silly audit   tar: [ '7.5.16' ],
4223 silly audit   '@gar/promise-retry': [ '1.0.3' ],
4223 silly audit   'npm-bundled': [ '5.0.0' ],
4223 silly audit   'npm-normalize-package-bin': [ '5.0.0' ],
4223 silly audit   'json-parse-even-better-errors': [ '5.0.0', '2.3.1' ],
4223 silly audit   'spdx-expression-parse': [ '4.0.0' ],
4223 silly audit   '@npmcli/node-gyp': [ '5.0.0' ],
4223 silly audit   'node-gyp': [ '12.4.0' ],
4223 silly audit   '@npmcli/fs': [ '5.0.0' ],
4223 silly audit   'minipass-collect': [ '2.0.1' ],
4223 silly audit   'minipass-flush': [ '1.0.7' ],
4223 silly audit   'minipass-pipeline': [ '1.2.4' ],
4223 silly audit   'p-map': [ '7.0.4' ],
4223 silly audit   'exponential-backoff': [ '3.1.3' ],
4223 silly audit   nopt: [ '9.0.0' ],
4223 silly audit   undici: [ '6.26.0' ],
4223 silly audit   abbrev: [ '4.0.0' ],
4223 silly audit   'ignore-walk': [ '8.0.0' ],
4223 silly audit   'npm-install-checks': [ '8.0.0' ],
4223 silly audit   '@npmcli/redact': [ '4.0.0' ],
4223 silly audit   jsonparse: [ '1.3.1' ],
4223 silly audit   'make-fetch-happen': [ '15.0.6' ],
4223 silly audit   'minipass-fetch': [ '5.0.2' ],
4223 silly audit   minizlib: [ '3.1.0' ],
4223 silly audit   '@npmcli/agent': [ '4.0.2' ],
4223 silly audit   'http-cache-semantics': [ '4.2.0' ],
4223 silly audit   'http-proxy-agent': [ '7.0.2' ],
4223 silly audit   'socks-proxy-agent': [ '8.0.5' ],
4223 silly audit   'minipass-sized': [ '2.0.0' ],
4223 silly audit   callsites: [ '3.1.0' ],
4223 silly audit   'error-ex': [ '1.3.4' ],
4223 silly audit   'lines-and-columns': [ '1.2.4' ],
4223 silly audit   'is-arrayish': [ '0.2.1' ],
4223 silly audit   parse5: [ '8.0.1' ],
4223 silly audit   'parse5-sax-parser': [ '8.0.0' ],
4223 silly audit   '@napi-rs/nice': [ '1.1.1' ],
4223 silly audit   '@napi-rs/nice-android-arm-eabi': [ '1.1.1' ],
4223 silly audit   '@napi-rs/nice-android-arm64': [ '1.1.1' ],
4223 silly audit   '@napi-rs/nice-darwin-arm64': [ '1.1.1' ],
4223 silly audit   '@napi-rs/nice-darwin-x64': [ '1.1.1' ],
4223 silly audit   '@napi-rs/nice-freebsd-x64': [ '1.1.1' ],
4223 silly audit   '@napi-rs/nice-linux-arm-gnueabihf': [ '1.1.1' ],
4223 silly audit   '@napi-rs/nice-linux-arm64-gnu': [ '1.1.1' ],
4223 silly audit   '@napi-rs/nice-linux-arm64-musl': [ '1.1.1' ],
4223 silly audit   '@napi-rs/nice-linux-ppc64-gnu': [ '1.1.1' ],
4223 silly audit   '@napi-rs/nice-linux-riscv64-gnu': [ '1.1.1' ],
4223 silly audit   '@napi-rs/nice-linux-s390x-gnu': [ '1.1.1' ],
4223 silly audit   '@napi-rs/nice-linux-x64-gnu': [ '1.1.1' ],
4223 silly audit   '@napi-rs/nice-linux-x64-musl': [ '1.1.1' ],
4223 silly audit   '@napi-rs/nice-openharmony-arm64': [ '1.1.1' ],
4223 silly audit   '@napi-rs/nice-win32-arm64-msvc': [ '1.1.1' ],
4223 silly audit   '@napi-rs/nice-win32-ia32-msvc': [ '1.1.1' ],
4223 silly audit   '@napi-rs/nice-win32-x64-msvc': [ '1.1.1' ],
4223 silly audit   nanoid: [ '3.3.12' ],
4223 silly audit   'source-map-js': [ '1.2.1' ],
4223 silly audit   'err-code': [ '2.0.3' ],
4223 silly audit   retry: [ '0.12.0' ],
4223 silly audit   forwarded: [ '0.2.0' ],
4223 silly audit   'ipaddr.js': [ '1.9.1' ],
4223 silly audit   'side-channel': [ '1.1.1' ],
4223 silly audit   unpipe: [ '1.0.0' ],
4223 silly audit   'is-core-module': [ '2.16.2' ],
4223 silly audit   'path-parse': [ '1.0.7' ],
4223 silly audit   'supports-preserve-symlinks-flag': [ '1.0.0' ],
4223 silly audit   onetime: [ '7.0.0' ],
4223 silly audit   'mimic-function': [ '5.0.1' ],
4223 silly audit   '@rollup/rollup-android-arm-eabi': [ '4.59.0' ],
4223 silly audit   '@rollup/rollup-android-arm64': [ '4.59.0' ],
4223 silly audit   '@rollup/rollup-darwin-arm64': [ '4.59.0' ],
4223 silly audit   '@rollup/rollup-darwin-x64': [ '4.59.0' ],
4223 silly audit   '@rollup/rollup-freebsd-arm64': [ '4.59.0' ],
4223 silly audit   '@rollup/rollup-freebsd-x64': [ '4.59.0' ],
4223 silly audit   '@rollup/rollup-linux-arm-gnueabihf': [ '4.59.0' ],
4223 silly audit   '@rollup/rollup-linux-arm-musleabihf': [ '4.59.0' ],
4223 silly audit   '@rollup/rollup-linux-arm64-gnu': [ '4.59.0' ],
4223 silly audit   '@rollup/rollup-linux-arm64-musl': [ '4.59.0' ],
4223 silly audit   '@rollup/rollup-linux-loong64-gnu': [ '4.59.0' ],
4223 silly audit   '@rollup/rollup-linux-loong64-musl': [ '4.59.0' ],
4223 silly audit   '@rollup/rollup-linux-ppc64-gnu': [ '4.59.0' ],
4223 silly audit   '@rollup/rollup-linux-ppc64-musl': [ '4.59.0' ],
4223 silly audit   '@rollup/rollup-linux-riscv64-gnu': [ '4.59.0' ],
4223 silly audit   '@rollup/rollup-linux-riscv64-musl': [ '4.59.0' ],
4223 silly audit   '@rollup/rollup-linux-s390x-gnu': [ '4.59.0' ],
4223 silly audit   '@rollup/rollup-linux-x64-gnu': [ '4.59.0' ],
4223 silly audit   '@rollup/rollup-linux-x64-musl': [ '4.59.0' ],
4223 silly audit   '@rollup/rollup-openbsd-x64': [ '4.59.0' ],
4223 silly audit   '@rollup/rollup-openharmony-arm64': [ '4.59.0' ],
4223 silly audit   '@rollup/rollup-win32-arm64-msvc': [ '4.59.0' ],
4223 silly audit   '@rollup/rollup-win32-ia32-msvc': [ '4.59.0' ],
4223 silly audit   '@rollup/rollup-win32-x64-gnu': [ '4.59.0' ],
4223 silly audit   '@rollup/rollup-win32-x64-msvc': [ '4.59.0' ],
4223 silly audit   fsevents: [ '2.3.3' ],
4223 silly audit   'is-promise': [ '4.0.0' ],
4223 silly audit   'path-to-regexp': [ '8.4.2' ],
4223 silly audit   'is-regex': [ '1.2.1' ],
4223 silly audit   'has-tostringtag': [ '1.0.2' ],
4223 silly audit   '@parcel/watcher': [ '2.5.6' ],
4223 silly audit   immutable: [ '5.1.6' ],
4223 silly audit   '@parcel/watcher-android-arm64': [ '2.5.6' ],
4223 silly audit   '@parcel/watcher-darwin-arm64': [ '2.5.6' ],
4223 silly audit   '@parcel/watcher-darwin-x64': [ '2.5.6' ],
4223 silly audit   '@parcel/watcher-freebsd-x64': [ '2.5.6' ],
4223 silly audit   '@parcel/watcher-linux-arm-glibc': [ '2.5.6' ],
4223 silly audit   '@parcel/watcher-linux-arm-musl': [ '2.5.6' ],
4223 silly audit   '@parcel/watcher-linux-arm64-glibc': [ '2.5.6' ],
4223 silly audit   '@parcel/watcher-linux-arm64-musl': [ '2.5.6' ],
4223 silly audit   '@parcel/watcher-linux-x64-glibc': [ '2.5.6' ],
4223 silly audit   '@parcel/watcher-linux-x64-musl': [ '2.5.6' ],
4223 silly audit   '@parcel/watcher-win32-arm64': [ '2.5.6' ],
4223 silly audit   '@parcel/watcher-win32-ia32': [ '2.5.6' ],
4223 silly audit   '@parcel/watcher-win32-x64': [ '2.5.6' ],
4223 silly audit   'shebang-regex': [ '3.0.0' ],
4223 silly audit   'object-inspect': [ '1.13.4' ],
4223 silly audit   'side-channel-list': [ '1.0.1' ],
4223 silly audit   'side-channel-map': [ '1.0.1' ],
4223 silly audit   'side-channel-weakmap': [ '1.0.2' ],
4223 silly audit   '@sigstore/bundle': [ '4.0.0' ],
4223 silly audit   '@sigstore/core': [ '3.2.1' ],
4223 silly audit   '@sigstore/protobuf-specs': [ '0.5.1' ],
4223 silly audit   '@sigstore/sign': [ '4.1.1' ],
4223 silly audit   '@sigstore/tuf': [ '4.0.2' ],
4223 silly audit   '@sigstore/verify': [ '3.1.1' ],
4223 silly audit   'tuf-js': [ '4.1.0' ],
4223 silly audit   'is-fullwidth-code-point': [ '4.0.0', '3.0.0', '5.1.0' ],
4223 silly audit   base64id: [ '2.0.0' ],
4223 silly audit   'engine.io': [ '6.6.8' ],
4223 silly audit   'socket.io-adapter': [ '2.5.7' ],
4223 silly audit   'socket.io-parser': [ '4.2.6' ],
4223 silly audit   '@types/cors': [ '2.8.19' ],
4223 silly audit   '@types/ws': [ '8.18.1' ],
4223 silly audit   'engine.io-parser': [ '5.2.3' ],
4223 silly audit   ws: [ '8.20.1' ],
4223 silly audit   '@socket.io/component-emitter': [ '3.1.2' ],
4223 silly audit   socks: [ '2.8.9' ],
4223 silly audit   'smart-buffer': [ '4.2.0' ],
4223 silly audit   'buffer-from': [ '1.1.2' ],
4223 silly audit   'spdx-exceptions': [ '2.5.0' ],
4223 silly audit   'spdx-license-ids': [ '3.0.23' ],
4223 silly audit   'fs-extra': [ '8.1.0' ],
4223 silly audit   jsonfile: [ '4.0.0' ],
4223 silly audit   universalify: [ '0.1.2' ],
4223 silly audit   'emoji-regex': [ '10.6.0', '8.0.0' ],
4223 silly audit   'get-east-asian-width': [ '1.6.0' ],
4223 silly audit   'ansi-regex': [ '6.2.2', '5.0.1' ],
4223 silly audit   'has-flag': [ '4.0.0' ],
4223 silly audit   '@isaacs/fs-minipass': [ '4.0.1' ],
4223 silly audit   chownr: [ '3.0.0' ],
4223 silly audit   fdir: [ '6.5.0' ],
4223 silly audit   'is-number': [ '7.0.0' ],
4223 silly audit   '@tufjs/models': [ '4.1.0' ],
4223 silly audit   '@tufjs/canonical-json': [ '2.0.0' ],
4223 silly audit   'media-typer': [ '1.1.0', '0.3.0' ],
4223 silly audit   '@typescript-eslint/eslint-plugin': [ '8.46.4' ],
4223 silly audit   '@typescript-eslint/parser': [ '8.46.4' ],
4223 silly audit   '@typescript-eslint/type-utils': [ '8.46.4' ],
4223 silly audit   graphemer: [ '1.4.0' ],
4223 silly audit   'glob-to-regexp': [ '0.4.1' ],
4223 silly audit   isexe: [ '2.0.0', '4.0.0' ],
4223 silly audit   cliui: [ '9.0.1', '7.0.4' ],
4223 silly audit   'get-caller-file': [ '2.0.5' ],
4223 silly audit   y18n: [ '5.0.8' ],
4223 silly audit   'yargs-parser': [ '22.0.0', '20.2.9' ],
4223 silly audit   yoctocolors: [ '2.1.2' ],
4223 silly audit   'concat-map': [ '0.0.1' ],
4223 silly audit   'fast-json-stable-stringify': [ '2.1.0' ],
4223 silly audit   'uri-js': [ '4.4.1' ],
4223 silly audit   'path-scurry': [ '2.0.2' ],
4223 silly audit   'fast-glob': [ '3.3.3' ],
4223 silly audit   '@nodelib/fs.stat': [ '2.0.5' ],
4223 silly audit   '@nodelib/fs.walk': [ '1.2.8' ],
4223 silly audit   merge2: [ '1.4.1' ],
4223 silly audit   micromatch: [ '4.0.8' ],
4223 silly audit   '@nodelib/fs.scandir': [ '2.1.5' ],
4223 silly audit   fastq: [ '1.20.1' ],
4223 silly audit   'run-parallel': [ '1.2.0' ],
4223 silly audit   reusify: [ '1.1.0' ],
4223 silly audit   'queue-microtask': [ '1.2.3' ],
4223 silly audit   destroy: [ '1.2.0' ],
4223 silly audit   anymatch: [ '3.1.3' ],
4223 silly audit   'is-binary-path': [ '2.1.0' ],
4223 silly audit   'normalize-path': [ '3.0.0' ],
4223 silly audit   'binary-extensions': [ '2.3.0' ],
4223 silly audit   'require-directory': [ '2.1.1' ]
4223 silly audit }
4224 verbose reify failed optional dependency /Users/juanfranciscomanzanogarcia/Desktop/push-angular/node_modules/@parcel/watcher-win32-x64
4225 silly reify mark deleted [
4225 silly reify   '/Users/juanfranciscomanzanogarcia/Desktop/push-angular/node_modules/@parcel/watcher-win32-x64'
4225 silly reify ]
4226 verbose reify failed optional dependency /Users/juanfranciscomanzanogarcia/Desktop/push-angular/node_modules/@parcel/watcher-win32-ia32
4227 silly reify mark deleted [
4227 silly reify   '/Users/juanfranciscomanzanogarcia/Desktop/push-angular/node_modules/@parcel/watcher-win32-ia32'
4227 silly reify ]
4228 verbose reify failed optional dependency /Users/juanfranciscomanzanogarcia/Desktop/push-angular/node_modules/@parcel/watcher-win32-arm64
4229 silly reify mark deleted [
4229 silly reify   '/Users/juanfranciscomanzanogarcia/Desktop/push-angular/node_modules/@parcel/watcher-win32-arm64'
4229 silly reify ]
4230 verbose reify failed optional dependency /Users/juanfranciscomanzanogarcia/Desktop/push-angular/node_modules/@parcel/watcher-linux-x64-musl
4231 silly reify mark deleted [
4231 silly reify   '/Users/juanfranciscomanzanogarcia/Desktop/push-angular/node_modules/@parcel/watcher-linux-x64-musl'
4231 silly reify ]
4232 verbose reify failed optional dependency /Users/juanfranciscomanzanogarcia/Desktop/push-angular/node_modules/@parcel/watcher-linux-x64-glibc
4233 silly reify mark deleted [
4233 silly reify   '/Users/juanfranciscomanzanogarcia/Desktop/push-angular/node_modules/@parcel/watcher-linux-x64-glibc'
4233 silly reify ]
4234 verbose reify failed optional dependency /Users/juanfranciscomanzanogarcia/Desktop/push-angular/node_modules/@parcel/watcher-linux-arm64-musl
4235 silly reify mark deleted [
4235 silly reify   '/Users/juanfranciscomanzanogarcia/Desktop/push-angular/node_modules/@parcel/watcher-linux-arm64-musl'
4235 silly reify ]
4236 verbose reify failed optional dependency /Users/juanfranciscomanzanogarcia/Desktop/push-angular/node_modules/@parcel/watcher-linux-arm64-glibc
4237 silly reify mark deleted [
4237 silly reify   '/Users/juanfranciscomanzanogarcia/Desktop/push-angular/node_modules/@parcel/watcher-linux-arm64-glibc'
4237 silly reify ]
4238 verbose reify failed optional dependency /Users/juanfranciscomanzanogarcia/Desktop/push-angular/node_modules/@parcel/watcher-linux-arm-musl
4239 silly reify mark deleted [
4239 silly reify   '/Users/juanfranciscomanzanogarcia/Desktop/push-angular/node_modules/@parcel/watcher-linux-arm-musl'
4239 silly reify ]
4240 verbose reify failed optional dependency /Users/juanfranciscomanzanogarcia/Desktop/push-angular/node_modules/@parcel/watcher-linux-arm-glibc
4241 silly reify mark deleted [
4241 silly reify   '/Users/juanfranciscomanzanogarcia/Desktop/push-angular/node_modules/@parcel/watcher-linux-arm-glibc'
4241 silly reify ]
4242 verbose reify failed optional dependency /Users/juanfranciscomanzanogarcia/Desktop/push-angular/node_modules/@parcel/watcher-freebsd-x64
4243 silly reify mark deleted [
4243 silly reify   '/Users/juanfranciscomanzanogarcia/Desktop/push-angular/node_modules/@parcel/watcher-freebsd-x64'
4243 silly reify ]
4244 verbose reify failed optional dependency /Users/juanfranciscomanzanogarcia/Desktop/push-angular/node_modules/@parcel/watcher-darwin-x64
4245 silly reify mark deleted [
4245 silly reify   '/Users/juanfranciscomanzanogarcia/Desktop/push-angular/node_modules/@parcel/watcher-darwin-x64'
4245 silly reify ]
4246 verbose reify failed optional dependency /Users/juanfranciscomanzanogarcia/Desktop/push-angular/node_modules/@parcel/watcher-android-arm64
4247 silly reify mark deleted [
4247 silly reify   '/Users/juanfranciscomanzanogarcia/Desktop/push-angular/node_modules/@parcel/watcher-android-arm64'
4247 silly reify ]
4248 verbose reify failed optional dependency /Users/juanfranciscomanzanogarcia/Desktop/push-angular/node_modules/@rollup/rollup-win32-x64-msvc
4249 silly reify mark deleted [
4249 silly reify   '/Users/juanfranciscomanzanogarcia/Desktop/push-angular/node_modules/@rollup/rollup-win32-x64-msvc'
4249 silly reify ]
4250 verbose reify failed optional dependency /Users/juanfranciscomanzanogarcia/Desktop/push-angular/node_modules/@rollup/rollup-win32-x64-gnu
4251 silly reify mark deleted [
4251 silly reify   '/Users/juanfranciscomanzanogarcia/Desktop/push-angular/node_modules/@rollup/rollup-win32-x64-gnu'
4251 silly reify ]
4252 verbose reify failed optional dependency /Users/juanfranciscomanzanogarcia/Desktop/push-angular/node_modules/@rollup/rollup-win32-ia32-msvc
4253 silly reify mark deleted [
4253 silly reify   '/Users/juanfranciscomanzanogarcia/Desktop/push-angular/node_modules/@rollup/rollup-win32-ia32-msvc'
4253 silly reify ]
4254 verbose reify failed optional dependency /Users/juanfranciscomanzanogarcia/Desktop/push-angular/node_modules/@rollup/rollup-win32-arm64-msvc
4255 silly reify mark deleted [
4255 silly reify   '/Users/juanfranciscomanzanogarcia/Desktop/push-angular/node_modules/@rollup/rollup-win32-arm64-msvc'
4255 silly reify ]
4256 verbose reify failed optional dependency /Users/juanfranciscomanzanogarcia/Desktop/push-angular/node_modules/@rollup/rollup-openharmony-arm64
4257 silly reify mark deleted [
4257 silly reify   '/Users/juanfranciscomanzanogarcia/Desktop/push-angular/node_modules/@rollup/rollup-openharmony-arm64'
4257 silly reify ]
4258 verbose reify failed optional dependency /Users/juanfranciscomanzanogarcia/Desktop/push-angular/node_modules/@rollup/rollup-openbsd-x64
4259 silly reify mark deleted [
4259 silly reify   '/Users/juanfranciscomanzanogarcia/Desktop/push-angular/node_modules/@rollup/rollup-openbsd-x64'
4259 silly reify ]
4260 verbose reify failed optional dependency /Users/juanfranciscomanzanogarcia/Desktop/push-angular/node_modules/@rollup/rollup-linux-x64-musl
4261 silly reify mark deleted [
4261 silly reify   '/Users/juanfranciscomanzanogarcia/Desktop/push-angular/node_modules/@rollup/rollup-linux-x64-musl'
4261 silly reify ]
4262 verbose reify failed optional dependency /Users/juanfranciscomanzanogarcia/Desktop/push-angular/node_modules/@rollup/rollup-linux-x64-gnu
4263 silly reify mark deleted [
4263 silly reify   '/Users/juanfranciscomanzanogarcia/Desktop/push-angular/node_modules/@rollup/rollup-linux-x64-gnu'
4263 silly reify ]
4264 verbose reify failed optional dependency /Users/juanfranciscomanzanogarcia/Desktop/push-angular/node_modules/@rollup/rollup-linux-s390x-gnu
4265 silly reify mark deleted [
4265 silly reify   '/Users/juanfranciscomanzanogarcia/Desktop/push-angular/node_modules/@rollup/rollup-linux-s390x-gnu'
4265 silly reify ]
4266 verbose reify failed optional dependency /Users/juanfranciscomanzanogarcia/Desktop/push-angular/node_modules/@rollup/rollup-linux-riscv64-musl
4267 silly reify mark deleted [
4267 silly reify   '/Users/juanfranciscomanzanogarcia/Desktop/push-angular/node_modules/@rollup/rollup-linux-riscv64-musl'
4267 silly reify ]
4268 verbose reify failed optional dependency /Users/juanfranciscomanzanogarcia/Desktop/push-angular/node_modules/@rollup/rollup-linux-riscv64-gnu
4269 silly reify mark deleted [
4269 silly reify   '/Users/juanfranciscomanzanogarcia/Desktop/push-angular/node_modules/@rollup/rollup-linux-riscv64-gnu'
4269 silly reify ]
4270 verbose reify failed optional dependency /Users/juanfranciscomanzanogarcia/Desktop/push-angular/node_modules/@rollup/rollup-linux-ppc64-musl
4271 silly reify mark deleted [
4271 silly reify   '/Users/juanfranciscomanzanogarcia/Desktop/push-angular/node_modules/@rollup/rollup-linux-ppc64-musl'
4271 silly reify ]
4272 verbose reify failed optional dependency /Users/juanfranciscomanzanogarcia/Desktop/push-angular/node_modules/@rollup/rollup-linux-ppc64-gnu
4273 silly reify mark deleted [
4273 silly reify   '/Users/juanfranciscomanzanogarcia/Desktop/push-angular/node_modules/@rollup/rollup-linux-ppc64-gnu'
4273 silly reify ]
4274 verbose reify failed optional dependency /Users/juanfranciscomanzanogarcia/Desktop/push-angular/node_modules/@rollup/rollup-linux-loong64-musl
4275 silly reify mark deleted [
4275 silly reify   '/Users/juanfranciscomanzanogarcia/Desktop/push-angular/node_modules/@rollup/rollup-linux-loong64-musl'
4275 silly reify ]
4276 verbose reify failed optional dependency /Users/juanfranciscomanzanogarcia/Desktop/push-angular/node_modules/@rollup/rollup-linux-loong64-gnu
4277 silly reify mark deleted [
4277 silly reify   '/Users/juanfranciscomanzanogarcia/Desktop/push-angular/node_modules/@rollup/rollup-linux-loong64-gnu'
4277 silly reify ]
4278 verbose reify failed optional dependency /Users/juanfranciscomanzanogarcia/Desktop/push-angular/node_modules/@rollup/rollup-linux-arm64-musl
4279 silly reify mark deleted [
4279 silly reify   '/Users/juanfranciscomanzanogarcia/Desktop/push-angular/node_modules/@rollup/rollup-linux-arm64-musl'
4279 silly reify ]
4280 verbose reify failed optional dependency /Users/juanfranciscomanzanogarcia/Desktop/push-angular/node_modules/@rollup/rollup-linux-arm64-gnu
4281 silly reify mark deleted [
4281 silly reify   '/Users/juanfranciscomanzanogarcia/Desktop/push-angular/node_modules/@rollup/rollup-linux-arm64-gnu'
4281 silly reify ]
4282 verbose reify failed optional dependency /Users/juanfranciscomanzanogarcia/Desktop/push-angular/node_modules/@rollup/rollup-linux-arm-musleabihf
4283 silly reify mark deleted [
4283 silly reify   '/Users/juanfranciscomanzanogarcia/Desktop/push-angular/node_modules/@rollup/rollup-linux-arm-musleabihf'
4283 silly reify ]
4284 verbose reify failed optional dependency /Users/juanfranciscomanzanogarcia/Desktop/push-angular/node_modules/@rollup/rollup-linux-arm-gnueabihf
4285 silly reify mark deleted [
4285 silly reify   '/Users/juanfranciscomanzanogarcia/Desktop/push-angular/node_modules/@rollup/rollup-linux-arm-gnueabihf'
4285 silly reify ]
4286 verbose reify failed optional dependency /Users/juanfranciscomanzanogarcia/Desktop/push-angular/node_modules/@rollup/rollup-freebsd-x64
4287 silly reify mark deleted [
4287 silly reify   '/Users/juanfranciscomanzanogarcia/Desktop/push-angular/node_modules/@rollup/rollup-freebsd-x64'
4287 silly reify ]
4288 verbose reify failed optional dependency /Users/juanfranciscomanzanogarcia/Desktop/push-angular/node_modules/@rollup/rollup-freebsd-arm64
4289 silly reify mark deleted [
4289 silly reify   '/Users/juanfranciscomanzanogarcia/Desktop/push-angular/node_modules/@rollup/rollup-freebsd-arm64'
4289 silly reify ]
4290 verbose reify failed optional dependency /Users/juanfranciscomanzanogarcia/Desktop/push-angular/node_modules/@rollup/rollup-darwin-x64
4291 silly reify mark deleted [
4291 silly reify   '/Users/juanfranciscomanzanogarcia/Desktop/push-angular/node_modules/@rollup/rollup-darwin-x64'
4291 silly reify ]
4292 verbose reify failed optional dependency /Users/juanfranciscomanzanogarcia/Desktop/push-angular/node_modules/@rollup/rollup-android-arm64
4293 silly reify mark deleted [
4293 silly reify   '/Users/juanfranciscomanzanogarcia/Desktop/push-angular/node_modules/@rollup/rollup-android-arm64'
4293 silly reify ]
4294 verbose reify failed optional dependency /Users/juanfranciscomanzanogarcia/Desktop/push-angular/node_modules/@rollup/rollup-android-arm-eabi
4295 silly reify mark deleted [
4295 silly reify   '/Users/juanfranciscomanzanogarcia/Desktop/push-angular/node_modules/@rollup/rollup-android-arm-eabi'
4295 silly reify ]
4296 verbose reify failed optional dependency /Users/juanfranciscomanzanogarcia/Desktop/push-angular/node_modules/@napi-rs/nice-win32-x64-msvc
4297 silly reify mark deleted [
4297 silly reify   '/Users/juanfranciscomanzanogarcia/Desktop/push-angular/node_modules/@napi-rs/nice-win32-x64-msvc'
4297 silly reify ]
4298 verbose reify failed optional dependency /Users/juanfranciscomanzanogarcia/Desktop/push-angular/node_modules/@napi-rs/nice-win32-ia32-msvc
4299 silly reify mark deleted [
4299 silly reify   '/Users/juanfranciscomanzanogarcia/Desktop/push-angular/node_modules/@napi-rs/nice-win32-ia32-msvc'
4299 silly reify ]
4300 verbose reify failed optional dependency /Users/juanfranciscomanzanogarcia/Desktop/push-angular/node_modules/@napi-rs/nice-win32-arm64-msvc
4301 silly reify mark deleted [
4301 silly reify   '/Users/juanfranciscomanzanogarcia/Desktop/push-angular/node_modules/@napi-rs/nice-win32-arm64-msvc'
4301 silly reify ]
4302 verbose reify failed optional dependency /Users/juanfranciscomanzanogarcia/Desktop/push-angular/node_modules/@napi-rs/nice-openharmony-arm64
4303 silly reify mark deleted [
4303 silly reify   '/Users/juanfranciscomanzanogarcia/Desktop/push-angular/node_modules/@napi-rs/nice-openharmony-arm64'
4303 silly reify ]
4304 verbose reify failed optional dependency /Users/juanfranciscomanzanogarcia/Desktop/push-angular/node_modules/@napi-rs/nice-linux-x64-musl
4305 silly reify mark deleted [
4305 silly reify   '/Users/juanfranciscomanzanogarcia/Desktop/push-angular/node_modules/@napi-rs/nice-linux-x64-musl'
4305 silly reify ]
4306 verbose reify failed optional dependency /Users/juanfranciscomanzanogarcia/Desktop/push-angular/node_modules/@napi-rs/nice-linux-x64-gnu
4307 silly reify mark deleted [
4307 silly reify   '/Users/juanfranciscomanzanogarcia/Desktop/push-angular/node_modules/@napi-rs/nice-linux-x64-gnu'
4307 silly reify ]
4308 verbose reify failed optional dependency /Users/juanfranciscomanzanogarcia/Desktop/push-angular/node_modules/@napi-rs/nice-linux-s390x-gnu
4309 silly reify mark deleted [
4309 silly reify   '/Users/juanfranciscomanzanogarcia/Desktop/push-angular/node_modules/@napi-rs/nice-linux-s390x-gnu'
4309 silly reify ]
4310 verbose reify failed optional dependency /Users/juanfranciscomanzanogarcia/Desktop/push-angular/node_modules/@napi-rs/nice-linux-riscv64-gnu
4311 silly reify mark deleted [
4311 silly reify   '/Users/juanfranciscomanzanogarcia/Desktop/push-angular/node_modules/@napi-rs/nice-linux-riscv64-gnu'
4311 silly reify ]
4312 verbose reify failed optional dependency /Users/juanfranciscomanzanogarcia/Desktop/push-angular/node_modules/@napi-rs/nice-linux-ppc64-gnu
4313 silly reify mark deleted [
4313 silly reify   '/Users/juanfranciscomanzanogarcia/Desktop/push-angular/node_modules/@napi-rs/nice-linux-ppc64-gnu'
4313 silly reify ]
4314 verbose reify failed optional dependency /Users/juanfranciscomanzanogarcia/Desktop/push-angular/node_modules/@napi-rs/nice-linux-arm64-musl
4315 silly reify mark deleted [
4315 silly reify   '/Users/juanfranciscomanzanogarcia/Desktop/push-angular/node_modules/@napi-rs/nice-linux-arm64-musl'
4315 silly reify ]
4316 verbose reify failed optional dependency /Users/juanfranciscomanzanogarcia/Desktop/push-angular/node_modules/@napi-rs/nice-linux-arm64-gnu
4317 silly reify mark deleted [
4317 silly reify   '/Users/juanfranciscomanzanogarcia/Desktop/push-angular/node_modules/@napi-rs/nice-linux-arm64-gnu'
4317 silly reify ]
4318 verbose reify failed optional dependency /Users/juanfranciscomanzanogarcia/Desktop/push-angular/node_modules/@napi-rs/nice-linux-arm-gnueabihf
4319 silly reify mark deleted [
4319 silly reify   '/Users/juanfranciscomanzanogarcia/Desktop/push-angular/node_modules/@napi-rs/nice-linux-arm-gnueabihf'
4319 silly reify ]
4320 verbose reify failed optional dependency /Users/juanfranciscomanzanogarcia/Desktop/push-angular/node_modules/@napi-rs/nice-freebsd-x64
4321 silly reify mark deleted [
4321 silly reify   '/Users/juanfranciscomanzanogarcia/Desktop/push-angular/node_modules/@napi-rs/nice-freebsd-x64'
4321 silly reify ]
4322 verbose reify failed optional dependency /Users/juanfranciscomanzanogarcia/Desktop/push-angular/node_modules/@napi-rs/nice-darwin-x64
4323 silly reify mark deleted [
4323 silly reify   '/Users/juanfranciscomanzanogarcia/Desktop/push-angular/node_modules/@napi-rs/nice-darwin-x64'
4323 silly reify ]
4324 verbose reify failed optional dependency /Users/juanfranciscomanzanogarcia/Desktop/push-angular/node_modules/@napi-rs/nice-android-arm64
4325 silly reify mark deleted [
4325 silly reify   '/Users/juanfranciscomanzanogarcia/Desktop/push-angular/node_modules/@napi-rs/nice-android-arm64'
4325 silly reify ]
4326 verbose reify failed optional dependency /Users/juanfranciscomanzanogarcia/Desktop/push-angular/node_modules/@napi-rs/nice-android-arm-eabi
4327 silly reify mark deleted [
4327 silly reify   '/Users/juanfranciscomanzanogarcia/Desktop/push-angular/node_modules/@napi-rs/nice-android-arm-eabi'
4327 silly reify ]
4328 verbose reify failed optional dependency /Users/juanfranciscomanzanogarcia/Desktop/push-angular/node_modules/@msgpackr-extract/msgpackr-extract-win32-x64
4329 silly reify mark deleted [
4329 silly reify   '/Users/juanfranciscomanzanogarcia/Desktop/push-angular/node_modules/@msgpackr-extract/msgpackr-extract-win32-x64'
4329 silly reify ]
4330 verbose reify failed optional dependency /Users/juanfranciscomanzanogarcia/Desktop/push-angular/node_modules/@msgpackr-extract/msgpackr-extract-linux-x64
4331 silly reify mark deleted [
4331 silly reify   '/Users/juanfranciscomanzanogarcia/Desktop/push-angular/node_modules/@msgpackr-extract/msgpackr-extract-linux-x64'
4331 silly reify ]
4332 verbose reify failed optional dependency /Users/juanfranciscomanzanogarcia/Desktop/push-angular/node_modules/@msgpackr-extract/msgpackr-extract-linux-arm64
4333 silly reify mark deleted [
4333 silly reify   '/Users/juanfranciscomanzanogarcia/Desktop/push-angular/node_modules/@msgpackr-extract/msgpackr-extract-linux-arm64'
4333 silly reify ]
4334 verbose reify failed optional dependency /Users/juanfranciscomanzanogarcia/Desktop/push-angular/node_modules/@msgpackr-extract/msgpackr-extract-linux-arm
4335 silly reify mark deleted [
4335 silly reify   '/Users/juanfranciscomanzanogarcia/Desktop/push-angular/node_modules/@msgpackr-extract/msgpackr-extract-linux-arm'
4335 silly reify ]
4336 verbose reify failed optional dependency /Users/juanfranciscomanzanogarcia/Desktop/push-angular/node_modules/@msgpackr-extract/msgpackr-extract-darwin-x64
4337 silly reify mark deleted [
4337 silly reify   '/Users/juanfranciscomanzanogarcia/Desktop/push-angular/node_modules/@msgpackr-extract/msgpackr-extract-darwin-x64'
4337 silly reify ]
4338 verbose reify failed optional dependency /Users/juanfranciscomanzanogarcia/Desktop/push-angular/node_modules/@lmdb/lmdb-win32-x64
4339 silly reify mark deleted [
4339 silly reify   '/Users/juanfranciscomanzanogarcia/Desktop/push-angular/node_modules/@lmdb/lmdb-win32-x64'
4339 silly reify ]
4340 verbose reify failed optional dependency /Users/juanfranciscomanzanogarcia/Desktop/push-angular/node_modules/@lmdb/lmdb-win32-arm64
4341 silly reify mark deleted [
4341 silly reify   '/Users/juanfranciscomanzanogarcia/Desktop/push-angular/node_modules/@lmdb/lmdb-win32-arm64'
4341 silly reify ]
4342 verbose reify failed optional dependency /Users/juanfranciscomanzanogarcia/Desktop/push-angular/node_modules/@lmdb/lmdb-linux-x64
4343 silly reify mark deleted [
4343 silly reify   '/Users/juanfranciscomanzanogarcia/Desktop/push-angular/node_modules/@lmdb/lmdb-linux-x64'
4343 silly reify ]
4344 verbose reify failed optional dependency /Users/juanfranciscomanzanogarcia/Desktop/push-angular/node_modules/@lmdb/lmdb-linux-arm64
4345 silly reify mark deleted [
4345 silly reify   '/Users/juanfranciscomanzanogarcia/Desktop/push-angular/node_modules/@lmdb/lmdb-linux-arm64'
4345 silly reify ]
4346 verbose reify failed optional dependency /Users/juanfranciscomanzanogarcia/Desktop/push-angular/node_modules/@lmdb/lmdb-linux-arm
4347 silly reify mark deleted [
4347 silly reify   '/Users/juanfranciscomanzanogarcia/Desktop/push-angular/node_modules/@lmdb/lmdb-linux-arm'
4347 silly reify ]
4348 verbose reify failed optional dependency /Users/juanfranciscomanzanogarcia/Desktop/push-angular/node_modules/@lmdb/lmdb-darwin-x64
4349 silly reify mark deleted [
4349 silly reify   '/Users/juanfranciscomanzanogarcia/Desktop/push-angular/node_modules/@lmdb/lmdb-darwin-x64'
4349 silly reify ]
4350 verbose reify failed optional dependency /Users/juanfranciscomanzanogarcia/Desktop/push-angular/node_modules/@esbuild/win32-x64
4351 silly reify mark deleted [
4351 silly reify   '/Users/juanfranciscomanzanogarcia/Desktop/push-angular/node_modules/@esbuild/win32-x64'
4351 silly reify ]
4352 verbose reify failed optional dependency /Users/juanfranciscomanzanogarcia/Desktop/push-angular/node_modules/@esbuild/win32-ia32
4353 silly reify mark deleted [
4353 silly reify   '/Users/juanfranciscomanzanogarcia/Desktop/push-angular/node_modules/@esbuild/win32-ia32'
4353 silly reify ]
4354 verbose reify failed optional dependency /Users/juanfranciscomanzanogarcia/Desktop/push-angular/node_modules/@esbuild/win32-arm64
4355 silly reify mark deleted [
4355 silly reify   '/Users/juanfranciscomanzanogarcia/Desktop/push-angular/node_modules/@esbuild/win32-arm64'
4355 silly reify ]
4356 verbose reify failed optional dependency /Users/juanfranciscomanzanogarcia/Desktop/push-angular/node_modules/@esbuild/sunos-x64
4357 silly reify mark deleted [
4357 silly reify   '/Users/juanfranciscomanzanogarcia/Desktop/push-angular/node_modules/@esbuild/sunos-x64'
4357 silly reify ]
4358 verbose reify failed optional dependency /Users/juanfranciscomanzanogarcia/Desktop/push-angular/node_modules/@esbuild/openharmony-arm64
4359 silly reify mark deleted [
4359 silly reify   '/Users/juanfranciscomanzanogarcia/Desktop/push-angular/node_modules/@esbuild/openharmony-arm64'
4359 silly reify ]
4360 verbose reify failed optional dependency /Users/juanfranciscomanzanogarcia/Desktop/push-angular/node_modules/@esbuild/openbsd-x64
4361 silly reify mark deleted [
4361 silly reify   '/Users/juanfranciscomanzanogarcia/Desktop/push-angular/node_modules/@esbuild/openbsd-x64'
4361 silly reify ]
4362 verbose reify failed optional dependency /Users/juanfranciscomanzanogarcia/Desktop/push-angular/node_modules/@esbuild/openbsd-arm64
4363 silly reify mark deleted [
4363 silly reify   '/Users/juanfranciscomanzanogarcia/Desktop/push-angular/node_modules/@esbuild/openbsd-arm64'
4363 silly reify ]
4364 verbose reify failed optional dependency /Users/juanfranciscomanzanogarcia/Desktop/push-angular/node_modules/@esbuild/netbsd-x64
4365 silly reify mark deleted [
4365 silly reify   '/Users/juanfranciscomanzanogarcia/Desktop/push-angular/node_modules/@esbuild/netbsd-x64'
4365 silly reify ]
4366 verbose reify failed optional dependency /Users/juanfranciscomanzanogarcia/Desktop/push-angular/node_modules/@esbuild/netbsd-arm64
4367 silly reify mark deleted [
4367 silly reify   '/Users/juanfranciscomanzanogarcia/Desktop/push-angular/node_modules/@esbuild/netbsd-arm64'
4367 silly reify ]
4368 verbose reify failed optional dependency /Users/juanfranciscomanzanogarcia/Desktop/push-angular/node_modules/@esbuild/linux-x64
4369 silly reify mark deleted [
4369 silly reify   '/Users/juanfranciscomanzanogarcia/Desktop/push-angular/node_modules/@esbuild/linux-x64'
4369 silly reify ]
4370 verbose reify failed optional dependency /Users/juanfranciscomanzanogarcia/Desktop/push-angular/node_modules/@esbuild/linux-s390x
4371 silly reify mark deleted [
4371 silly reify   '/Users/juanfranciscomanzanogarcia/Desktop/push-angular/node_modules/@esbuild/linux-s390x'
4371 silly reify ]
4372 verbose reify failed optional dependency /Users/juanfranciscomanzanogarcia/Desktop/push-angular/node_modules/@esbuild/linux-riscv64
4373 silly reify mark deleted [
4373 silly reify   '/Users/juanfranciscomanzanogarcia/Desktop/push-angular/node_modules/@esbuild/linux-riscv64'
4373 silly reify ]
4374 verbose reify failed optional dependency /Users/juanfranciscomanzanogarcia/Desktop/push-angular/node_modules/@esbuild/linux-ppc64
4375 silly reify mark deleted [
4375 silly reify   '/Users/juanfranciscomanzanogarcia/Desktop/push-angular/node_modules/@esbuild/linux-ppc64'
4375 silly reify ]
4376 verbose reify failed optional dependency /Users/juanfranciscomanzanogarcia/Desktop/push-angular/node_modules/@esbuild/linux-mips64el
4377 silly reify mark deleted [
4377 silly reify   '/Users/juanfranciscomanzanogarcia/Desktop/push-angular/node_modules/@esbuild/linux-mips64el'
4377 silly reify ]
4378 verbose reify failed optional dependency /Users/juanfranciscomanzanogarcia/Desktop/push-angular/node_modules/@esbuild/linux-loong64
4379 silly reify mark deleted [
4379 silly reify   '/Users/juanfranciscomanzanogarcia/Desktop/push-angular/node_modules/@esbuild/linux-loong64'
4379 silly reify ]
4380 verbose reify failed optional dependency /Users/juanfranciscomanzanogarcia/Desktop/push-angular/node_modules/@esbuild/linux-ia32
4381 silly reify mark deleted [
4381 silly reify   '/Users/juanfranciscomanzanogarcia/Desktop/push-angular/node_modules/@esbuild/linux-ia32'
4381 silly reify ]
4382 verbose reify failed optional dependency /Users/juanfranciscomanzanogarcia/Desktop/push-angular/node_modules/@esbuild/linux-arm64
4383 silly reify mark deleted [
4383 silly reify   '/Users/juanfranciscomanzanogarcia/Desktop/push-angular/node_modules/@esbuild/linux-arm64'
4383 silly reify ]
4384 verbose reify failed optional dependency /Users/juanfranciscomanzanogarcia/Desktop/push-angular/node_modules/@esbuild/linux-arm
4385 silly reify mark deleted [
4385 silly reify   '/Users/juanfranciscomanzanogarcia/Desktop/push-angular/node_modules/@esbuild/linux-arm'
4385 silly reify ]
4386 verbose reify failed optional dependency /Users/juanfranciscomanzanogarcia/Desktop/push-angular/node_modules/@esbuild/freebsd-x64
4387 silly reify mark deleted [
4387 silly reify   '/Users/juanfranciscomanzanogarcia/Desktop/push-angular/node_modules/@esbuild/freebsd-x64'
4387 silly reify ]
4388 verbose reify failed optional dependency /Users/juanfranciscomanzanogarcia/Desktop/push-angular/node_modules/@esbuild/freebsd-arm64
4389 silly reify mark deleted [
4389 silly reify   '/Users/juanfranciscomanzanogarcia/Desktop/push-angular/node_modules/@esbuild/freebsd-arm64'
4389 silly reify ]
4390 verbose reify failed optional dependency /Users/juanfranciscomanzanogarcia/Desktop/push-angular/node_modules/@esbuild/darwin-x64
4391 silly reify mark deleted [
4391 silly reify   '/Users/juanfranciscomanzanogarcia/Desktop/push-angular/node_modules/@esbuild/darwin-x64'
4391 silly reify ]
4392 verbose reify failed optional dependency /Users/juanfranciscomanzanogarcia/Desktop/push-angular/node_modules/@esbuild/android-x64
4393 silly reify mark deleted [
4393 silly reify   '/Users/juanfranciscomanzanogarcia/Desktop/push-angular/node_modules/@esbuild/android-x64'
4393 silly reify ]
4394 verbose reify failed optional dependency /Users/juanfranciscomanzanogarcia/Desktop/push-angular/node_modules/@esbuild/android-arm64
4395 silly reify mark deleted [
4395 silly reify   '/Users/juanfranciscomanzanogarcia/Desktop/push-angular/node_modules/@esbuild/android-arm64'
4395 silly reify ]
4396 verbose reify failed optional dependency /Users/juanfranciscomanzanogarcia/Desktop/push-angular/node_modules/@esbuild/android-arm
4397 silly reify mark deleted [
4397 silly reify   '/Users/juanfranciscomanzanogarcia/Desktop/push-angular/node_modules/@esbuild/android-arm'
4397 silly reify ]
4398 verbose reify failed optional dependency /Users/juanfranciscomanzanogarcia/Desktop/push-angular/node_modules/@esbuild/aix-ppc64
4399 silly reify mark deleted [
4399 silly reify   '/Users/juanfranciscomanzanogarcia/Desktop/push-angular/node_modules/@esbuild/aix-ppc64'
4399 silly reify ]
4400 verbose reify failed optional dependency /Users/juanfranciscomanzanogarcia/Desktop/push-angular/node_modules/vite/node_modules/@esbuild/win32-x64
4401 silly reify mark deleted [
4401 silly reify   '/Users/juanfranciscomanzanogarcia/Desktop/push-angular/node_modules/vite/node_modules/@esbuild/win32-x64'
4401 silly reify ]
4402 verbose reify failed optional dependency /Users/juanfranciscomanzanogarcia/Desktop/push-angular/node_modules/vite/node_modules/@esbuild/win32-ia32
4403 silly reify mark deleted [
4403 silly reify   '/Users/juanfranciscomanzanogarcia/Desktop/push-angular/node_modules/vite/node_modules/@esbuild/win32-ia32'
4403 silly reify ]
4404 verbose reify failed optional dependency /Users/juanfranciscomanzanogarcia/Desktop/push-angular/node_modules/vite/node_modules/@esbuild/win32-arm64
4405 silly reify mark deleted [
4405 silly reify   '/Users/juanfranciscomanzanogarcia/Desktop/push-angular/node_modules/vite/node_modules/@esbuild/win32-arm64'
4405 silly reify ]
4406 verbose reify failed optional dependency /Users/juanfranciscomanzanogarcia/Desktop/push-angular/node_modules/vite/node_modules/@esbuild/sunos-x64
4407 silly reify mark deleted [
4407 silly reify   '/Users/juanfranciscomanzanogarcia/Desktop/push-angular/node_modules/vite/node_modules/@esbuild/sunos-x64'
4407 silly reify ]
4408 verbose reify failed optional dependency /Users/juanfranciscomanzanogarcia/Desktop/push-angular/node_modules/vite/node_modules/@esbuild/openharmony-arm64
4409 silly reify mark deleted [
4409 silly reify   '/Users/juanfranciscomanzanogarcia/Desktop/push-angular/node_modules/vite/node_modules/@esbuild/openharmony-arm64'
4409 silly reify ]
4410 verbose reify failed optional dependency /Users/juanfranciscomanzanogarcia/Desktop/push-angular/node_modules/vite/node_modules/@esbuild/openbsd-x64
4411 silly reify mark deleted [
4411 silly reify   '/Users/juanfranciscomanzanogarcia/Desktop/push-angular/node_modules/vite/node_modules/@esbuild/openbsd-x64'
4411 silly reify ]
4412 verbose reify failed optional dependency /Users/juanfranciscomanzanogarcia/Desktop/push-angular/node_modules/vite/node_modules/@esbuild/openbsd-arm64
4413 silly reify mark deleted [
4413 silly reify   '/Users/juanfranciscomanzanogarcia/Desktop/push-angular/node_modules/vite/node_modules/@esbuild/openbsd-arm64'
4413 silly reify ]
4414 verbose reify failed optional dependency /Users/juanfranciscomanzanogarcia/Desktop/push-angular/node_modules/vite/node_modules/@esbuild/netbsd-x64
4415 silly reify mark deleted [
4415 silly reify   '/Users/juanfranciscomanzanogarcia/Desktop/push-angular/node_modules/vite/node_modules/@esbuild/netbsd-x64'
4415 silly reify ]
4416 verbose reify failed optional dependency /Users/juanfranciscomanzanogarcia/Desktop/push-angular/node_modules/vite/node_modules/@esbuild/netbsd-arm64
4417 silly reify mark deleted [
4417 silly reify   '/Users/juanfranciscomanzanogarcia/Desktop/push-angular/node_modules/vite/node_modules/@esbuild/netbsd-arm64'
4417 silly reify ]
4418 verbose reify failed optional dependency /Users/juanfranciscomanzanogarcia/Desktop/push-angular/node_modules/vite/node_modules/@esbuild/linux-x64
4419 silly reify mark deleted [
4419 silly reify   '/Users/juanfranciscomanzanogarcia/Desktop/push-angular/node_modules/vite/node_modules/@esbuild/linux-x64'
4419 silly reify ]
4420 verbose reify failed optional dependency /Users/juanfranciscomanzanogarcia/Desktop/push-angular/node_modules/vite/node_modules/@esbuild/linux-s390x
4421 silly reify mark deleted [
4421 silly reify   '/Users/juanfranciscomanzanogarcia/Desktop/push-angular/node_modules/vite/node_modules/@esbuild/linux-s390x'
4421 silly reify ]
4422 verbose reify failed optional dependency /Users/juanfranciscomanzanogarcia/Desktop/push-angular/node_modules/vite/node_modules/@esbuild/linux-riscv64
4423 silly reify mark deleted [
4423 silly reify   '/Users/juanfranciscomanzanogarcia/Desktop/push-angular/node_modules/vite/node_modules/@esbuild/linux-riscv64'
4423 silly reify ]
4424 verbose reify failed optional dependency /Users/juanfranciscomanzanogarcia/Desktop/push-angular/node_modules/vite/node_modules/@esbuild/linux-ppc64
4425 silly reify mark deleted [
4425 silly reify   '/Users/juanfranciscomanzanogarcia/Desktop/push-angular/node_modules/vite/node_modules/@esbuild/linux-ppc64'
4425 silly reify ]
4426 verbose reify failed optional dependency /Users/juanfranciscomanzanogarcia/Desktop/push-angular/node_modules/vite/node_modules/@esbuild/linux-mips64el
4427 silly reify mark deleted [
4427 silly reify   '/Users/juanfranciscomanzanogarcia/Desktop/push-angular/node_modules/vite/node_modules/@esbuild/linux-mips64el'
4427 silly reify ]
4428 verbose reify failed optional dependency /Users/juanfranciscomanzanogarcia/Desktop/push-angular/node_modules/vite/node_modules/@esbuild/linux-loong64
4429 silly reify mark deleted [
4429 silly reify   '/Users/juanfranciscomanzanogarcia/Desktop/push-angular/node_modules/vite/node_modules/@esbuild/linux-loong64'
4429 silly reify ]
4430 verbose reify failed optional dependency /Users/juanfranciscomanzanogarcia/Desktop/push-angular/node_modules/vite/node_modules/@esbuild/linux-ia32
4431 silly reify mark deleted [
4431 silly reify   '/Users/juanfranciscomanzanogarcia/Desktop/push-angular/node_modules/vite/node_modules/@esbuild/linux-ia32'
4431 silly reify ]
4432 verbose reify failed optional dependency /Users/juanfranciscomanzanogarcia/Desktop/push-angular/node_modules/vite/node_modules/@esbuild/linux-arm64
4433 silly reify mark deleted [
4433 silly reify   '/Users/juanfranciscomanzanogarcia/Desktop/push-angular/node_modules/vite/node_modules/@esbuild/linux-arm64'
4433 silly reify ]
4434 verbose reify failed optional dependency /Users/juanfranciscomanzanogarcia/Desktop/push-angular/node_modules/vite/node_modules/@esbuild/linux-arm
4435 silly reify mark deleted [
4435 silly reify   '/Users/juanfranciscomanzanogarcia/Desktop/push-angular/node_modules/vite/node_modules/@esbuild/linux-arm'
4435 silly reify ]
4436 verbose reify failed optional dependency /Users/juanfranciscomanzanogarcia/Desktop/push-angular/node_modules/vite/node_modules/@esbuild/freebsd-x64
4437 silly reify mark deleted [
4437 silly reify   '/Users/juanfranciscomanzanogarcia/Desktop/push-angular/node_modules/vite/node_modules/@esbuild/freebsd-x64'
4437 silly reify ]
4438 verbose reify failed optional dependency /Users/juanfranciscomanzanogarcia/Desktop/push-angular/node_modules/vite/node_modules/@esbuild/freebsd-arm64
4439 silly reify mark deleted [
4439 silly reify   '/Users/juanfranciscomanzanogarcia/Desktop/push-angular/node_modules/vite/node_modules/@esbuild/freebsd-arm64'
4439 silly reify ]
4440 verbose reify failed optional dependency /Users/juanfranciscomanzanogarcia/Desktop/push-angular/node_modules/vite/node_modules/@esbuild/darwin-x64
4441 silly reify mark deleted [
4441 silly reify   '/Users/juanfranciscomanzanogarcia/Desktop/push-angular/node_modules/vite/node_modules/@esbuild/darwin-x64'
4441 silly reify ]
4442 verbose reify failed optional dependency /Users/juanfranciscomanzanogarcia/Desktop/push-angular/node_modules/vite/node_modules/@esbuild/android-x64
4443 silly reify mark deleted [
4443 silly reify   '/Users/juanfranciscomanzanogarcia/Desktop/push-angular/node_modules/vite/node_modules/@esbuild/android-x64'
4443 silly reify ]
4444 verbose reify failed optional dependency /Users/juanfranciscomanzanogarcia/Desktop/push-angular/node_modules/vite/node_modules/@esbuild/android-arm64
4445 silly reify mark deleted [
4445 silly reify   '/Users/juanfranciscomanzanogarcia/Desktop/push-angular/node_modules/vite/node_modules/@esbuild/android-arm64'
4445 silly reify ]
4446 verbose reify failed optional dependency /Users/juanfranciscomanzanogarcia/Desktop/push-angular/node_modules/vite/node_modules/@esbuild/android-arm
4447 silly reify mark deleted [
4447 silly reify   '/Users/juanfranciscomanzanogarcia/Desktop/push-angular/node_modules/vite/node_modules/@esbuild/android-arm'
4447 silly reify ]
4448 verbose reify failed optional dependency /Users/juanfranciscomanzanogarcia/Desktop/push-angular/node_modules/vite/node_modules/@esbuild/aix-ppc64
4449 silly reify mark deleted [
4449 silly reify   '/Users/juanfranciscomanzanogarcia/Desktop/push-angular/node_modules/vite/node_modules/@esbuild/aix-ppc64'
4449 silly reify ]
4450 http cache require-directory@https://registry.npmjs.org/require-directory/-/require-directory-2.1.1.tgz 0ms (cache hit)
4451 http cache binary-extensions@https://registry.npmjs.org/binary-extensions/-/binary-extensions-2.3.0.tgz 0ms (cache hit)
4452 http cache normalize-path@https://registry.npmjs.org/normalize-path/-/normalize-path-3.0.0.tgz 0ms (cache hit)
4453 http cache anymatch@https://registry.npmjs.org/anymatch/-/anymatch-3.1.3.tgz 0ms (cache hit)
4454 http cache is-binary-path@https://registry.npmjs.org/is-binary-path/-/is-binary-path-2.1.0.tgz 0ms (cache hit)
4455 http cache destroy@https://registry.npmjs.org/destroy/-/destroy-1.2.0.tgz 0ms (cache hit)
4456 http cache queue-microtask@https://registry.npmjs.org/queue-microtask/-/queue-microtask-1.2.3.tgz 0ms (cache hit)
4457 http cache fastq@https://registry.npmjs.org/fastq/-/fastq-1.20.1.tgz 0ms (cache hit)
4458 http cache reusify@https://registry.npmjs.org/reusify/-/reusify-1.1.0.tgz 0ms (cache hit)
4459 http cache run-parallel@https://registry.npmjs.org/run-parallel/-/run-parallel-1.2.0.tgz 0ms (cache hit)
4460 http cache @nodelib/fs.scandir@https://registry.npmjs.org/@nodelib/fs.scandir/-/fs.scandir-2.1.5.tgz 0ms (cache hit)
4461 http cache merge2@https://registry.npmjs.org/merge2/-/merge2-1.4.1.tgz 0ms (cache hit)
4462 http cache @nodelib/fs.walk@https://registry.npmjs.org/@nodelib/fs.walk/-/fs.walk-1.2.8.tgz 0ms (cache hit)
4463 http cache fast-glob@https://registry.npmjs.org/fast-glob/-/fast-glob-3.3.3.tgz 0ms (cache hit)
4464 http cache path-scurry@https://registry.npmjs.org/path-scurry/-/path-scurry-2.0.2.tgz 0ms (cache hit)
4465 http cache @nodelib/fs.stat@https://registry.npmjs.org/@nodelib/fs.stat/-/fs.stat-2.0.5.tgz 0ms (cache hit)
4466 http cache uri-js@https://registry.npmjs.org/uri-js/-/uri-js-4.4.1.tgz 0ms (cache hit)
4467 http cache fast-json-stable-stringify@https://registry.npmjs.org/fast-json-stable-stringify/-/fast-json-stable-stringify-2.1.0.tgz 0ms (cache hit)
4468 http cache concat-map@https://registry.npmjs.org/concat-map/-/concat-map-0.0.1.tgz 0ms (cache hit)
4469 http cache yoctocolors@https://registry.npmjs.org/yoctocolors/-/yoctocolors-2.1.2.tgz 0ms (cache hit)
4470 http cache yargs-parser@https://registry.npmjs.org/yargs-parser/-/yargs-parser-22.0.0.tgz 0ms (cache hit)
4471 http cache y18n@https://registry.npmjs.org/y18n/-/y18n-5.0.8.tgz 0ms (cache hit)
4472 http cache get-caller-file@https://registry.npmjs.org/get-caller-file/-/get-caller-file-2.0.5.tgz 0ms (cache hit)
4473 http cache isexe@https://registry.npmjs.org/isexe/-/isexe-2.0.0.tgz 0ms (cache hit)
4474 http cache glob-to-regexp@https://registry.npmjs.org/glob-to-regexp/-/glob-to-regexp-0.4.1.tgz 0ms (cache hit)
4475 http cache graphemer@https://registry.npmjs.org/graphemer/-/graphemer-1.4.0.tgz 0ms (cache hit)
4476 http cache cliui@https://registry.npmjs.org/cliui/-/cliui-9.0.1.tgz 0ms (cache hit)
4477 http cache @typescript-eslint/type-utils@https://registry.npmjs.org/@typescript-eslint/type-utils/-/type-utils-8.46.4.tgz 0ms (cache hit)
4478 http cache @typescript-eslint/parser@https://registry.npmjs.org/@typescript-eslint/parser/-/parser-8.46.4.tgz 0ms (cache hit)
4479 http cache @typescript-eslint/eslint-plugin@https://registry.npmjs.org/@typescript-eslint/eslint-plugin/-/eslint-plugin-8.46.4.tgz 0ms (cache hit)
4480 http cache media-typer@https://registry.npmjs.org/media-typer/-/media-typer-1.1.0.tgz 0ms (cache hit)
4481 http cache @tufjs/canonical-json@https://registry.npmjs.org/@tufjs/canonical-json/-/canonical-json-2.0.0.tgz 0ms (cache hit)
4482 http cache @tufjs/models@https://registry.npmjs.org/@tufjs/models/-/models-4.1.0.tgz 0ms (cache hit)
4483 http cache is-number@https://registry.npmjs.org/is-number/-/is-number-7.0.0.tgz 0ms (cache hit)
4484 http cache fdir@https://registry.npmjs.org/fdir/-/fdir-6.5.0.tgz 0ms (cache hit)
4485 http cache chownr@https://registry.npmjs.org/chownr/-/chownr-3.0.0.tgz 0ms (cache hit)
4486 http cache @isaacs/fs-minipass@https://registry.npmjs.org/@isaacs/fs-minipass/-/fs-minipass-4.0.1.tgz 0ms (cache hit)
4487 http cache has-flag@https://registry.npmjs.org/has-flag/-/has-flag-4.0.0.tgz 0ms (cache hit)
4488 http cache ansi-regex@https://registry.npmjs.org/ansi-regex/-/ansi-regex-6.2.2.tgz 0ms (cache hit)
4489 http cache emoji-regex@https://registry.npmjs.org/emoji-regex/-/emoji-regex-10.6.0.tgz 0ms (cache hit)
4490 http cache universalify@https://registry.npmjs.org/universalify/-/universalify-0.1.2.tgz 0ms (cache hit)
4491 http cache get-east-asian-width@https://registry.npmjs.org/get-east-asian-width/-/get-east-asian-width-1.6.0.tgz 0ms (cache hit)
4492 http cache jsonfile@https://registry.npmjs.org/jsonfile/-/jsonfile-4.0.0.tgz 0ms (cache hit)
4493 http cache spdx-license-ids@https://registry.npmjs.org/spdx-license-ids/-/spdx-license-ids-3.0.23.tgz 0ms (cache hit)
4494 http cache fs-extra@https://registry.npmjs.org/fs-extra/-/fs-extra-8.1.0.tgz 0ms (cache hit)
4495 http cache spdx-exceptions@https://registry.npmjs.org/spdx-exceptions/-/spdx-exceptions-2.5.0.tgz 0ms (cache hit)
4496 http cache buffer-from@https://registry.npmjs.org/buffer-from/-/buffer-from-1.1.2.tgz 0ms (cache hit)
4497 http cache smart-buffer@https://registry.npmjs.org/smart-buffer/-/smart-buffer-4.2.0.tgz 0ms (cache hit)
4498 http cache socks@https://registry.npmjs.org/socks/-/socks-2.8.9.tgz 0ms (cache hit)
4499 http cache @socket.io/component-emitter@https://registry.npmjs.org/@socket.io/component-emitter/-/component-emitter-3.1.2.tgz 0ms (cache hit)
4500 http cache ws@https://registry.npmjs.org/ws/-/ws-8.20.1.tgz 0ms (cache hit)
4501 http cache engine.io-parser@https://registry.npmjs.org/engine.io-parser/-/engine.io-parser-5.2.3.tgz 0ms (cache hit)
4502 http cache @types/ws@https://registry.npmjs.org/@types/ws/-/ws-8.18.1.tgz 0ms (cache hit)
4503 http cache @types/cors@https://registry.npmjs.org/@types/cors/-/cors-2.8.19.tgz 0ms (cache hit)
4504 http cache micromatch@https://registry.npmjs.org/micromatch/-/micromatch-4.0.8.tgz 0ms (cache hit)
4505 http cache socket.io-parser@https://registry.npmjs.org/socket.io-parser/-/socket.io-parser-4.2.6.tgz 0ms (cache hit)
4506 http cache engine.io@https://registry.npmjs.org/engine.io/-/engine.io-6.6.8.tgz 0ms (cache hit)
4507 http cache base64id@https://registry.npmjs.org/base64id/-/base64id-2.0.0.tgz 0ms (cache hit)
4508 http cache is-fullwidth-code-point@https://registry.npmjs.org/is-fullwidth-code-point/-/is-fullwidth-code-point-4.0.0.tgz 0ms (cache hit)
4509 http cache tuf-js@https://registry.npmjs.org/tuf-js/-/tuf-js-4.1.0.tgz 0ms (cache hit)
4510 http cache socket.io-adapter@https://registry.npmjs.org/socket.io-adapter/-/socket.io-adapter-2.5.7.tgz 0ms (cache hit)
4511 http cache @sigstore/sign@https://registry.npmjs.org/@sigstore/sign/-/sign-4.1.1.tgz 0ms (cache hit)
4512 http cache @sigstore/protobuf-specs@https://registry.npmjs.org/@sigstore/protobuf-specs/-/protobuf-specs-0.5.1.tgz 0ms (cache hit)
4513 http cache @sigstore/tuf@https://registry.npmjs.org/@sigstore/tuf/-/tuf-4.0.2.tgz 0ms (cache hit)
4514 http cache @sigstore/core@https://registry.npmjs.org/@sigstore/core/-/core-3.2.1.tgz 0ms (cache hit)
4515 http cache @sigstore/bundle@https://registry.npmjs.org/@sigstore/bundle/-/bundle-4.0.0.tgz 0ms (cache hit)
4516 http cache side-channel-list@https://registry.npmjs.org/side-channel-list/-/side-channel-list-1.0.1.tgz 0ms (cache hit)
4517 http cache object-inspect@https://registry.npmjs.org/object-inspect/-/object-inspect-1.13.4.tgz 0ms (cache hit)
4518 http cache side-channel-weakmap@https://registry.npmjs.org/side-channel-weakmap/-/side-channel-weakmap-1.0.2.tgz 0ms (cache hit)
4519 http cache @parcel/watcher-darwin-arm64@https://registry.npmjs.org/@parcel/watcher-darwin-arm64/-/watcher-darwin-arm64-2.5.6.tgz 0ms (cache hit)
4520 http cache immutable@https://registry.npmjs.org/immutable/-/immutable-5.1.6.tgz 0ms (cache hit)
4521 http cache @parcel/watcher@https://registry.npmjs.org/@parcel/watcher/-/watcher-2.5.6.tgz 0ms (cache hit)
4522 http cache has-tostringtag@https://registry.npmjs.org/has-tostringtag/-/has-tostringtag-1.0.2.tgz 0ms (cache hit)
4523 http cache shebang-regex@https://registry.npmjs.org/shebang-regex/-/shebang-regex-3.0.0.tgz 0ms (cache hit)
4524 http cache side-channel-map@https://registry.npmjs.org/side-channel-map/-/side-channel-map-1.0.1.tgz 0ms (cache hit)
4525 http cache is-regex@https://registry.npmjs.org/is-regex/-/is-regex-1.2.1.tgz 0ms (cache hit)
4526 http cache path-to-regexp@https://registry.npmjs.org/path-to-regexp/-/path-to-regexp-8.4.2.tgz 0ms (cache hit)
4527 http cache @sigstore/verify@https://registry.npmjs.org/@sigstore/verify/-/verify-3.1.1.tgz 0ms (cache hit)
4528 http cache fsevents@https://registry.npmjs.org/fsevents/-/fsevents-2.3.3.tgz 0ms (cache hit)
4529 http cache is-promise@https://registry.npmjs.org/is-promise/-/is-promise-4.0.0.tgz 0ms (cache hit)
4530 http cache @rollup/rollup-darwin-arm64@https://registry.npmjs.org/@rollup/rollup-darwin-arm64/-/rollup-darwin-arm64-4.59.0.tgz 0ms (cache hit)
4531 http cache mimic-function@https://registry.npmjs.org/mimic-function/-/mimic-function-5.0.1.tgz 0ms (cache hit)
4532 http cache supports-preserve-symlinks-flag@https://registry.npmjs.org/supports-preserve-symlinks-flag/-/supports-preserve-symlinks-flag-1.0.0.tgz 0ms (cache hit)
4533 http cache path-parse@https://registry.npmjs.org/path-parse/-/path-parse-1.0.7.tgz 0ms (cache hit)
4534 http cache onetime@https://registry.npmjs.org/onetime/-/onetime-7.0.0.tgz 0ms (cache hit)
4535 http cache is-core-module@https://registry.npmjs.org/is-core-module/-/is-core-module-2.16.2.tgz 0ms (cache hit)
4536 http cache unpipe@https://registry.npmjs.org/unpipe/-/unpipe-1.0.0.tgz 0ms (cache hit)
4537 http cache side-channel@https://registry.npmjs.org/side-channel/-/side-channel-1.1.1.tgz 0ms (cache hit)
4538 http cache ipaddr.js@https://registry.npmjs.org/ipaddr.js/-/ipaddr.js-1.9.1.tgz 0ms (cache hit)
4539 http cache forwarded@https://registry.npmjs.org/forwarded/-/forwarded-0.2.0.tgz 0ms (cache hit)
4540 http cache nanoid@https://registry.npmjs.org/nanoid/-/nanoid-3.3.12.tgz 0ms (cache hit)
4541 http cache retry@https://registry.npmjs.org/retry/-/retry-0.12.0.tgz 0ms (cache hit)
4542 http cache source-map-js@https://registry.npmjs.org/source-map-js/-/source-map-js-1.2.1.tgz 0ms (cache hit)
4543 http cache err-code@https://registry.npmjs.org/err-code/-/err-code-2.0.3.tgz 0ms (cache hit)
4544 http cache parse5-sax-parser@https://registry.npmjs.org/parse5-sax-parser/-/parse5-sax-parser-8.0.0.tgz 0ms (cache hit)
4545 http cache parse5@https://registry.npmjs.org/parse5/-/parse5-8.0.1.tgz 0ms (cache hit)
4546 http cache @napi-rs/nice@https://registry.npmjs.org/@napi-rs/nice/-/nice-1.1.1.tgz 0ms (cache hit)
4547 http cache is-arrayish@https://registry.npmjs.org/is-arrayish/-/is-arrayish-0.2.1.tgz 0ms (cache hit)
4548 http cache lines-and-columns@https://registry.npmjs.org/lines-and-columns/-/lines-and-columns-1.2.4.tgz 0ms (cache hit)
4549 http cache @napi-rs/nice-darwin-arm64@https://registry.npmjs.org/@napi-rs/nice-darwin-arm64/-/nice-darwin-arm64-1.1.1.tgz 0ms (cache hit)
4550 http cache error-ex@https://registry.npmjs.org/error-ex/-/error-ex-1.3.4.tgz 0ms (cache hit)
4551 http cache callsites@https://registry.npmjs.org/callsites/-/callsites-3.1.0.tgz 0ms (cache hit)
4552 http cache minipass-sized@https://registry.npmjs.org/minipass-sized/-/minipass-sized-2.0.0.tgz 0ms (cache hit)
4553 http cache http-proxy-agent@https://registry.npmjs.org/http-proxy-agent/-/http-proxy-agent-7.0.2.tgz 0ms (cache hit)
4554 http cache http-cache-semantics@https://registry.npmjs.org/http-cache-semantics/-/http-cache-semantics-4.2.0.tgz 0ms (cache hit)
4555 http cache @npmcli/agent@https://registry.npmjs.org/@npmcli/agent/-/agent-4.0.2.tgz 0ms (cache hit)
4556 http cache minipass-fetch@https://registry.npmjs.org/minipass-fetch/-/minipass-fetch-5.0.2.tgz 0ms (cache hit)
4557 http cache socks-proxy-agent@https://registry.npmjs.org/socks-proxy-agent/-/socks-proxy-agent-8.0.5.tgz 0ms (cache hit)
4558 http cache make-fetch-happen@https://registry.npmjs.org/make-fetch-happen/-/make-fetch-happen-15.0.6.tgz 0ms (cache hit)
4559 http cache minizlib@https://registry.npmjs.org/minizlib/-/minizlib-3.1.0.tgz 0ms (cache hit)
4560 http cache @npmcli/redact@https://registry.npmjs.org/@npmcli/redact/-/redact-4.0.0.tgz 0ms (cache hit)
4561 http cache ignore-walk@https://registry.npmjs.org/ignore-walk/-/ignore-walk-8.0.0.tgz 0ms (cache hit)
4562 http cache jsonparse@https://registry.npmjs.org/jsonparse/-/jsonparse-1.3.1.tgz 0ms (cache hit)
4563 http cache abbrev@https://registry.npmjs.org/abbrev/-/abbrev-4.0.0.tgz 0ms (cache hit)
4564 http cache npm-install-checks@https://registry.npmjs.org/npm-install-checks/-/npm-install-checks-8.0.0.tgz 0ms (cache hit)
4565 http cache exponential-backoff@https://registry.npmjs.org/exponential-backoff/-/exponential-backoff-3.1.3.tgz 0ms (cache hit)
4566 http cache nopt@https://registry.npmjs.org/nopt/-/nopt-9.0.0.tgz 0ms (cache hit)
4567 http cache undici@https://registry.npmjs.org/undici/-/undici-6.26.0.tgz 0ms (cache hit)
4568 http cache minipass-pipeline@https://registry.npmjs.org/minipass-pipeline/-/minipass-pipeline-1.2.4.tgz 0ms (cache hit)
4569 http cache minipass-flush@https://registry.npmjs.org/minipass-flush/-/minipass-flush-1.0.7.tgz 0ms (cache hit)
4570 http cache p-map@https://registry.npmjs.org/p-map/-/p-map-7.0.4.tgz 0ms (cache hit)
4571 http cache @npmcli/fs@https://registry.npmjs.org/@npmcli/fs/-/fs-5.0.0.tgz 0ms (cache hit)
4572 http cache node-gyp@https://registry.npmjs.org/node-gyp/-/node-gyp-12.4.0.tgz 0ms (cache hit)
4573 http cache minipass-collect@https://registry.npmjs.org/minipass-collect/-/minipass-collect-2.0.1.tgz 0ms (cache hit)
4574 http cache spdx-expression-parse@https://registry.npmjs.org/spdx-expression-parse/-/spdx-expression-parse-4.0.0.tgz 0ms (cache hit)
4575 http cache json-parse-even-better-errors@https://registry.npmjs.org/json-parse-even-better-errors/-/json-parse-even-better-errors-5.0.0.tgz 0ms (cache hit)
4576 http cache @npmcli/node-gyp@https://registry.npmjs.org/@npmcli/node-gyp/-/node-gyp-5.0.0.tgz 0ms (cache hit)
4577 http cache npm-bundled@https://registry.npmjs.org/npm-bundled/-/npm-bundled-5.0.0.tgz 0ms (cache hit)
4578 http cache @gar/promise-retry@https://registry.npmjs.org/@gar/promise-retry/-/promise-retry-1.0.3.tgz 0ms (cache hit)
4579 http cache npm-normalize-package-bin@https://registry.npmjs.org/npm-normalize-package-bin/-/npm-normalize-package-bin-5.0.0.tgz 0ms (cache hit)
4580 http cache ssri@https://registry.npmjs.org/ssri/-/ssri-13.0.1.tgz 0ms (cache hit)
4581 http cache sigstore@https://registry.npmjs.org/sigstore/-/sigstore-4.1.1.tgz 0ms (cache hit)
4582 http cache npm-registry-fetch@https://registry.npmjs.org/npm-registry-fetch/-/npm-registry-fetch-19.1.1.tgz 0ms (cache hit)
4583 http cache npm-pick-manifest@https://registry.npmjs.org/npm-pick-manifest/-/npm-pick-manifest-11.0.3.tgz 0ms (cache hit)
4584 http cache tar@https://registry.npmjs.org/tar/-/tar-7.5.16.tgz 0ms (cache hit)
4585 http cache npm-packlist@https://registry.npmjs.org/npm-packlist/-/npm-packlist-10.0.4.tgz 0ms (cache hit)
4586 http cache cacache@https://registry.npmjs.org/cacache/-/cacache-20.0.4.tgz 0ms (cache hit)
4587 http cache minipass@https://registry.npmjs.org/minipass/-/minipass-7.1.3.tgz 0ms (cache hit)
4588 http cache @npmcli/package-json@https://registry.npmjs.org/@npmcli/package-json/-/package-json-7.0.5.tgz 0ms (cache hit)
4589 http cache @npmcli/promise-spawn@https://registry.npmjs.org/@npmcli/promise-spawn/-/promise-spawn-9.0.1.tgz 0ms (cache hit)
4590 http cache fs-minipass@https://registry.npmjs.org/fs-minipass/-/fs-minipass-3.0.3.tgz 0ms (cache hit)
4591 http cache @npmcli/installed-package-contents@https://registry.npmjs.org/@npmcli/installed-package-contents/-/installed-package-contents-4.0.0.tgz 0ms (cache hit)
4592 http cache @npmcli/run-script@https://registry.npmjs.org/@npmcli/run-script/-/run-script-10.0.4.tgz 0ms (cache hit)
4593 http cache p-limit@https://registry.npmjs.org/p-limit/-/p-limit-3.1.0.tgz 0ms (cache hit)
4594 http cache promise-retry@https://registry.npmjs.org/promise-retry/-/promise-retry-2.0.1.tgz 0ms (cache hit)
4595 http cache stdin-discarder@https://registry.npmjs.org/stdin-discarder/-/stdin-discarder-0.2.2.tgz 0ms (cache hit)
4596 http cache is-unicode-supported@https://registry.npmjs.org/is-unicode-supported/-/is-unicode-supported-2.1.0.tgz 0ms (cache hit)
4597 http cache @npmcli/git@https://registry.npmjs.org/@npmcli/git/-/git-7.0.2.tgz 0ms (cache hit)
4598 http cache is-interactive@https://registry.npmjs.org/is-interactive/-/is-interactive-2.0.0.tgz 0ms (cache hit)
4599 http cache cli-spinners@https://registry.npmjs.org/cli-spinners/-/cli-spinners-2.9.2.tgz 0ms (cache hit)
4600 http cache fast-levenshtein@https://registry.npmjs.org/fast-levenshtein/-/fast-levenshtein-2.0.6.tgz 0ms (cache hit)
4601 http cache word-wrap@https://registry.npmjs.org/word-wrap/-/word-wrap-1.2.5.tgz 0ms (cache hit)
4602 http cache deep-is@https://registry.npmjs.org/deep-is/-/deep-is-0.1.4.tgz 0ms (cache hit)
4603 http cache ee-first@https://registry.npmjs.org/ee-first/-/ee-first-1.1.1.tgz 0ms (cache hit)
4604 http cache validate-npm-package-name@https://registry.npmjs.org/validate-npm-package-name/-/validate-npm-package-name-6.0.2.tgz 0ms (cache hit)
4605 http cache yocto-queue@https://registry.npmjs.org/yocto-queue/-/yocto-queue-0.1.0.tgz 0ms (cache hit)
4606 http cache proc-log@https://registry.npmjs.org/proc-log/-/proc-log-5.0.0.tgz 0ms (cache hit)
4607 http cache log-symbols@https://registry.npmjs.org/log-symbols/-/log-symbols-6.0.0.tgz 0ms (cache hit)
4608 http cache hosted-git-info@https://registry.npmjs.org/hosted-git-info/-/hosted-git-info-9.0.3.tgz 0ms (cache hit)
4609 http cache detect-libc@https://registry.npmjs.org/detect-libc/-/detect-libc-2.1.2.tgz 0ms (cache hit)
4610 http cache @msgpackr-extract/msgpackr-extract-darwin-arm64@https://registry.npmjs.org/@msgpackr-extract/msgpackr-extract-darwin-arm64/-/msgpackr-extract-darwin-arm64-3.0.4.tgz 0ms (cache hit)
4611 http cache msgpackr-extract@https://registry.npmjs.org/msgpackr-extract/-/msgpackr-extract-3.0.4.tgz 0ms (cache hit)
4612 http cache minimist@https://registry.npmjs.org/minimist/-/minimist-1.2.8.tgz 0ms (cache hit)
4613 http cache balanced-match@https://registry.npmjs.org/balanced-match/-/balanced-match-4.0.4.tgz 0ms (cache hit)
4614 http cache brace-expansion@https://registry.npmjs.org/brace-expansion/-/brace-expansion-5.0.6.tgz 0ms (cache hit)
4615 http cache mime-db@https://registry.npmjs.org/mime-db/-/mime-db-1.54.0.tgz 0ms (cache hit)
4616 http cache yallist@https://registry.npmjs.org/yallist/-/yallist-3.1.1.tgz 0ms (cache hit)
4617 http cache streamroller@https://registry.npmjs.org/streamroller/-/streamroller-3.1.5.tgz 0ms (cache hit)
4618 http cache date-format@https://registry.npmjs.org/date-format/-/date-format-4.0.14.tgz 0ms (cache hit)
4619 http cache restore-cursor@https://registry.npmjs.org/restore-cursor/-/restore-cursor-5.1.0.tgz 0ms (cache hit)
4620 http cache environment@https://registry.npmjs.org/environment/-/environment-1.1.0.tgz 0ms (cache hit)
4621 http cache cli-cursor@https://registry.npmjs.org/cli-cursor/-/cli-cursor-5.0.0.tgz 0ms (cache hit)
4622 http cache ansi-escapes@https://registry.npmjs.org/ansi-escapes/-/ansi-escapes-7.3.0.tgz 0ms (cache hit)
4623 http cache p-locate@https://registry.npmjs.org/p-locate/-/p-locate-5.0.0.tgz 0ms (cache hit)
4624 http cache weak-lru-cache@https://registry.npmjs.org/weak-lru-cache/-/weak-lru-cache-1.2.2.tgz 0ms (cache hit)
4625 http cache ordered-binary@https://registry.npmjs.org/ordered-binary/-/ordered-binary-1.6.1.tgz 0ms (cache hit)
4626 http cache node-gyp-build-optional-packages@https://registry.npmjs.org/node-gyp-build-optional-packages/-/node-gyp-build-optional-packages-5.2.2.tgz 0ms (cache hit)
4627 http cache strip-ansi@https://registry.npmjs.org/strip-ansi/-/strip-ansi-7.2.0.tgz 0ms (cache hit)
4628 http cache node-addon-api@https://registry.npmjs.org/node-addon-api/-/node-addon-api-6.1.0.tgz 0ms (cache hit)
4629 http cache @lmdb/lmdb-darwin-arm64@https://registry.npmjs.org/@lmdb/lmdb-darwin-arm64/-/lmdb-darwin-arm64-3.4.2.tgz 0ms (cache hit)
4630 http cache msgpackr@https://registry.npmjs.org/msgpackr/-/msgpackr-1.12.1.tgz 0ms (cache hit)
4631 http cache slice-ansi@https://registry.npmjs.org/slice-ansi/-/slice-ansi-5.0.0.tgz 0ms (cache hit)
4632 http cache string-width@https://registry.npmjs.org/string-width/-/string-width-7.2.0.tgz 0ms (cache hit)
4633 http cache rfdc@https://registry.npmjs.org/rfdc/-/rfdc-1.4.1.tgz 0ms (cache hit)
4634 http cache log-update@https://registry.npmjs.org/log-update/-/log-update-6.1.0.tgz 0ms (cache hit)
4635 http cache colorette@https://registry.npmjs.org/colorette/-/colorette-2.0.20.tgz 0ms (cache hit)
4636 http cache yaml@https://registry.npmjs.org/yaml/-/yaml-2.9.0.tgz 0ms (cache hit)
4637 http cache cli-truncate@https://registry.npmjs.org/cli-truncate/-/cli-truncate-4.0.0.tgz 0ms (cache hit)
4638 http cache string-argv@https://registry.npmjs.org/string-argv/-/string-argv-0.3.2.tgz 0ms (cache hit)
4639 http cache type-check@https://registry.npmjs.org/type-check/-/type-check-0.4.0.tgz 0ms (cache hit)
4640 http cache prelude-ls@https://registry.npmjs.org/prelude-ls/-/prelude-ls-1.2.1.tgz 0ms (cache hit)
4641 http cache json-buffer@https://registry.npmjs.org/json-buffer/-/json-buffer-3.0.1.tgz 0ms (cache hit)
4642 http cache html-escaper@https://registry.npmjs.org/html-escaper/-/html-escaper-2.0.2.tgz 0ms (cache hit)
4643 http cache make-dir@https://registry.npmjs.org/make-dir/-/make-dir-4.0.0.tgz 0ms (cache hit)
4644 http cache istanbul-reports@https://registry.npmjs.org/istanbul-reports/-/istanbul-reports-3.2.0.tgz 0ms (cache hit)
4645 http cache istanbul-lib-source-maps@https://registry.npmjs.org/istanbul-lib-source-maps/-/istanbul-lib-source-maps-4.0.1.tgz 0ms (cache hit)
4646 http cache istanbul-lib-report@https://registry.npmjs.org/istanbul-lib-report/-/istanbul-lib-report-3.0.1.tgz 0ms (cache hit)
4647 http cache wrappy@https://registry.npmjs.org/wrappy/-/wrappy-1.0.2.tgz 0ms (cache hit)
4648 http cache eventemitter3@https://registry.npmjs.org/eventemitter3/-/eventemitter3-4.0.7.tgz 0ms (cache hit)
4649 http cache requires-port@https://registry.npmjs.org/requires-port/-/requires-port-1.0.0.tgz 0ms (cache hit)
4650 http cache path-is-absolute@https://registry.npmjs.org/path-is-absolute/-/path-is-absolute-1.0.1.tgz 0ms (cache hit)
4651 http cache inflight@https://registry.npmjs.org/inflight/-/inflight-1.0.6.tgz 0ms (cache hit)
4652 http cache fs.realpath@https://registry.npmjs.org/fs.realpath/-/fs.realpath-1.0.0.tgz 0ms (cache hit)
4653 http cache dunder-proto@https://registry.npmjs.org/dunder-proto/-/dunder-proto-1.0.1.tgz 0ms (cache hit)
4654 http cache follow-redirects@https://registry.npmjs.org/follow-redirects/-/follow-redirects-1.16.0.tgz 0ms (cache hit)
4655 http cache math-intrinsics@https://registry.npmjs.org/math-intrinsics/-/math-intrinsics-1.1.0.tgz 0ms (cache hit)
4656 http cache hasown@https://registry.npmjs.org/hasown/-/hasown-2.0.4.tgz 0ms (cache hit)
4657 http cache has-symbols@https://registry.npmjs.org/has-symbols/-/has-symbols-1.1.0.tgz 0ms (cache hit)
4658 http cache gopd@https://registry.npmjs.org/gopd/-/gopd-1.2.0.tgz 0ms (cache hit)
4659 http cache get-proto@https://registry.npmjs.org/get-proto/-/get-proto-1.0.1.tgz 0ms (cache hit)
4660 http cache es-object-atoms@https://registry.npmjs.org/es-object-atoms/-/es-object-atoms-1.1.2.tgz 0ms (cache hit)
4661 http cache es-define-property@https://registry.npmjs.org/es-define-property/-/es-define-property-1.0.1.tgz 0ms (cache hit)
4662 http cache to-regex-range@https://registry.npmjs.org/to-regex-range/-/to-regex-range-5.0.1.tgz 0ms (cache hit)
4663 http cache commander@https://registry.npmjs.org/commander/-/commander-14.0.3.tgz 0ms (cache hit)
4664 http cache function-bind@https://registry.npmjs.org/function-bind/-/function-bind-1.1.2.tgz 0ms (cache hit)
4665 http cache call-bind-apply-helpers@https://registry.npmjs.org/call-bind-apply-helpers/-/call-bind-apply-helpers-1.0.2.tgz 0ms (cache hit)
4666 http cache get-intrinsic@https://registry.npmjs.org/get-intrinsic/-/get-intrinsic-1.3.0.tgz 0ms (cache hit)
4667 http cache safe-regex-test@https://registry.npmjs.org/safe-regex-test/-/safe-regex-test-1.1.0.tgz 0ms (cache hit)
4668 http cache punycode@https://registry.npmjs.org/punycode/-/punycode-1.4.1.tgz 0ms (cache hit)
4669 http cache call-bound@https://registry.npmjs.org/call-bound/-/call-bound-1.0.4.tgz 0ms (cache hit)
4670 http cache extend@https://registry.npmjs.org/extend/-/extend-3.0.2.tgz 0ms (cache hit)
4671 http cache custom-event@https://registry.npmjs.org/custom-event/-/custom-event-1.0.1.tgz 0ms (cache hit)
4672 http cache es-errors@https://registry.npmjs.org/es-errors/-/es-errors-1.3.0.tgz 0ms (cache hit)
4673 http cache utils-merge@https://registry.npmjs.org/utils-merge/-/utils-merge-1.0.1.tgz 0ms (cache hit)
4674 http cache fill-range@https://registry.npmjs.org/fill-range/-/fill-range-7.1.1.tgz 0ms (cache hit)
4675 http cache tmp@https://registry.npmjs.org/tmp/-/tmp-0.2.7.tgz 0ms (cache hit)
4676 http cache ua-parser-js@https://registry.npmjs.org/ua-parser-js/-/ua-parser-js-0.7.41.tgz 0ms (cache hit)
4677 http cache void-elements@https://registry.npmjs.org/void-elements/-/void-elements-2.0.1.tgz 0ms (cache hit)
4678 http cache socket.io@https://registry.npmjs.org/socket.io/-/socket.io-4.8.3.tgz 0ms (cache hit)
4679 http cache ent@https://registry.npmjs.org/ent/-/ent-2.2.2.tgz 0ms (cache hit)
4680 http cache qjobs@https://registry.npmjs.org/qjobs/-/qjobs-1.2.0.tgz 0ms (cache hit)
4681 http cache mkdirp@https://registry.npmjs.org/mkdirp/-/mkdirp-0.5.6.tgz 0ms (cache hit)
4682 http cache rimraf@https://registry.npmjs.org/rimraf/-/rimraf-3.0.2.tgz 0ms (cache hit)
4683 http cache log4js@https://registry.npmjs.org/log4js/-/log4js-6.9.1.tgz 0ms (cache hit)
4684 http cache lodash@https://registry.npmjs.org/lodash/-/lodash-4.18.1.tgz 0ms (cache hit)
4685 http cache isbinaryfile@https://registry.npmjs.org/isbinaryfile/-/isbinaryfile-4.0.10.tgz 0ms (cache hit)
4686 http cache mime@https://registry.npmjs.org/mime/-/mime-2.6.0.tgz 0ms (cache hit)
4687 http cache graceful-fs@https://registry.npmjs.org/graceful-fs/-/graceful-fs-4.2.11.tgz 0ms (cache hit)
4688 http cache http-proxy@https://registry.npmjs.org/http-proxy/-/http-proxy-1.18.1.tgz 0ms (cache hit)
4689 http cache glob@https://registry.npmjs.org/glob/-/glob-7.2.3.tgz 0ms (cache hit)
4690 http cache dom-serialize@https://registry.npmjs.org/dom-serialize/-/dom-serialize-2.2.1.tgz 0ms (cache hit)
4691 http cache di@https://registry.npmjs.org/di/-/di-0.0.1.tgz 0ms (cache hit)
4692 http cache connect@https://registry.npmjs.org/connect/-/connect-3.7.0.tgz 0ms (cache hit)
4693 http cache braces@https://registry.npmjs.org/braces/-/braces-3.0.3.tgz 0ms (cache hit)
4694 http cache @colors/colors@https://registry.npmjs.org/@colors/colors/-/colors-1.5.0.tgz 0ms (cache hit)
4695 http cache argparse@https://registry.npmjs.org/argparse/-/argparse-2.0.1.tgz 0ms (cache hit)
4696 http cache istanbul-lib-coverage@https://registry.npmjs.org/istanbul-lib-coverage/-/istanbul-lib-coverage-3.2.2.tgz 0ms (cache hit)
4697 http cache @istanbuljs/schema@https://registry.npmjs.org/@istanbuljs/schema/-/schema-0.1.6.tgz 0ms (cache hit)
4698 http cache parent-module@https://registry.npmjs.org/parent-module/-/parent-module-1.0.1.tgz 0ms (cache hit)
4699 http cache is-extglob@https://registry.npmjs.org/is-extglob/-/is-extglob-2.1.1.tgz 0ms (cache hit)
4700 http cache safer-buffer@https://registry.npmjs.org/safer-buffer/-/safer-buffer-2.1.2.tgz 0ms (cache hit)
4701 http cache toidentifier@https://registry.npmjs.org/toidentifier/-/toidentifier-1.0.1.tgz 0ms (cache hit)
4702 http cache agent-base@https://registry.npmjs.org/agent-base/-/agent-base-7.1.4.tgz 0ms (cache hit)
4703 http cache setprototypeof@https://registry.npmjs.org/setprototypeof/-/setprototypeof-1.2.0.tgz 0ms (cache hit)
4704 http cache inherits@https://registry.npmjs.org/inherits/-/inherits-2.0.4.tgz 0ms (cache hit)
4705 http cache @simple-libs/child-process-utils@https://registry.npmjs.org/@simple-libs/child-process-utils/-/child-process-utils-1.0.2.tgz 0ms (cache hit)
4706 http cache keyv@https://registry.npmjs.org/keyv/-/keyv-4.5.4.tgz 0ms (cache hit)
4707 http cache @conventional-changelog/git-client@https://registry.npmjs.org/@conventional-changelog/git-client/-/git-client-2.7.0.tgz 0ms (cache hit)
4708 http cache flatted@https://registry.npmjs.org/flatted/-/flatted-3.4.2.tgz 0ms (cache hit)
4709 http cache path-exists@https://registry.npmjs.org/path-exists/-/path-exists-4.0.0.tgz 0ms (cache hit)
4710 http cache flat-cache@https://registry.npmjs.org/flat-cache/-/flat-cache-4.0.1.tgz 0ms (cache hit)
4711 http cache ip-address@https://registry.npmjs.org/ip-address/-/ip-address-10.2.0.tgz 0ms (cache hit)
4712 http cache bytes@https://registry.npmjs.org/bytes/-/bytes-3.1.2.tgz 0ms (cache hit)
4713 http cache negotiator@https://registry.npmjs.org/negotiator/-/negotiator-1.0.0.tgz 0ms (cache hit)
4714 http cache type-is@https://registry.npmjs.org/type-is/-/type-is-2.1.0.tgz 0ms (cache hit)
4715 http cache statuses@https://registry.npmjs.org/statuses/-/statuses-2.0.2.tgz 0ms (cache hit)
4716 http cache serve-static@https://registry.npmjs.org/serve-static/-/serve-static-2.2.1.tgz 0ms (cache hit)
4717 http cache locate-path@https://registry.npmjs.org/locate-path/-/locate-path-6.0.0.tgz 0ms (cache hit)
4718 http cache router@https://registry.npmjs.org/router/-/router-2.2.0.tgz 0ms (cache hit)
4719 http cache range-parser@https://registry.npmjs.org/range-parser/-/range-parser-1.2.1.tgz 0ms (cache hit)
4720 http cache send@https://registry.npmjs.org/send/-/send-1.2.1.tgz 0ms (cache hit)
4721 http cache qs@https://registry.npmjs.org/qs/-/qs-6.15.2.tgz 0ms (cache hit)
4722 http cache parseurl@https://registry.npmjs.org/parseurl/-/parseurl-1.3.3.tgz 0ms (cache hit)
4723 http cache once@https://registry.npmjs.org/once/-/once-1.4.0.tgz 0ms (cache hit)
4724 http cache on-finished@https://registry.npmjs.org/on-finished/-/on-finished-2.4.1.tgz 0ms (cache hit)
4725 http cache mime-types@https://registry.npmjs.org/mime-types/-/mime-types-3.0.2.tgz 0ms (cache hit)
4726 http cache merge-descriptors@https://registry.npmjs.org/merge-descriptors/-/merge-descriptors-2.0.0.tgz 0ms (cache hit)
4727 http cache proxy-addr@https://registry.npmjs.org/proxy-addr/-/proxy-addr-2.0.7.tgz 0ms (cache hit)
4728 http cache http-errors@https://registry.npmjs.org/http-errors/-/http-errors-2.0.1.tgz 0ms (cache hit)
4729 http cache fresh@https://registry.npmjs.org/fresh/-/fresh-2.0.0.tgz 0ms (cache hit)
4730 http cache etag@https://registry.npmjs.org/etag/-/etag-1.8.1.tgz 0ms (cache hit)
4731 http cache escape-html@https://registry.npmjs.org/escape-html/-/escape-html-1.0.3.tgz 0ms (cache hit)
4732 http cache finalhandler@https://registry.npmjs.org/finalhandler/-/finalhandler-2.1.1.tgz 0ms (cache hit)
4733 http cache encodeurl@https://registry.npmjs.org/encodeurl/-/encodeurl-2.0.0.tgz 0ms (cache hit)
4734 http cache depd@https://registry.npmjs.org/depd/-/depd-2.0.0.tgz 0ms (cache hit)
4735 http cache cookie-signature@https://registry.npmjs.org/cookie-signature/-/cookie-signature-1.2.2.tgz 0ms (cache hit)
4736 http cache cookie@https://registry.npmjs.org/cookie/-/cookie-0.7.2.tgz 0ms (cache hit)
4737 http cache content-disposition@https://registry.npmjs.org/content-disposition/-/content-disposition-1.1.0.tgz 0ms (cache hit)
4738 http cache body-parser@https://registry.npmjs.org/body-parser/-/body-parser-2.2.2.tgz 0ms (cache hit)
4739 http cache accepts@https://registry.npmjs.org/accepts/-/accepts-2.0.0.tgz 0ms (cache hit)
4740 http cache acorn-jsx@https://registry.npmjs.org/acorn-jsx/-/acorn-jsx-5.3.2.tgz 0ms (cache hit)
4741 http cache estraverse@https://registry.npmjs.org/estraverse/-/estraverse-5.3.0.tgz 0ms (cache hit)
4742 http cache acorn@https://registry.npmjs.org/acorn/-/acorn-8.17.0.tgz 0ms (cache hit)
4743 http cache esrecurse@https://registry.npmjs.org/esrecurse/-/esrecurse-4.3.0.tgz 0ms (cache hit)
4744 http cache @types/esrecurse@https://registry.npmjs.org/@types/esrecurse/-/esrecurse-4.3.1.tgz 0ms (cache hit)
4745 http cache color-convert@https://registry.npmjs.org/color-convert/-/color-convert-2.0.1.tgz 0ms (cache hit)
4746 http cache supports-color@https://registry.npmjs.org/supports-color/-/supports-color-7.2.0.tgz 0ms (cache hit)
4747 http cache ansi-styles@https://registry.npmjs.org/ansi-styles/-/ansi-styles-4.3.0.tgz 0ms (cache hit)
4748 http cache color-name@https://registry.npmjs.org/color-name/-/color-name-1.1.4.tgz 0ms (cache hit)
4749 http cache @humanfs/core@https://registry.npmjs.org/@humanfs/core/-/core-0.19.2.tgz 0ms (cache hit)
4750 http cache levn@https://registry.npmjs.org/levn/-/levn-0.4.1.tgz 0ms (cache hit)
4751 http cache @types/json-schema@https://registry.npmjs.org/@types/json-schema/-/json-schema-7.0.15.tgz 0ms (cache hit)
4752 http cache @eslint/object-schema@https://registry.npmjs.org/@eslint/object-schema/-/object-schema-2.1.7.tgz 0ms (cache hit)
4753 http cache optionator@https://registry.npmjs.org/optionator/-/optionator-0.9.4.tgz 0ms (cache hit)
4754 http cache globals@https://registry.npmjs.org/globals/-/globals-14.0.0.tgz 0ms (cache hit)
4755 http cache @humanfs/types@https://registry.npmjs.org/@humanfs/types/-/types-0.15.0.tgz 0ms (cache hit)
4756 http cache natural-compare@https://registry.npmjs.org/natural-compare/-/natural-compare-1.4.0.tgz 0ms (cache hit)
4757 http cache lodash.merge@https://registry.npmjs.org/lodash.merge/-/lodash.merge-4.6.2.tgz 0ms (cache hit)
4758 http cache json-stable-stringify-without-jsonify@https://registry.npmjs.org/json-stable-stringify-without-jsonify/-/json-stable-stringify-without-jsonify-1.0.1.tgz 0ms (cache hit)
4759 http cache is-glob@https://registry.npmjs.org/is-glob/-/is-glob-4.0.3.tgz 0ms (cache hit)
4760 http cache imurmurhash@https://registry.npmjs.org/imurmurhash/-/imurmurhash-0.1.4.tgz 0ms (cache hit)
4761 http cache glob-parent@https://registry.npmjs.org/glob-parent/-/glob-parent-6.0.2.tgz 0ms (cache hit)
4762 http cache find-up@https://registry.npmjs.org/find-up/-/find-up-5.0.0.tgz 0ms (cache hit)
4763 http cache esutils@https://registry.npmjs.org/esutils/-/esutils-2.0.3.tgz 0ms (cache hit)
4764 http cache esquery@https://registry.npmjs.org/esquery/-/esquery-1.7.0.tgz 0ms (cache hit)
4765 http cache espree@https://registry.npmjs.org/espree/-/espree-10.4.0.tgz 0ms (cache hit)
4766 http cache chalk@https://registry.npmjs.org/chalk/-/chalk-4.1.2.tgz 0ms (cache hit)
4767 http cache @types/estree@https://registry.npmjs.org/@types/estree/-/estree-1.0.9.tgz 0ms (cache hit)
4768 http cache file-entry-cache@https://registry.npmjs.org/file-entry-cache/-/file-entry-cache-8.0.0.tgz 0ms (cache hit)
4769 http cache escape-string-regexp@https://registry.npmjs.org/escape-string-regexp/-/escape-string-regexp-4.0.0.tgz 0ms (cache hit)
4770 http cache @humanwhocodes/retry@https://registry.npmjs.org/@humanwhocodes/retry/-/retry-0.4.3.tgz 0ms (cache hit)
4771 http cache @humanwhocodes/module-importer@https://registry.npmjs.org/@humanwhocodes/module-importer/-/module-importer-1.0.1.tgz 0ms (cache hit)
4772 http cache @eslint/plugin-kit@https://registry.npmjs.org/@eslint/plugin-kit/-/plugin-kit-0.4.1.tgz 0ms (cache hit)
4773 http cache @eslint/js@https://registry.npmjs.org/@eslint/js/-/js-9.39.4.tgz 0ms (cache hit)
4774 http cache @humanfs/node@https://registry.npmjs.org/@humanfs/node/-/node-0.16.8.tgz 0ms (cache hit)
4775 http cache @eslint/eslintrc@https://registry.npmjs.org/@eslint/eslintrc/-/eslintrc-3.3.5.tgz 0ms (cache hit)
4776 http cache @eslint/core@https://registry.npmjs.org/@eslint/core/-/core-0.17.0.tgz 0ms (cache hit)
4777 http cache @eslint/config-helpers@https://registry.npmjs.org/@eslint/config-helpers/-/config-helpers-0.4.2.tgz 0ms (cache hit)
4778 http cache @eslint/config-array@https://registry.npmjs.org/@eslint/config-array/-/config-array-0.21.2.tgz 0ms (cache hit)
4779 http cache @eslint-community/regexpp@https://registry.npmjs.org/@eslint-community/regexpp/-/regexpp-4.12.2.tgz 0ms (cache hit)
4780 http cache @esbuild/darwin-arm64@https://registry.npmjs.org/@esbuild/darwin-arm64/-/darwin-arm64-0.28.0.tgz 0ms (cache hit)
4781 http cache is-obj@https://registry.npmjs.org/is-obj/-/is-obj-2.0.0.tgz 0ms (cache hit)
4782 http cache domelementtype@https://registry.npmjs.org/domelementtype/-/domelementtype-2.3.0.tgz 0ms (cache hit)
4783 http cache nth-check@https://registry.npmjs.org/nth-check/-/nth-check-2.1.1.tgz 0ms (cache hit)
4784 http cache boolbase@https://registry.npmjs.org/boolbase/-/boolbase-1.0.0.tgz 0ms (cache hit)
4785 http cache ms@https://registry.npmjs.org/ms/-/ms-2.1.3.tgz 0ms (cache hit)
4786 http cache which@https://registry.npmjs.org/which/-/which-2.0.2.tgz 0ms (cache hit)
4787 http cache domutils@https://registry.npmjs.org/domutils/-/domutils-3.2.2.tgz 0ms (cache hit)
4788 http cache shebang-command@https://registry.npmjs.org/shebang-command/-/shebang-command-2.0.0.tgz 0ms (cache hit)
4789 http cache parse-json@https://registry.npmjs.org/parse-json/-/parse-json-5.2.0.tgz 0ms (cache hit)
4790 http cache path-key@https://registry.npmjs.org/path-key/-/path-key-3.1.1.tgz 0ms (cache hit)
4791 http cache jiti@https://registry.npmjs.org/jiti/-/jiti-2.6.1.tgz 0ms (cache hit)
4792 http cache import-fresh@https://registry.npmjs.org/import-fresh/-/import-fresh-3.3.1.tgz 0ms (cache hit)
4793 http cache js-yaml@https://registry.npmjs.org/js-yaml/-/js-yaml-4.2.0.tgz 0ms (cache hit)
4794 http cache vary@https://registry.npmjs.org/vary/-/vary-1.1.2.tgz 0ms (cache hit)
4795 http cache entities@https://registry.npmjs.org/entities/-/entities-4.5.0.tgz 0ms (cache hit)
4796 http cache env-paths@https://registry.npmjs.org/env-paths/-/env-paths-2.2.1.tgz 0ms (cache hit)
4797 http cache object-assign@https://registry.npmjs.org/object-assign/-/object-assign-4.1.1.tgz 0ms (cache hit)
4798 http cache @simple-libs/stream-utils@https://registry.npmjs.org/@simple-libs/stream-utils/-/stream-utils-1.2.0.tgz 0ms (cache hit)
4799 http cache array-ify@https://registry.npmjs.org/array-ify/-/array-ify-1.0.0.tgz 0ms (cache hit)
4800 http cache dot-prop@https://registry.npmjs.org/dot-prop/-/dot-prop-5.3.0.tgz 0ms (cache hit)
4801 http cache meow@https://registry.npmjs.org/meow/-/meow-13.2.0.tgz 0ms (cache hit)
4802 http cache readdirp@https://registry.npmjs.org/readdirp/-/readdirp-4.1.2.tgz 0ms (cache hit)
4803 http cache compare-func@https://registry.npmjs.org/compare-func/-/compare-func-2.0.0.tgz 0ms (cache hit)
4804 http cache electron-to-chromium@https://registry.npmjs.org/electron-to-chromium/-/electron-to-chromium-1.5.372.tgz 0ms (cache hit)
4805 http cache node-releases@https://registry.npmjs.org/node-releases/-/node-releases-2.0.47.tgz 0ms (cache hit)
4806 http cache update-browserslist-db@https://registry.npmjs.org/update-browserslist-db/-/update-browserslist-db-1.2.3.tgz 0ms (cache hit)
4807 http cache htmlparser2@https://registry.npmjs.org/htmlparser2/-/htmlparser2-10.1.0.tgz 0ms (cache hit)
4808 http cache baseline-browser-mapping@https://registry.npmjs.org/baseline-browser-mapping/-/baseline-browser-mapping-2.10.37.tgz 0ms (cache hit)
4809 http cache caniuse-lite@https://registry.npmjs.org/caniuse-lite/-/caniuse-lite-1.0.30001799.tgz 0ms (cache hit)
4810 http cache domhandler@https://registry.npmjs.org/domhandler/-/domhandler-5.0.3.tgz 0ms (cache hit)
4811 http cache postcss@https://registry.npmjs.org/postcss/-/postcss-8.5.15.tgz 0ms (cache hit)
4812 http cache dom-serializer@https://registry.npmjs.org/dom-serializer/-/dom-serializer-2.0.0.tgz 0ms (cache hit)
4813 http cache css-what@https://registry.npmjs.org/css-what/-/css-what-7.0.0.tgz 0ms (cache hit)
4814 http cache postcss-media-query-parser@https://registry.npmjs.org/postcss-media-query-parser/-/postcss-media-query-parser-0.2.3.tgz 0ms (cache hit)
4815 http cache css-select@https://registry.npmjs.org/css-select/-/css-select-6.0.0.tgz 0ms (cache hit)
4816 http cache minimatch@https://registry.npmjs.org/minimatch/-/minimatch-10.2.5.tgz 0ms (cache hit)
4817 http cache @typescript-eslint/tsconfig-utils@https://registry.npmjs.org/@typescript-eslint/tsconfig-utils/-/tsconfig-utils-8.61.0.tgz 0ms (cache hit)
4818 http cache eslint-visitor-keys@https://registry.npmjs.org/eslint-visitor-keys/-/eslint-visitor-keys-3.4.3.tgz 0ms (cache hit)
4819 http cache @typescript-eslint/visitor-keys@https://registry.npmjs.org/@typescript-eslint/visitor-keys/-/visitor-keys-8.61.0.tgz 0ms (cache hit)
4820 http cache @typescript-eslint/typescript-estree@https://registry.npmjs.org/@typescript-eslint/typescript-estree/-/typescript-estree-8.61.0.tgz 0ms (cache hit)
4821 http cache @typescript-eslint/scope-manager@https://registry.npmjs.org/@typescript-eslint/scope-manager/-/scope-manager-8.61.0.tgz 0ms (cache hit)
4822 http cache @eslint-community/eslint-utils@https://registry.npmjs.org/@eslint-community/eslint-utils/-/eslint-utils-4.9.1.tgz 0ms (cache hit)
4823 http cache @typescript-eslint/project-service@https://registry.npmjs.org/@typescript-eslint/project-service/-/project-service-8.61.0.tgz 0ms (cache hit)
4824 http cache eslint-scope@https://registry.npmjs.org/eslint-scope/-/eslint-scope-9.1.2.tgz 0ms (cache hit)
4825 http cache strip-json-comments@https://registry.npmjs.org/strip-json-comments/-/strip-json-comments-3.1.1.tgz 0ms (cache hit)
4826 http cache ignore@https://registry.npmjs.org/ignore/-/ignore-7.0.5.tgz 0ms (cache hit)
4827 http cache axobject-query@https://registry.npmjs.org/axobject-query/-/axobject-query-4.1.0.tgz 0ms (cache hit)
4828 http cache ts-api-utils@https://registry.npmjs.org/ts-api-utils/-/ts-api-utils-2.5.0.tgz 0ms (cache hit)
4829 http cache @angular-eslint/bundled-angular-compiler@https://registry.npmjs.org/@angular-eslint/bundled-angular-compiler/-/bundled-angular-compiler-21.0.1.tgz 0ms (cache hit)
4830 http cache aria-query@https://registry.npmjs.org/aria-query/-/aria-query-5.3.2.tgz 0ms (cache hit)
4831 http cache @angular-eslint/eslint-plugin-template@https://registry.npmjs.org/@angular-eslint/eslint-plugin-template/-/eslint-plugin-template-21.0.1.tgz 0ms (cache hit)
4832 http cache @typescript-eslint/types@https://registry.npmjs.org/@typescript-eslint/types/-/types-8.61.0.tgz 0ms (cache hit)
4833 http cache @angular-eslint/template-parser@https://registry.npmjs.org/@angular-eslint/template-parser/-/template-parser-21.0.1.tgz 0ms (cache hit)
4834 http cache @angular-eslint/eslint-plugin@https://registry.npmjs.org/@angular-eslint/eslint-plugin/-/eslint-plugin-21.0.1.tgz 0ms (cache hit)
4835 http cache @angular-eslint/builder@https://registry.npmjs.org/@angular-eslint/builder/-/builder-21.0.1.tgz 0ms (cache hit)
4836 http cache @algolia/requester-node-http@https://registry.npmjs.org/@algolia/requester-node-http/-/requester-node-http-5.35.0.tgz 0ms (cache hit)
4837 http cache @typescript-eslint/utils@https://registry.npmjs.org/@typescript-eslint/utils/-/utils-8.61.0.tgz 0ms (cache hit)
4838 http cache @algolia/requester-fetch@https://registry.npmjs.org/@algolia/requester-fetch/-/requester-fetch-5.35.0.tgz 0ms (cache hit)
4839 http cache @algolia/requester-browser-xhr@https://registry.npmjs.org/@algolia/requester-browser-xhr/-/requester-browser-xhr-5.35.0.tgz 0ms (cache hit)
4840 http cache @algolia/recommend@https://registry.npmjs.org/@algolia/recommend/-/recommend-5.35.0.tgz 0ms (cache hit)
4841 http cache @algolia/monitoring@https://registry.npmjs.org/@algolia/monitoring/-/monitoring-1.35.0.tgz 0ms (cache hit)
4842 http cache @algolia/ingestion@https://registry.npmjs.org/@algolia/ingestion/-/ingestion-1.35.0.tgz 0ms (cache hit)
4843 http cache @algolia/client-search@https://registry.npmjs.org/@algolia/client-search/-/client-search-5.35.0.tgz 0ms (cache hit)
4844 http cache @algolia/client-query-suggestions@https://registry.npmjs.org/@algolia/client-query-suggestions/-/client-query-suggestions-5.35.0.tgz 0ms (cache hit)
4845 http cache @algolia/client-personalization@https://registry.npmjs.org/@algolia/client-personalization/-/client-personalization-5.35.0.tgz 0ms (cache hit)
4846 http cache @algolia/client-insights@https://registry.npmjs.org/@algolia/client-insights/-/client-insights-5.35.0.tgz 0ms (cache hit)
4847 http cache @algolia/client-analytics@https://registry.npmjs.org/@algolia/client-analytics/-/client-analytics-5.35.0.tgz 0ms (cache hit)
4848 http cache @algolia/client-common@https://registry.npmjs.org/@algolia/client-common/-/client-common-5.35.0.tgz 0ms (cache hit)
4849 http cache @algolia/client-abtesting@https://registry.npmjs.org/@algolia/client-abtesting/-/client-abtesting-5.35.0.tgz 0ms (cache hit)
4850 http cache @algolia/abtesting@https://registry.npmjs.org/@algolia/abtesting/-/abtesting-1.1.0.tgz 0ms (cache hit)
4851 http cache require-from-string@https://registry.npmjs.org/require-from-string/-/require-from-string-2.0.2.tgz 0ms (cache hit)
4852 http cache json-schema-traverse@https://registry.npmjs.org/json-schema-traverse/-/json-schema-traverse-1.0.0.tgz 0ms (cache hit)
4853 http cache fast-uri@https://registry.npmjs.org/fast-uri/-/fast-uri-3.1.2.tgz 0ms (cache hit)
4854 http cache @angular-eslint/schematics@https://registry.npmjs.org/@angular-eslint/schematics/-/schematics-21.0.1.tgz 0ms (cache hit)
4855 http cache fast-deep-equal@https://registry.npmjs.org/fast-deep-equal/-/fast-deep-equal-3.1.3.tgz 0ms (cache hit)
4856 http cache undici-types@https://registry.npmjs.org/undici-types/-/undici-types-7.24.6.tgz 0ms (cache hit)
4857 http cache zod-to-json-schema@https://registry.npmjs.org/zod-to-json-schema/-/zod-to-json-schema-3.25.2.tgz 0ms (cache hit)
4858 http cache raw-body@https://registry.npmjs.org/raw-body/-/raw-body-3.0.2.tgz 0ms (cache hit)
4859 http cache pkce-challenge@https://registry.npmjs.org/pkce-challenge/-/pkce-challenge-5.0.1.tgz 0ms (cache hit)
4860 http cache json-schema-typed@https://registry.npmjs.org/json-schema-typed/-/json-schema-typed-8.0.2.tgz 0ms (cache hit)
4861 http cache jose@https://registry.npmjs.org/jose/-/jose-6.2.3.tgz 0ms (cache hit)
4862 http cache express-rate-limit@https://registry.npmjs.org/express-rate-limit/-/express-rate-limit-8.5.2.tgz 0ms (cache hit)
4863 http cache express@https://registry.npmjs.org/express/-/express-5.2.1.tgz 0ms (cache hit)
4864 http cache eventsource@https://registry.npmjs.org/eventsource/-/eventsource-3.0.7.tgz 0ms (cache hit)
4865 http cache eventsource-parser@https://registry.npmjs.org/eventsource-parser/-/eventsource-parser-3.1.0.tgz 0ms (cache hit)
4866 http cache content-type@https://registry.npmjs.org/content-type/-/content-type-1.0.5.tgz 0ms (cache hit)
4867 http cache cross-spawn@https://registry.npmjs.org/cross-spawn/-/cross-spawn-7.0.6.tgz 0ms (cache hit)
4868 http cache @angular-eslint/utils@https://registry.npmjs.org/@angular-eslint/utils/-/utils-21.0.1.tgz 0ms (cache hit)
4869 http cache cors@https://registry.npmjs.org/cors/-/cors-2.8.6.tgz 0ms (cache hit)
4870 http cache hono@https://registry.npmjs.org/hono/-/hono-4.12.25.tgz 0ms (cache hit)
4871 http cache @hono/node-server@https://registry.npmjs.org/@hono/node-server/-/node-server-1.19.14.tgz 0ms (cache hit)
4872 http cache @jridgewell/resolve-uri@https://registry.npmjs.org/@jridgewell/resolve-uri/-/resolve-uri-3.1.2.tgz 0ms (cache hit)
4873 http cache iconv-lite@https://registry.npmjs.org/iconv-lite/-/iconv-lite-0.7.2.tgz 0ms (cache hit)
4874 http cache chardet@https://registry.npmjs.org/chardet/-/chardet-2.1.1.tgz 0ms (cache hit)
4875 http cache @inquirer/search@https://registry.npmjs.org/@inquirer/search/-/search-3.2.2.tgz 0ms (cache hit)
4876 http cache @inquirer/external-editor@https://registry.npmjs.org/@inquirer/external-editor/-/external-editor-1.0.3.tgz 0ms (cache hit)
4877 http cache @inquirer/select@https://registry.npmjs.org/@inquirer/select/-/select-4.4.2.tgz 0ms (cache hit)
4878 http cache @inquirer/rawlist@https://registry.npmjs.org/@inquirer/rawlist/-/rawlist-4.1.11.tgz 0ms (cache hit)
4879 http cache @inquirer/password@https://registry.npmjs.org/@inquirer/password/-/password-4.0.23.tgz 0ms (cache hit)
4880 http cache @inquirer/number@https://registry.npmjs.org/@inquirer/number/-/number-3.0.23.tgz 0ms (cache hit)
4881 http cache @inquirer/expand@https://registry.npmjs.org/@inquirer/expand/-/expand-4.0.23.tgz 0ms (cache hit)
4882 http cache @inquirer/input@https://registry.npmjs.org/@inquirer/input/-/input-4.3.1.tgz 0ms (cache hit)
4883 http cache mute-stream@https://registry.npmjs.org/mute-stream/-/mute-stream-2.0.0.tgz 0ms (cache hit)
4884 http cache @inquirer/checkbox@https://registry.npmjs.org/@inquirer/checkbox/-/checkbox-4.3.2.tgz 0ms (cache hit)
4885 http cache signal-exit@https://registry.npmjs.org/signal-exit/-/signal-exit-4.1.0.tgz 0ms (cache hit)
4886 http cache cli-width@https://registry.npmjs.org/cli-width/-/cli-width-4.1.0.tgz 0ms (cache hit)
4887 http cache @inquirer/figures@https://registry.npmjs.org/@inquirer/figures/-/figures-1.0.15.tgz 0ms (cache hit)
4888 http cache @inquirer/editor@https://registry.npmjs.org/@inquirer/editor/-/editor-4.2.23.tgz 0ms (cache hit)
4889 http cache yoctocolors-cjs@https://registry.npmjs.org/yoctocolors-cjs/-/yoctocolors-cjs-2.1.3.tgz 0ms (cache hit)
4890 http cache wrap-ansi@https://registry.npmjs.org/wrap-ansi/-/wrap-ansi-6.2.0.tgz 0ms (cache hit)
4891 http cache @inquirer/ansi@https://registry.npmjs.org/@inquirer/ansi/-/ansi-1.0.2.tgz 0ms (cache hit)
4892 http cache @inquirer/type@https://registry.npmjs.org/@inquirer/type/-/type-3.0.10.tgz 0ms (cache hit)
4893 http cache escalade@https://registry.npmjs.org/escalade/-/escalade-3.2.0.tgz 0ms (cache hit)
4894 http cache @commitlint/to-lines@https://registry.npmjs.org/@commitlint/to-lines/-/to-lines-21.0.1.tgz 0ms (cache hit)
4895 http cache @commitlint/message@https://registry.npmjs.org/@commitlint/message/-/message-21.0.2.tgz 0ms (cache hit)
4896 http cache @commitlint/ensure@https://registry.npmjs.org/@commitlint/ensure/-/ensure-21.0.1.tgz 0ms (cache hit)
4897 http cache @inquirer/core@https://registry.npmjs.org/@inquirer/core/-/core-10.3.2.tgz 0ms (cache hit)
4898 http cache resolve-from@https://registry.npmjs.org/resolve-from/-/resolve-from-5.0.0.tgz 0ms (cache hit)
4899 http cache git-raw-commits@https://registry.npmjs.org/git-raw-commits/-/git-raw-commits-5.0.1.tgz 0ms (cache hit)
4900 http cache global-directory@https://registry.npmjs.org/global-directory/-/global-directory-5.0.0.tgz 0ms (cache hit)
4901 http cache conventional-commits-parser@https://registry.npmjs.org/conventional-commits-parser/-/conventional-commits-parser-6.4.0.tgz 0ms (cache hit)
4902 http cache @commitlint/top-level@https://registry.npmjs.org/@commitlint/top-level/-/top-level-21.0.2.tgz 0ms (cache hit)
4903 http cache conventional-changelog-angular@https://registry.npmjs.org/conventional-changelog-angular/-/conventional-changelog-angular-8.3.1.tgz 0ms (cache hit)
4904 http cache is-plain-obj@https://registry.npmjs.org/is-plain-obj/-/is-plain-obj-4.1.0.tgz 0ms (cache hit)
4905 http cache es-toolkit@https://registry.npmjs.org/es-toolkit/-/es-toolkit-1.47.1.tgz 0ms (cache hit)
4906 http cache @types/node@https://registry.npmjs.org/@types/node/-/node-25.9.3.tgz 0ms (cache hit)
4907 http cache cosmiconfig-typescript-loader@https://registry.npmjs.org/cosmiconfig-typescript-loader/-/cosmiconfig-typescript-loader-6.3.0.tgz 0ms (cache hit)
4908 http cache cosmiconfig@https://registry.npmjs.org/cosmiconfig/-/cosmiconfig-9.0.2.tgz 0ms (cache hit)
4909 http cache @commitlint/resolve-extends@https://registry.npmjs.org/@commitlint/resolve-extends/-/resolve-extends-21.0.1.tgz 0ms (cache hit)
4910 http cache @commitlint/execute-rule@https://registry.npmjs.org/@commitlint/execute-rule/-/execute-rule-21.0.1.tgz 0ms (cache hit)
4911 http cache @commitlint/config-validator@https://registry.npmjs.org/@commitlint/config-validator/-/config-validator-21.0.1.tgz 0ms (cache hit)
4912 http cache @commitlint/parse@https://registry.npmjs.org/@commitlint/parse/-/parse-21.0.2.tgz 0ms (cache hit)
4913 http cache @commitlint/rules@https://registry.npmjs.org/@commitlint/rules/-/rules-21.0.2.tgz 0ms (cache hit)
4914 http cache @commitlint/is-ignored@https://registry.npmjs.org/@commitlint/is-ignored/-/is-ignored-21.0.2.tgz 0ms (cache hit)
4915 http cache tinyexec@https://registry.npmjs.org/tinyexec/-/tinyexec-1.2.4.tgz 0ms (cache hit)
4916 http cache conventional-changelog-conventionalcommits@https://registry.npmjs.org/conventional-changelog-conventionalcommits/-/conventional-changelog-conventionalcommits-9.3.1.tgz 0ms (cache hit)
4917 http cache @commitlint/types@https://registry.npmjs.org/@commitlint/types/-/types-21.0.1.tgz 0ms (cache hit)
4918 http cache @commitlint/read@https://registry.npmjs.org/@commitlint/read/-/read-21.0.2.tgz 0ms (cache hit)
4919 http cache @commitlint/load@https://registry.npmjs.org/@commitlint/load/-/load-21.0.2.tgz 0ms (cache hit)
4920 http cache @commitlint/lint@https://registry.npmjs.org/@commitlint/lint/-/lint-21.0.2.tgz 0ms (cache hit)
4921 http cache @commitlint/format@https://registry.npmjs.org/@commitlint/format/-/format-21.0.1.tgz 0ms (cache hit)
4922 http cache @babel/helper-globals@https://registry.npmjs.org/@babel/helper-globals/-/helper-globals-7.29.7.tgz 0ms (cache hit)
4923 http cache @babel/helper-string-parser@https://registry.npmjs.org/@babel/helper-string-parser/-/helper-string-parser-7.29.7.tgz 0ms (cache hit)
4924 http cache @babel/helper-module-imports@https://registry.npmjs.org/@babel/helper-module-imports/-/helper-module-imports-7.29.7.tgz 0ms (cache hit)
4925 http cache lru-cache@https://registry.npmjs.org/lru-cache/-/lru-cache-5.1.1.tgz 0ms (cache hit)
4926 http cache @babel/helper-validator-option@https://registry.npmjs.org/@babel/helper-validator-option/-/helper-validator-option-7.29.7.tgz 0ms (cache hit)
4927 http cache @babel/compat-data@https://registry.npmjs.org/@babel/compat-data/-/compat-data-7.29.7.tgz 0ms (cache hit)
4928 http cache jsesc@https://registry.npmjs.org/jsesc/-/jsesc-3.1.0.tgz 0ms (cache hit)
4929 http cache picocolors@https://registry.npmjs.org/picocolors/-/picocolors-1.1.1.tgz 0ms (cache hit)
4930 http cache js-tokens@https://registry.npmjs.org/js-tokens/-/js-tokens-4.0.0.tgz 0ms (cache hit)
4931 http cache @babel/helper-validator-identifier@https://registry.npmjs.org/@babel/helper-validator-identifier/-/helper-validator-identifier-7.29.7.tgz 0ms (cache hit)
4932 http cache json5@https://registry.npmjs.org/json5/-/json5-2.2.3.tgz 0ms (cache hit)
4933 http cache gensync@https://registry.npmjs.org/gensync/-/gensync-1.0.0-beta.2.tgz 0ms (cache hit)
4934 http cache debug@https://registry.npmjs.org/debug/-/debug-4.4.3.tgz 0ms (cache hit)
4935 http cache @babel/traverse@https://registry.npmjs.org/@babel/traverse/-/traverse-7.29.7.tgz 0ms (cache hit)
4936 http cache @babel/parser@https://registry.npmjs.org/@babel/parser/-/parser-7.29.7.tgz 0ms (cache hit)
4937 http cache @babel/template@https://registry.npmjs.org/@babel/template/-/template-7.29.7.tgz 0ms (cache hit)
4938 http cache @babel/helpers@https://registry.npmjs.org/@babel/helpers/-/helpers-7.29.7.tgz 0ms (cache hit)
4939 http cache @babel/helper-module-transforms@https://registry.npmjs.org/@babel/helper-module-transforms/-/helper-module-transforms-7.29.7.tgz 0ms (cache hit)
4940 http cache @babel/helper-compilation-targets@https://registry.npmjs.org/@babel/helper-compilation-targets/-/helper-compilation-targets-7.29.7.tgz 0ms (cache hit)
4941 http cache @babel/types@https://registry.npmjs.org/@babel/types/-/types-7.29.7.tgz 0ms (cache hit)
4942 http cache @babel/generator@https://registry.npmjs.org/@babel/generator/-/generator-7.29.7.tgz 0ms (cache hit)
4943 http cache @babel/code-frame@https://registry.npmjs.org/@babel/code-frame/-/code-frame-7.29.7.tgz 0ms (cache hit)
4944 http cache convert-source-map@https://registry.npmjs.org/convert-source-map/-/convert-source-map-1.9.0.tgz 0ms (cache hit)
4945 http cache reflect-metadata@https://registry.npmjs.org/reflect-metadata/-/reflect-metadata-0.2.2.tgz 0ms (cache hit)
4946 http cache chokidar@https://registry.npmjs.org/chokidar/-/chokidar-4.0.3.tgz 0ms (cache hit)
4947 http cache @jridgewell/sourcemap-codec@https://registry.npmjs.org/@jridgewell/sourcemap-codec/-/sourcemap-codec-1.5.5.tgz 0ms (cache hit)
4948 http cache ora@https://registry.npmjs.org/ora/-/ora-8.2.0.tgz 0ms (cache hit)
4949 http cache zod@https://registry.npmjs.org/zod/-/zod-4.1.13.tgz 0ms (cache hit)
4950 http cache yargs@https://registry.npmjs.org/yargs/-/yargs-18.0.0.tgz 0ms (cache hit)
4951 http cache resolve@https://registry.npmjs.org/resolve/-/resolve-1.22.10.tgz 0ms (cache hit)
4952 http cache pacote@https://registry.npmjs.org/pacote/-/pacote-21.0.4.tgz 0ms (cache hit)
4953 http cache npm-package-arg@https://registry.npmjs.org/npm-package-arg/-/npm-package-arg-13.0.0.tgz 0ms (cache hit)
4954 http cache ini@https://registry.npmjs.org/ini/-/ini-5.0.0.tgz 0ms (cache hit)
4955 http cache algoliasearch@https://registry.npmjs.org/algoliasearch/-/algoliasearch-5.35.0.tgz 0ms (cache hit)
4956 http cache @schematics/angular@https://registry.npmjs.org/@schematics/angular/-/angular-20.3.28.tgz 0ms (cache hit)
4957 http cache @yarnpkg/lockfile@https://registry.npmjs.org/@yarnpkg/lockfile/-/lockfile-1.1.0.tgz 0ms (cache hit)
4958 http cache @modelcontextprotocol/sdk@https://registry.npmjs.org/@modelcontextprotocol/sdk/-/sdk-1.26.0.tgz 0ms (cache hit)
4959 http cache @listr2/prompt-adapter-inquirer@https://registry.npmjs.org/@listr2/prompt-adapter-inquirer/-/prompt-adapter-inquirer-3.0.1.tgz 0ms (cache hit)
4960 http cache @inquirer/prompts@https://registry.npmjs.org/@inquirer/prompts/-/prompts-7.8.2.tgz 0ms (cache hit)
4961 http cache @angular-devkit/schematics@https://registry.npmjs.org/@angular-devkit/schematics/-/schematics-20.3.28.tgz 0ms (cache hit)
4962 http cache source-map@https://registry.npmjs.org/source-map/-/source-map-0.7.6.tgz 0ms (cache hit)
4963 http cache ajv-formats@https://registry.npmjs.org/ajv-formats/-/ajv-formats-3.0.1.tgz 0ms (cache hit)
4964 http cache ajv@https://registry.npmjs.org/ajv/-/ajv-8.18.0.tgz 0ms (cache hit)
4965 http cache @angular-devkit/core@https://registry.npmjs.org/@angular-devkit/core/-/core-20.3.28.tgz 0ms (cache hit)
4966 http cache @jridgewell/gen-mapping@https://registry.npmjs.org/@jridgewell/gen-mapping/-/gen-mapping-0.3.13.tgz 0ms (cache hit)
4967 http cache @jridgewell/trace-mapping@https://registry.npmjs.org/@jridgewell/trace-mapping/-/trace-mapping-0.3.31.tgz 0ms (cache hit)
4968 http cache watchpack@https://registry.npmjs.org/watchpack/-/watchpack-2.4.4.tgz 0ms (cache hit)
4969 http cache tinyglobby@https://registry.npmjs.org/tinyglobby/-/tinyglobby-0.2.14.tgz 0ms (cache hit)
4970 http cache source-map-support@https://registry.npmjs.org/source-map-support/-/source-map-support-0.5.21.tgz 0ms (cache hit)
4971 http cache semver@https://registry.npmjs.org/semver/-/semver-7.7.2.tgz 0ms (cache hit)
4972 http cache rollup@https://registry.npmjs.org/rollup/-/rollup-4.59.0.tgz 0ms (cache hit)
4973 http cache sass@https://registry.npmjs.org/sass/-/sass-1.90.0.tgz 0ms (cache hit)
4974 http cache picomatch@https://registry.npmjs.org/picomatch/-/picomatch-4.0.4.tgz 0ms (cache hit)
4975 http cache parse5-html-rewriting-stream@https://registry.npmjs.org/parse5-html-rewriting-stream/-/parse5-html-rewriting-stream-8.0.0.tgz 0ms (cache hit)
4976 http cache mrmime@https://registry.npmjs.org/mrmime/-/mrmime-2.0.1.tgz 0ms (cache hit)
4977 http cache magic-string@https://registry.npmjs.org/magic-string/-/magic-string-0.30.17.tgz 0ms (cache hit)
4978 http cache piscina@https://registry.npmjs.org/piscina/-/piscina-5.1.3.tgz 0ms (cache hit)
4979 http cache lmdb@https://registry.npmjs.org/lmdb/-/lmdb-3.4.2.tgz 0ms (cache hit)
4980 http cache listr2@https://registry.npmjs.org/listr2/-/listr2-9.0.1.tgz 0ms (cache hit)
4981 http cache istanbul-lib-instrument@https://registry.npmjs.org/istanbul-lib-instrument/-/istanbul-lib-instrument-6.0.3.tgz 0ms (cache hit)
4982 http cache https-proxy-agent@https://registry.npmjs.org/https-proxy-agent/-/https-proxy-agent-7.0.6.tgz 0ms (cache hit)
4983 http cache jsonc-parser@https://registry.npmjs.org/jsonc-parser/-/jsonc-parser-3.3.1.tgz 0ms (cache hit)
4984 http cache esbuild@https://registry.npmjs.org/esbuild/-/esbuild-0.28.0.tgz 0ms (cache hit)
4985 http cache beasties@https://registry.npmjs.org/beasties/-/beasties-0.3.5.tgz 0ms (cache hit)
4986 http cache browserslist@https://registry.npmjs.org/browserslist/-/browserslist-4.28.2.tgz 0ms (cache hit)
4987 http cache vite@https://registry.npmjs.org/vite/-/vite-7.3.2.tgz 0ms (cache hit)
4988 http cache @vitejs/plugin-basic-ssl@https://registry.npmjs.org/@vitejs/plugin-basic-ssl/-/plugin-basic-ssl-2.1.0.tgz 0ms (cache hit)
4989 http cache @inquirer/confirm@https://registry.npmjs.org/@inquirer/confirm/-/confirm-5.1.14.tgz 0ms (cache hit)
4990 http cache @babel/helper-annotate-as-pure@https://registry.npmjs.org/@babel/helper-annotate-as-pure/-/helper-annotate-as-pure-7.27.3.tgz 0ms (cache hit)
4991 http cache @babel/helper-split-export-declaration@https://registry.npmjs.org/@babel/helper-split-export-declaration/-/helper-split-export-declaration-7.24.7.tgz 0ms (cache hit)
4992 http cache @babel/core@https://registry.npmjs.org/@babel/core/-/core-7.28.3.tgz 0ms (cache hit)
4993 http cache @angular-devkit/architect@https://registry.npmjs.org/@angular-devkit/architect/-/architect-0.2003.28.tgz 0ms (cache hit)
4994 http cache @ampproject/remapping@https://registry.npmjs.org/@ampproject/remapping/-/remapping-2.3.0.tgz 0ms (cache hit)
4995 http cache zone.js@https://registry.npmjs.org/zone.js/-/zone.js-0.15.1.tgz 0ms (cache hit)
4996 http cache prettier@https://registry.npmjs.org/prettier/-/prettier-3.8.4.tgz 0ms (cache hit)
4997 http cache lint-staged@https://registry.npmjs.org/lint-staged/-/lint-staged-16.4.0.tgz 0ms (cache hit)
4998 http cache karma-jasmine-html-reporter@https://registry.npmjs.org/karma-jasmine-html-reporter/-/karma-jasmine-html-reporter-2.1.0.tgz 0ms (cache hit)
4999 http cache karma-jasmine@https://registry.npmjs.org/karma-jasmine/-/karma-jasmine-5.1.0.tgz 0ms (cache hit)
5000 http cache karma-coverage@https://registry.npmjs.org/karma-coverage/-/karma-coverage-2.2.1.tgz 0ms (cache hit)
5001 http cache karma-chrome-launcher@https://registry.npmjs.org/karma-chrome-launcher/-/karma-chrome-launcher-3.2.0.tgz 0ms (cache hit)
5002 http cache eslint-config-prettier@https://registry.npmjs.org/eslint-config-prettier/-/eslint-config-prettier-10.1.8.tgz 0ms (cache hit)
5003 http cache jasmine-core@https://registry.npmjs.org/jasmine-core/-/jasmine-core-5.9.0.tgz 0ms (cache hit)
5004 http cache husky@https://registry.npmjs.org/husky/-/husky-9.1.7.tgz 0ms (cache hit)
5005 http cache typescript-eslint@https://registry.npmjs.org/typescript-eslint/-/typescript-eslint-8.46.4.tgz 0ms (cache hit)
5006 http cache @types/jasmine@https://registry.npmjs.org/@types/jasmine/-/jasmine-5.1.15.tgz 0ms (cache hit)
5007 http cache eslint@https://registry.npmjs.org/eslint/-/eslint-9.39.4.tgz 0ms (cache hit)
5008 http cache angular-eslint@https://registry.npmjs.org/angular-eslint/-/angular-eslint-21.0.1.tgz 0ms (cache hit)
5009 http cache karma@https://registry.npmjs.org/karma/-/karma-6.4.4.tgz 0ms (cache hit)
5010 http cache @commitlint/config-conventional@https://registry.npmjs.org/@commitlint/config-conventional/-/config-conventional-21.0.2.tgz 0ms (cache hit)
5011 http cache @commitlint/cli@https://registry.npmjs.org/@commitlint/cli/-/cli-21.0.2.tgz 0ms (cache hit)
5012 http cache @angular/router@https://registry.npmjs.org/@angular/router/-/router-20.3.25.tgz 0ms (cache hit)
5013 http cache @angular/platform-browser@https://registry.npmjs.org/@angular/platform-browser/-/platform-browser-20.3.25.tgz 0ms (cache hit)
5014 http cache @angular/forms@https://registry.npmjs.org/@angular/forms/-/forms-20.3.25.tgz 0ms (cache hit)
5015 http cache @angular/core@https://registry.npmjs.org/@angular/core/-/core-20.3.25.tgz 0ms (cache hit)
5016 http cache rxjs@https://registry.npmjs.org/rxjs/-/rxjs-7.8.2.tgz 0ms (cache hit)
5017 http cache @angular/common@https://registry.npmjs.org/@angular/common/-/common-20.3.25.tgz 0ms (cache hit)
5018 http cache @angular/cli@https://registry.npmjs.org/@angular/cli/-/cli-20.3.28.tgz 0ms (cache hit)
5019 http cache @angular/compiler-cli@https://registry.npmjs.org/@angular/compiler-cli/-/compiler-cli-20.3.25.tgz 0ms (cache hit)
5020 http cache @angular/compiler@https://registry.npmjs.org/@angular/compiler/-/compiler-20.3.25.tgz 0ms (cache hit)
5021 http cache @angular/build@https://registry.npmjs.org/@angular/build/-/build-20.3.28.tgz 0ms (cache hit)
5022 http cache tslib@https://registry.npmjs.org/tslib/-/tslib-2.8.1.tgz 0ms (cache hit)
5023 http cache typescript@https://registry.npmjs.org/typescript/-/typescript-5.9.3.tgz 0ms (cache hit)
5024 http cache picomatch@https://registry.npmjs.org/picomatch/-/picomatch-2.3.2.tgz 0ms (cache hit)
5025 http cache glob-parent@https://registry.npmjs.org/glob-parent/-/glob-parent-5.1.2.tgz 0ms (cache hit)
5026 http cache punycode@https://registry.npmjs.org/punycode/-/punycode-2.3.1.tgz 0ms (cache hit)
5027 http cache wrap-ansi@https://registry.npmjs.org/wrap-ansi/-/wrap-ansi-9.0.2.tgz 0ms (cache hit)
5028 http cache balanced-match@https://registry.npmjs.org/balanced-match/-/balanced-match-1.0.2.tgz 0ms (cache hit)
5029 http cache lru-cache@https://registry.npmjs.org/lru-cache/-/lru-cache-11.5.1.tgz 0ms (cache hit)
5030 http cache ansi-styles@https://registry.npmjs.org/ansi-styles/-/ansi-styles-6.2.3.tgz 0ms (cache hit)
5031 http cache brace-expansion@https://registry.npmjs.org/brace-expansion/-/brace-expansion-2.1.1.tgz 0ms (cache hit)
5032 http cache eslint-visitor-keys@https://registry.npmjs.org/eslint-visitor-keys/-/eslint-visitor-keys-4.2.1.tgz 0ms (cache hit)
5033 http cache picomatch@https://registry.npmjs.org/picomatch/-/picomatch-2.3.2.tgz 0ms (cache hit)
5034 http cache minimatch@https://registry.npmjs.org/minimatch/-/minimatch-9.0.9.tgz 0ms (cache hit)
5035 http cache @typescript-eslint/project-service@https://registry.npmjs.org/@typescript-eslint/project-service/-/project-service-8.46.4.tgz 0ms (cache hit)
5036 http cache @typescript-eslint/tsconfig-utils@https://registry.npmjs.org/@typescript-eslint/tsconfig-utils/-/tsconfig-utils-8.46.4.tgz 0ms (cache hit)
5037 http cache @typescript-eslint/scope-manager@https://registry.npmjs.org/@typescript-eslint/scope-manager/-/scope-manager-8.46.4.tgz 0ms (cache hit)
5038 http cache @typescript-eslint/visitor-keys@https://registry.npmjs.org/@typescript-eslint/visitor-keys/-/visitor-keys-8.46.4.tgz 0ms (cache hit)
5039 http cache @typescript-eslint/typescript-estree@https://registry.npmjs.org/@typescript-eslint/typescript-estree/-/typescript-estree-8.46.4.tgz 0ms (cache hit)
5040 http cache @typescript-eslint/utils@https://registry.npmjs.org/@typescript-eslint/utils/-/utils-8.46.4.tgz 0ms (cache hit)
5041 http cache balanced-match@https://registry.npmjs.org/balanced-match/-/balanced-match-1.0.2.tgz 0ms (cache hit)
5042 http cache brace-expansion@https://registry.npmjs.org/brace-expansion/-/brace-expansion-2.1.1.tgz 0ms (cache hit)
5043 http cache eslint-visitor-keys@https://registry.npmjs.org/eslint-visitor-keys/-/eslint-visitor-keys-4.2.1.tgz 0ms (cache hit)
5044 http cache @typescript-eslint/types@https://registry.npmjs.org/@typescript-eslint/types/-/types-8.46.4.tgz 0ms (cache hit)
5045 http cache minimatch@https://registry.npmjs.org/minimatch/-/minimatch-9.0.9.tgz 0ms (cache hit)
5046 http cache @typescript-eslint/tsconfig-utils@https://registry.npmjs.org/@typescript-eslint/tsconfig-utils/-/tsconfig-utils-8.46.4.tgz 0ms (cache hit)
5047 http cache @typescript-eslint/project-service@https://registry.npmjs.org/@typescript-eslint/project-service/-/project-service-8.46.4.tgz 0ms (cache hit)
5048 http cache @typescript-eslint/visitor-keys@https://registry.npmjs.org/@typescript-eslint/visitor-keys/-/visitor-keys-8.46.4.tgz 0ms (cache hit)
5049 http cache @typescript-eslint/types@https://registry.npmjs.org/@typescript-eslint/types/-/types-8.46.4.tgz 0ms (cache hit)
5050 http cache @typescript-eslint/scope-manager@https://registry.npmjs.org/@typescript-eslint/scope-manager/-/scope-manager-8.46.4.tgz 0ms (cache hit)
5051 http cache balanced-match@https://registry.npmjs.org/balanced-match/-/balanced-match-1.0.2.tgz 0ms (cache hit)
5052 http cache @typescript-eslint/typescript-estree@https://registry.npmjs.org/@typescript-eslint/typescript-estree/-/typescript-estree-8.46.4.tgz 0ms (cache hit)
5053 http cache eslint-visitor-keys@https://registry.npmjs.org/eslint-visitor-keys/-/eslint-visitor-keys-4.2.1.tgz 0ms (cache hit)
5054 http cache minimatch@https://registry.npmjs.org/minimatch/-/minimatch-9.0.9.tgz 0ms (cache hit)
5055 http cache @typescript-eslint/project-service@https://registry.npmjs.org/@typescript-eslint/project-service/-/project-service-8.46.4.tgz 0ms (cache hit)
5056 http cache @typescript-eslint/typescript-estree@https://registry.npmjs.org/@typescript-eslint/typescript-estree/-/typescript-estree-8.46.4.tgz 0ms (cache hit)
5057 http cache @typescript-eslint/types@https://registry.npmjs.org/@typescript-eslint/types/-/types-8.46.4.tgz 0ms (cache hit)
5058 http cache @typescript-eslint/visitor-keys@https://registry.npmjs.org/@typescript-eslint/visitor-keys/-/visitor-keys-8.46.4.tgz 0ms (cache hit)
5059 http cache @typescript-eslint/tsconfig-utils@https://registry.npmjs.org/@typescript-eslint/tsconfig-utils/-/tsconfig-utils-8.46.4.tgz 0ms (cache hit)
5060 http cache brace-expansion@https://registry.npmjs.org/brace-expansion/-/brace-expansion-2.1.1.tgz 0ms (cache hit)
5061 http cache @typescript-eslint/scope-manager@https://registry.npmjs.org/@typescript-eslint/scope-manager/-/scope-manager-8.46.4.tgz 0ms (cache hit)
5062 http cache @typescript-eslint/utils@https://registry.npmjs.org/@typescript-eslint/utils/-/utils-8.46.4.tgz 0ms (cache hit)
5063 http cache negotiator@https://registry.npmjs.org/negotiator/-/negotiator-0.6.3.tgz 0ms (cache hit)
5064 http cache mime-types@https://registry.npmjs.org/mime-types/-/mime-types-2.1.35.tgz 0ms (cache hit)
5065 http cache accepts@https://registry.npmjs.org/accepts/-/accepts-1.3.8.tgz 0ms (cache hit)
5066 http cache proc-log@https://registry.npmjs.org/proc-log/-/proc-log-6.1.0.tgz 0ms (cache hit)
5067 http cache node-addon-api@https://registry.npmjs.org/node-addon-api/-/node-addon-api-7.1.1.tgz 0ms (cache hit)
5068 http cache mime-db@https://registry.npmjs.org/mime-db/-/mime-db-1.52.0.tgz 0ms (cache hit)
5069 http cache entities@https://registry.npmjs.org/entities/-/entities-8.0.0.tgz 0ms (cache hit)
5070 http cache lru-cache@https://registry.npmjs.org/lru-cache/-/lru-cache-11.5.1.tgz 0ms (cache hit)
5071 http cache minipass@https://registry.npmjs.org/minipass/-/minipass-3.3.6.tgz 0ms (cache hit)
5072 http cache yallist@https://registry.npmjs.org/yallist/-/yallist-4.0.0.tgz 0ms (cache hit)
5073 http cache proc-log@https://registry.npmjs.org/proc-log/-/proc-log-6.1.0.tgz 0ms (cache hit)
5074 http cache yallist@https://registry.npmjs.org/yallist/-/yallist-4.0.0.tgz 0ms (cache hit)
5075 http cache minipass@https://registry.npmjs.org/minipass/-/minipass-3.3.6.tgz 0ms (cache hit)
5076 http cache which@https://registry.npmjs.org/which/-/which-6.0.1.tgz 0ms (cache hit)
5077 http cache proc-log@https://registry.npmjs.org/proc-log/-/proc-log-6.1.0.tgz 0ms (cache hit)
5078 http cache proc-log@https://registry.npmjs.org/proc-log/-/proc-log-6.1.0.tgz 0ms (cache hit)
5079 http cache yallist@https://registry.npmjs.org/yallist/-/yallist-5.0.0.tgz 0ms (cache hit)
5080 http cache isexe@https://registry.npmjs.org/isexe/-/isexe-4.0.0.tgz 0ms (cache hit)
5081 http cache glob@https://registry.npmjs.org/glob/-/glob-13.0.6.tgz 0ms (cache hit)
5082 http cache proc-log@https://registry.npmjs.org/proc-log/-/proc-log-6.1.0.tgz 0ms (cache hit)
5083 http cache proc-log@https://registry.npmjs.org/proc-log/-/proc-log-6.1.0.tgz 0ms (cache hit)
5084 http cache glob@https://registry.npmjs.org/glob/-/glob-13.0.6.tgz 0ms (cache hit)
5085 http cache isexe@https://registry.npmjs.org/isexe/-/isexe-4.0.0.tgz 0ms (cache hit)
5086 http cache isexe@https://registry.npmjs.org/isexe/-/isexe-4.0.0.tgz 0ms (cache hit)
5087 http cache lru-cache@https://registry.npmjs.org/lru-cache/-/lru-cache-11.5.1.tgz 0ms (cache hit)
5088 http cache proc-log@https://registry.npmjs.org/proc-log/-/proc-log-6.1.0.tgz 0ms (cache hit)
5089 http cache lru-cache@https://registry.npmjs.org/lru-cache/-/lru-cache-11.5.1.tgz 0ms (cache hit)
5090 http cache which@https://registry.npmjs.org/which/-/which-6.0.1.tgz 0ms (cache hit)
5091 http cache ini@https://registry.npmjs.org/ini/-/ini-6.0.0.tgz 0ms (cache hit)
5092 http cache which@https://registry.npmjs.org/which/-/which-6.0.1.tgz 0ms (cache hit)
5093 http cache proc-log@https://registry.npmjs.org/proc-log/-/proc-log-6.1.0.tgz 0ms (cache hit)
5094 http cache chalk@https://registry.npmjs.org/chalk/-/chalk-5.6.2.tgz 0ms (cache hit)
5095 http cache ansi-styles@https://registry.npmjs.org/ansi-styles/-/ansi-styles-6.2.3.tgz 0ms (cache hit)
5096 http cache is-fullwidth-code-point@https://registry.npmjs.org/is-fullwidth-code-point/-/is-fullwidth-code-point-5.1.0.tgz 0ms (cache hit)
5097 http cache ansi-styles@https://registry.npmjs.org/ansi-styles/-/ansi-styles-6.2.3.tgz 0ms (cache hit)
5098 http cache is-unicode-supported@https://registry.npmjs.org/is-unicode-supported/-/is-unicode-supported-1.3.0.tgz 0ms (cache hit)
5099 http cache slice-ansi@https://registry.npmjs.org/slice-ansi/-/slice-ansi-7.1.2.tgz 0ms (cache hit)
5100 http cache wrap-ansi@https://registry.npmjs.org/wrap-ansi/-/wrap-ansi-9.0.2.tgz 0ms (cache hit)
5101 http cache lru-cache@https://registry.npmjs.org/lru-cache/-/lru-cache-11.5.1.tgz 0ms (cache hit)
5102 http cache source-map@https://registry.npmjs.org/source-map/-/source-map-0.6.1.tgz 0ms (cache hit)
5103 http cache mime-db@https://registry.npmjs.org/mime-db/-/mime-db-1.52.0.tgz 0ms (cache hit)
5104 http cache negotiator@https://registry.npmjs.org/negotiator/-/negotiator-0.6.3.tgz 0ms (cache hit)
5105 http cache mime-types@https://registry.npmjs.org/mime-types/-/mime-types-2.1.35.tgz 0ms (cache hit)
5106 http cache accepts@https://registry.npmjs.org/accepts/-/accepts-1.3.8.tgz 0ms (cache hit)
5107 http cache balanced-match@https://registry.npmjs.org/balanced-match/-/balanced-match-1.0.2.tgz 0ms (cache hit)
5108 http cache brace-expansion@https://registry.npmjs.org/brace-expansion/-/brace-expansion-1.1.15.tgz 0ms (cache hit)
5109 http cache minimatch@https://registry.npmjs.org/minimatch/-/minimatch-3.1.5.tgz 0ms (cache hit)
5110 http cache statuses@https://registry.npmjs.org/statuses/-/statuses-1.5.0.tgz 0ms (cache hit)
5111 http cache on-finished@https://registry.npmjs.org/on-finished/-/on-finished-2.3.0.tgz 0ms (cache hit)
5112 http cache encodeurl@https://registry.npmjs.org/encodeurl/-/encodeurl-1.0.2.tgz 0ms (cache hit)
5113 http cache ms@https://registry.npmjs.org/ms/-/ms-2.0.0.tgz 0ms (cache hit)
5114 http cache finalhandler@https://registry.npmjs.org/finalhandler/-/finalhandler-1.1.2.tgz 0ms (cache hit)
5115 http cache debug@https://registry.npmjs.org/debug/-/debug-2.6.9.tgz 0ms (cache hit)
5116 http cache content-type@https://registry.npmjs.org/content-type/-/content-type-2.0.0.tgz 0ms (cache hit)
5117 http cache eslint-visitor-keys@https://registry.npmjs.org/eslint-visitor-keys/-/eslint-visitor-keys-4.2.1.tgz 0ms (cache hit)
5118 http cache balanced-match@https://registry.npmjs.org/balanced-match/-/balanced-match-1.0.2.tgz 0ms (cache hit)
5119 http cache brace-expansion@https://registry.npmjs.org/brace-expansion/-/brace-expansion-1.1.15.tgz 0ms (cache hit)
5120 http cache json-schema-traverse@https://registry.npmjs.org/json-schema-traverse/-/json-schema-traverse-0.4.1.tgz 0ms (cache hit)
5121 http cache minimatch@https://registry.npmjs.org/minimatch/-/minimatch-3.1.5.tgz 0ms (cache hit)
5122 http cache ignore@https://registry.npmjs.org/ignore/-/ignore-5.3.2.tgz 0ms (cache hit)
5123 http cache ajv@https://registry.npmjs.org/ajv/-/ajv-6.15.0.tgz 0ms (cache hit)
5124 http cache balanced-match@https://registry.npmjs.org/balanced-match/-/balanced-match-1.0.2.tgz 0ms (cache hit)
5125 http cache brace-expansion@https://registry.npmjs.org/brace-expansion/-/brace-expansion-1.1.15.tgz 0ms (cache hit)
5126 http cache minimatch@https://registry.npmjs.org/minimatch/-/minimatch-3.1.5.tgz 0ms (cache hit)
5127 http cache json-parse-even-better-errors@https://registry.npmjs.org/json-parse-even-better-errors/-/json-parse-even-better-errors-2.3.1.tgz 0ms (cache hit)
5128 http cache resolve-from@https://registry.npmjs.org/resolve-from/-/resolve-from-4.0.0.tgz 0ms (cache hit)
5129 http cache entities@https://registry.npmjs.org/entities/-/entities-7.0.1.tgz 0ms (cache hit)
5130 http cache eslint-visitor-keys@https://registry.npmjs.org/eslint-visitor-keys/-/eslint-visitor-keys-5.0.1.tgz 0ms (cache hit)
5131 http cache stdin-discarder@https://registry.npmjs.org/stdin-discarder/-/stdin-discarder-0.3.2.tgz 0ms (cache hit)
5132 http cache tinyglobby@https://registry.npmjs.org/tinyglobby/-/tinyglobby-0.2.17.tgz 0ms (cache hit)
5133 http cache log-symbols@https://registry.npmjs.org/log-symbols/-/log-symbols-7.0.1.tgz 0ms (cache hit)
5134 http cache string-width@https://registry.npmjs.org/string-width/-/string-width-8.2.1.tgz 0ms (cache hit)
5135 http cache semver@https://registry.npmjs.org/semver/-/semver-7.8.4.tgz 0ms (cache hit)
5136 http cache chalk@https://registry.npmjs.org/chalk/-/chalk-5.6.2.tgz 0ms (cache hit)
5137 http cache ora@https://registry.npmjs.org/ora/-/ora-9.3.0.tgz 0ms (cache hit)
5138 http cache readdirp@https://registry.npmjs.org/readdirp/-/readdirp-5.0.0.tgz 0ms (cache hit)
5139 http cache semver@https://registry.npmjs.org/semver/-/semver-7.7.3.tgz 0ms (cache hit)
5140 http cache chokidar@https://registry.npmjs.org/chokidar/-/chokidar-5.0.0.tgz 0ms (cache hit)
5141 http cache @angular-devkit/core@https://registry.npmjs.org/@angular-devkit/core/-/core-21.2.15.tgz 0ms (cache hit)
5142 http cache @angular-devkit/schematics@https://registry.npmjs.org/@angular-devkit/schematics/-/schematics-21.2.15.tgz 0ms (cache hit)
5143 http cache magic-string@https://registry.npmjs.org/magic-string/-/magic-string-0.30.21.tgz 0ms (cache hit)
5144 http cache readdirp@https://registry.npmjs.org/readdirp/-/readdirp-5.0.0.tgz 0ms (cache hit)
5145 http cache @angular-devkit/architect@https://registry.npmjs.org/@angular-devkit/architect/-/architect-0.2102.15.tgz 0ms (cache hit)
5146 http cache chokidar@https://registry.npmjs.org/chokidar/-/chokidar-5.0.0.tgz 0ms (cache hit)
5147 http cache @angular-devkit/core@https://registry.npmjs.org/@angular-devkit/core/-/core-21.2.15.tgz 0ms (cache hit)
5148 http cache strip-ansi@https://registry.npmjs.org/strip-ansi/-/strip-ansi-6.0.1.tgz 0ms (cache hit)
5149 http cache is-fullwidth-code-point@https://registry.npmjs.org/is-fullwidth-code-point/-/is-fullwidth-code-point-3.0.0.tgz 0ms (cache hit)
5150 http cache string-width@https://registry.npmjs.org/string-width/-/string-width-4.2.3.tgz 0ms (cache hit)
5151 http cache ansi-regex@https://registry.npmjs.org/ansi-regex/-/ansi-regex-5.0.1.tgz 0ms (cache hit)
5152 http cache emoji-regex@https://registry.npmjs.org/emoji-regex/-/emoji-regex-8.0.0.tgz 0ms (cache hit)
5153 http cache chalk@https://registry.npmjs.org/chalk/-/chalk-5.6.2.tgz 0ms (cache hit)
5154 http cache proc-log@https://registry.npmjs.org/proc-log/-/proc-log-6.1.0.tgz 0ms (cache hit)
5155 http cache source-map@https://registry.npmjs.org/source-map/-/source-map-0.6.1.tgz 0ms (cache hit)
5156 http cache semver@https://registry.npmjs.org/semver/-/semver-6.3.1.tgz 0ms (cache hit)
5157 http cache ini@https://registry.npmjs.org/ini/-/ini-6.0.0.tgz 0ms (cache hit)
5158 http cache @types/estree@https://registry.npmjs.org/@types/estree/-/estree-1.0.8.tgz 0ms (cache hit)
5159 http cache entities@https://registry.npmjs.org/entities/-/entities-6.0.1.tgz 0ms (cache hit)
5160 http cache eventemitter3@https://registry.npmjs.org/eventemitter3/-/eventemitter3-5.0.4.tgz 0ms (cache hit)
5161 http cache ansi-styles@https://registry.npmjs.org/ansi-styles/-/ansi-styles-6.2.3.tgz 0ms (cache hit)
5162 http cache @esbuild/darwin-arm64@https://registry.npmjs.org/@esbuild/darwin-arm64/-/darwin-arm64-0.27.7.tgz 0ms (cache hit)
5163 http cache wrap-ansi@https://registry.npmjs.org/wrap-ansi/-/wrap-ansi-9.0.2.tgz 0ms (cache hit)
5164 http cache tinyglobby@https://registry.npmjs.org/tinyglobby/-/tinyglobby-0.2.17.tgz 0ms (cache hit)
5165 http cache convert-source-map@https://registry.npmjs.org/convert-source-map/-/convert-source-map-2.0.0.tgz 0ms (cache hit)
5166 http cache semver@https://registry.npmjs.org/semver/-/semver-6.3.1.tgz 0ms (cache hit)
5167 http cache cli-spinners@https://registry.npmjs.org/cli-spinners/-/cli-spinners-3.4.0.tgz 0ms (cache hit)
5168 http cache eventemitter3@https://registry.npmjs.org/eventemitter3/-/eventemitter3-5.0.4.tgz 0ms (cache hit)
5169 http cache ansi-styles@https://registry.npmjs.org/ansi-styles/-/ansi-styles-6.2.3.tgz 0ms (cache hit)
5170 http cache slice-ansi@https://registry.npmjs.org/slice-ansi/-/slice-ansi-8.0.0.tgz 0ms (cache hit)
5171 http cache esbuild@https://registry.npmjs.org/esbuild/-/esbuild-0.27.7.tgz 0ms (cache hit)
5172 http cache listr2@https://registry.npmjs.org/listr2/-/listr2-9.0.5.tgz 0ms (cache hit)
5173 http cache wrap-ansi@https://registry.npmjs.org/wrap-ansi/-/wrap-ansi-9.0.2.tgz 0ms (cache hit)
5174 http cache cli-truncate@https://registry.npmjs.org/cli-truncate/-/cli-truncate-5.2.0.tgz 0ms (cache hit)
5175 http cache brace-expansion@https://registry.npmjs.org/brace-expansion/-/brace-expansion-1.1.15.tgz 0ms (cache hit)
5176 http cache istanbul-lib-instrument@https://registry.npmjs.org/istanbul-lib-instrument/-/istanbul-lib-instrument-5.2.1.tgz 0ms (cache hit)
5177 http cache balanced-match@https://registry.npmjs.org/balanced-match/-/balanced-match-1.0.2.tgz 0ms (cache hit)
5178 http cache semver@https://registry.npmjs.org/semver/-/semver-6.3.1.tgz 0ms (cache hit)
5179 http cache jasmine-core@https://registry.npmjs.org/jasmine-core/-/jasmine-core-4.6.1.tgz 0ms (cache hit)
5180 http cache emoji-regex@https://registry.npmjs.org/emoji-regex/-/emoji-regex-8.0.0.tgz 0ms (cache hit)
5181 http cache is-fullwidth-code-point@https://registry.npmjs.org/is-fullwidth-code-point/-/is-fullwidth-code-point-5.1.0.tgz 0ms (cache hit)
5182 http cache which@https://registry.npmjs.org/which/-/which-1.3.1.tgz 0ms (cache hit)
5183 http cache string-width@https://registry.npmjs.org/string-width/-/string-width-8.2.1.tgz 0ms (cache hit)
5184 http cache ansi-regex@https://registry.npmjs.org/ansi-regex/-/ansi-regex-5.0.1.tgz 0ms (cache hit)
5185 http cache strip-ansi@https://registry.npmjs.org/strip-ansi/-/strip-ansi-6.0.1.tgz 0ms (cache hit)
5186 http cache is-fullwidth-code-point@https://registry.npmjs.org/is-fullwidth-code-point/-/is-fullwidth-code-point-3.0.0.tgz 0ms (cache hit)
5187 http cache string-width@https://registry.npmjs.org/string-width/-/string-width-4.2.3.tgz 0ms (cache hit)
5188 http cache wrap-ansi@https://registry.npmjs.org/wrap-ansi/-/wrap-ansi-7.0.0.tgz 0ms (cache hit)
5189 http cache yargs-parser@https://registry.npmjs.org/yargs-parser/-/yargs-parser-20.2.9.tgz 0ms (cache hit)
5190 http cache minimatch@https://registry.npmjs.org/minimatch/-/minimatch-3.1.5.tgz 0ms (cache hit)
5191 http cache picomatch@https://registry.npmjs.org/picomatch/-/picomatch-2.3.2.tgz 0ms (cache hit)
5192 http cache mime-types@https://registry.npmjs.org/mime-types/-/mime-types-2.1.35.tgz 0ms (cache hit)
5193 http cache cliui@https://registry.npmjs.org/cliui/-/cliui-7.0.4.tgz 0ms (cache hit)
5194 http cache media-typer@https://registry.npmjs.org/media-typer/-/media-typer-0.3.0.tgz 0ms (cache hit)
5195 http cache ms@https://registry.npmjs.org/ms/-/ms-2.0.0.tgz 0ms (cache hit)
5196 http cache balanced-match@https://registry.npmjs.org/balanced-match/-/balanced-match-1.0.2.tgz 0ms (cache hit)
5197 http cache mime-db@https://registry.npmjs.org/mime-db/-/mime-db-1.52.0.tgz 0ms (cache hit)
5198 http cache readdirp@https://registry.npmjs.org/readdirp/-/readdirp-3.6.0.tgz 0ms (cache hit)
5199 http cache type-is@https://registry.npmjs.org/type-is/-/type-is-1.6.18.tgz 0ms (cache hit)
5200 http cache brace-expansion@https://registry.npmjs.org/brace-expansion/-/brace-expansion-1.1.15.tgz 0ms (cache hit)
5201 http cache raw-body@https://registry.npmjs.org/raw-body/-/raw-body-2.5.3.tgz 0ms (cache hit)
5202 http cache minimatch@https://registry.npmjs.org/minimatch/-/minimatch-3.1.5.tgz 0ms (cache hit)
5203 http cache yargs@https://registry.npmjs.org/yargs/-/yargs-16.2.0.tgz 0ms (cache hit)
5204 http cache source-map@https://registry.npmjs.org/source-map/-/source-map-0.6.1.tgz 0ms (cache hit)
5205 http cache chokidar@https://registry.npmjs.org/chokidar/-/chokidar-3.6.0.tgz 0ms (cache hit)
5206 http cache body-parser@https://registry.npmjs.org/body-parser/-/body-parser-1.20.5.tgz 0ms (cache hit)
5207 http cache glob-parent@https://registry.npmjs.org/glob-parent/-/glob-parent-5.1.2.tgz 0ms (cache hit)
5208 http cache debug@https://registry.npmjs.org/debug/-/debug-2.6.9.tgz 0ms (cache hit)
5209 http cache iconv-lite@https://registry.npmjs.org/iconv-lite/-/iconv-lite-0.4.24.tgz 0ms (cache hit)
5210 http cache balanced-match@https://registry.npmjs.org/balanced-match/-/balanced-match-1.0.2.tgz 0ms (cache hit)
5211 http cache @typescript-eslint/visitor-keys@https://registry.npmjs.org/@typescript-eslint/visitor-keys/-/visitor-keys-8.46.4.tgz 0ms (cache hit)
5212 http cache eslint-visitor-keys@https://registry.npmjs.org/eslint-visitor-keys/-/eslint-visitor-keys-4.2.1.tgz 0ms (cache hit)
5213 http cache @typescript-eslint/project-service@https://registry.npmjs.org/@typescript-eslint/project-service/-/project-service-8.46.4.tgz 0ms (cache hit)
5214 http cache brace-expansion@https://registry.npmjs.org/brace-expansion/-/brace-expansion-2.1.1.tgz 0ms (cache hit)
5215 http cache @typescript-eslint/scope-manager@https://registry.npmjs.org/@typescript-eslint/scope-manager/-/scope-manager-8.46.4.tgz 0ms (cache hit)
5216 http cache @typescript-eslint/utils@https://registry.npmjs.org/@typescript-eslint/utils/-/utils-8.46.4.tgz 0ms (cache hit)
5217 http cache @typescript-eslint/tsconfig-utils@https://registry.npmjs.org/@typescript-eslint/tsconfig-utils/-/tsconfig-utils-8.46.4.tgz 0ms (cache hit)
5218 http cache balanced-match@https://registry.npmjs.org/balanced-match/-/balanced-match-1.0.2.tgz 0ms (cache hit)
5219 http cache minimatch@https://registry.npmjs.org/minimatch/-/minimatch-9.0.9.tgz 0ms (cache hit)
5220 http cache @typescript-eslint/typescript-estree@https://registry.npmjs.org/@typescript-eslint/typescript-estree/-/typescript-estree-8.46.4.tgz 0ms (cache hit)
5221 http cache @typescript-eslint/types@https://registry.npmjs.org/@typescript-eslint/types/-/types-8.46.4.tgz 0ms (cache hit)
5222 http cache brace-expansion@https://registry.npmjs.org/brace-expansion/-/brace-expansion-1.1.15.tgz 0ms (cache hit)
5223 http cache eslint-scope@https://registry.npmjs.org/eslint-scope/-/eslint-scope-8.4.0.tgz 0ms (cache hit)
5224 http cache eslint-visitor-keys@https://registry.npmjs.org/eslint-visitor-keys/-/eslint-visitor-keys-4.2.1.tgz 0ms (cache hit)
5225 http cache minimatch@https://registry.npmjs.org/minimatch/-/minimatch-3.1.5.tgz 0ms (cache hit)
5226 http cache ajv@https://registry.npmjs.org/ajv/-/ajv-6.15.0.tgz 0ms (cache hit)
5227 http cache string-width@https://registry.npmjs.org/string-width/-/string-width-8.2.1.tgz 0ms (cache hit)
5228 http cache stdin-discarder@https://registry.npmjs.org/stdin-discarder/-/stdin-discarder-0.3.2.tgz 0ms (cache hit)
5229 http cache log-symbols@https://registry.npmjs.org/log-symbols/-/log-symbols-7.0.1.tgz 0ms (cache hit)
5230 http cache json-schema-traverse@https://registry.npmjs.org/json-schema-traverse/-/json-schema-traverse-0.4.1.tgz 0ms (cache hit)
5231 http cache chalk@https://registry.npmjs.org/chalk/-/chalk-5.6.2.tgz 0ms (cache hit)
5232 http cache cli-spinners@https://registry.npmjs.org/cli-spinners/-/cli-spinners-3.4.0.tgz 0ms (cache hit)
5233 http cache ignore@https://registry.npmjs.org/ignore/-/ignore-5.3.2.tgz 0ms (cache hit)
5234 http cache readdirp@https://registry.npmjs.org/readdirp/-/readdirp-5.0.0.tgz 0ms (cache hit)
5235 http cache ora@https://registry.npmjs.org/ora/-/ora-9.3.0.tgz 0ms (cache hit)
5236 http cache magic-string@https://registry.npmjs.org/magic-string/-/magic-string-0.30.21.tgz 0ms (cache hit)
5237 http cache @angular-devkit/core@https://registry.npmjs.org/@angular-devkit/core/-/core-21.2.15.tgz 0ms (cache hit)
5238 http cache chokidar@https://registry.npmjs.org/chokidar/-/chokidar-5.0.0.tgz 0ms (cache hit)
5239 http cache @angular-devkit/schematics@https://registry.npmjs.org/@angular-devkit/schematics/-/schematics-21.2.15.tgz 0ms (cache hit)
5240 silly tarball no local data for require-directory@https://registry.npmjs.org/require-directory/-/require-directory-2.1.1.tgz. Extracting by manifest.
5241 silly tarball no local data for binary-extensions@https://registry.npmjs.org/binary-extensions/-/binary-extensions-2.3.0.tgz. Extracting by manifest.
5242 silly tarball no local data for normalize-path@https://registry.npmjs.org/normalize-path/-/normalize-path-3.0.0.tgz. Extracting by manifest.
5243 silly tarball no local data for anymatch@https://registry.npmjs.org/anymatch/-/anymatch-3.1.3.tgz. Extracting by manifest.
5244 silly tarball no local data for is-binary-path@https://registry.npmjs.org/is-binary-path/-/is-binary-path-2.1.0.tgz. Extracting by manifest.
5245 silly tarball no local data for destroy@https://registry.npmjs.org/destroy/-/destroy-1.2.0.tgz. Extracting by manifest.
5246 silly tarball no local data for queue-microtask@https://registry.npmjs.org/queue-microtask/-/queue-microtask-1.2.3.tgz. Extracting by manifest.
5247 silly tarball no local data for fastq@https://registry.npmjs.org/fastq/-/fastq-1.20.1.tgz. Extracting by manifest.
5248 silly tarball no local data for reusify@https://registry.npmjs.org/reusify/-/reusify-1.1.0.tgz. Extracting by manifest.
5249 silly tarball no local data for run-parallel@https://registry.npmjs.org/run-parallel/-/run-parallel-1.2.0.tgz. Extracting by manifest.
5250 silly tarball no local data for @nodelib/fs.scandir@https://registry.npmjs.org/@nodelib/fs.scandir/-/fs.scandir-2.1.5.tgz. Extracting by manifest.
5251 silly tarball no local data for merge2@https://registry.npmjs.org/merge2/-/merge2-1.4.1.tgz. Extracting by manifest.
5252 silly tarball no local data for @nodelib/fs.walk@https://registry.npmjs.org/@nodelib/fs.walk/-/fs.walk-1.2.8.tgz. Extracting by manifest.
5253 silly tarball no local data for fast-glob@https://registry.npmjs.org/fast-glob/-/fast-glob-3.3.3.tgz. Extracting by manifest.
5254 silly tarball no local data for path-scurry@https://registry.npmjs.org/path-scurry/-/path-scurry-2.0.2.tgz. Extracting by manifest.
5255 silly tarball no local data for @nodelib/fs.stat@https://registry.npmjs.org/@nodelib/fs.stat/-/fs.stat-2.0.5.tgz. Extracting by manifest.
5256 silly tarball no local data for uri-js@https://registry.npmjs.org/uri-js/-/uri-js-4.4.1.tgz. Extracting by manifest.
5257 silly tarball no local data for fast-json-stable-stringify@https://registry.npmjs.org/fast-json-stable-stringify/-/fast-json-stable-stringify-2.1.0.tgz. Extracting by manifest.
5258 silly tarball no local data for concat-map@https://registry.npmjs.org/concat-map/-/concat-map-0.0.1.tgz. Extracting by manifest.
5259 silly tarball no local data for yoctocolors@https://registry.npmjs.org/yoctocolors/-/yoctocolors-2.1.2.tgz. Extracting by manifest.
5260 silly tarball no local data for yargs-parser@https://registry.npmjs.org/yargs-parser/-/yargs-parser-22.0.0.tgz. Extracting by manifest.
5261 silly tarball no local data for y18n@https://registry.npmjs.org/y18n/-/y18n-5.0.8.tgz. Extracting by manifest.
5262 silly tarball no local data for get-caller-file@https://registry.npmjs.org/get-caller-file/-/get-caller-file-2.0.5.tgz. Extracting by manifest.
5263 silly tarball no local data for isexe@https://registry.npmjs.org/isexe/-/isexe-2.0.0.tgz. Extracting by manifest.
5264 silly tarball no local data for glob-to-regexp@https://registry.npmjs.org/glob-to-regexp/-/glob-to-regexp-0.4.1.tgz. Extracting by manifest.
5265 silly tarball no local data for graphemer@https://registry.npmjs.org/graphemer/-/graphemer-1.4.0.tgz. Extracting by manifest.
5266 silly tarball no local data for @typescript-eslint/type-utils@https://registry.npmjs.org/@typescript-eslint/type-utils/-/type-utils-8.46.4.tgz. Extracting by manifest.
5267 silly tarball no local data for cliui@https://registry.npmjs.org/cliui/-/cliui-9.0.1.tgz. Extracting by manifest.
5268 silly tarball no local data for @typescript-eslint/parser@https://registry.npmjs.org/@typescript-eslint/parser/-/parser-8.46.4.tgz. Extracting by manifest.
5269 silly tarball no local data for @typescript-eslint/eslint-plugin@https://registry.npmjs.org/@typescript-eslint/eslint-plugin/-/eslint-plugin-8.46.4.tgz. Extracting by manifest.
5270 silly tarball no local data for media-typer@https://registry.npmjs.org/media-typer/-/media-typer-1.1.0.tgz. Extracting by manifest.
5271 silly tarball no local data for @tufjs/canonical-json@https://registry.npmjs.org/@tufjs/canonical-json/-/canonical-json-2.0.0.tgz. Extracting by manifest.
5272 silly tarball no local data for @tufjs/models@https://registry.npmjs.org/@tufjs/models/-/models-4.1.0.tgz. Extracting by manifest.
5273 silly tarball no local data for is-number@https://registry.npmjs.org/is-number/-/is-number-7.0.0.tgz. Extracting by manifest.
5274 silly tarball no local data for fdir@https://registry.npmjs.org/fdir/-/fdir-6.5.0.tgz. Extracting by manifest.
5275 silly tarball no local data for chownr@https://registry.npmjs.org/chownr/-/chownr-3.0.0.tgz. Extracting by manifest.
5276 silly tarball no local data for @isaacs/fs-minipass@https://registry.npmjs.org/@isaacs/fs-minipass/-/fs-minipass-4.0.1.tgz. Extracting by manifest.
5277 silly tarball no local data for has-flag@https://registry.npmjs.org/has-flag/-/has-flag-4.0.0.tgz. Extracting by manifest.
5278 silly tarball no local data for ansi-regex@https://registry.npmjs.org/ansi-regex/-/ansi-regex-6.2.2.tgz. Extracting by manifest.
5279 silly tarball no local data for emoji-regex@https://registry.npmjs.org/emoji-regex/-/emoji-regex-10.6.0.tgz. Extracting by manifest.
5280 silly tarball no local data for universalify@https://registry.npmjs.org/universalify/-/universalify-0.1.2.tgz. Extracting by manifest.
5281 silly tarball no local data for get-east-asian-width@https://registry.npmjs.org/get-east-asian-width/-/get-east-asian-width-1.6.0.tgz. Extracting by manifest.
5282 silly tarball no local data for jsonfile@https://registry.npmjs.org/jsonfile/-/jsonfile-4.0.0.tgz. Extracting by manifest.
5283 silly tarball no local data for spdx-license-ids@https://registry.npmjs.org/spdx-license-ids/-/spdx-license-ids-3.0.23.tgz. Extracting by manifest.
5284 silly tarball no local data for fs-extra@https://registry.npmjs.org/fs-extra/-/fs-extra-8.1.0.tgz. Extracting by manifest.
5285 silly tarball no local data for spdx-exceptions@https://registry.npmjs.org/spdx-exceptions/-/spdx-exceptions-2.5.0.tgz. Extracting by manifest.
5286 silly tarball no local data for buffer-from@https://registry.npmjs.org/buffer-from/-/buffer-from-1.1.2.tgz. Extracting by manifest.
5287 silly tarball no local data for smart-buffer@https://registry.npmjs.org/smart-buffer/-/smart-buffer-4.2.0.tgz. Extracting by manifest.
5288 silly tarball no local data for socks@https://registry.npmjs.org/socks/-/socks-2.8.9.tgz. Extracting by manifest.
5289 silly tarball no local data for @socket.io/component-emitter@https://registry.npmjs.org/@socket.io/component-emitter/-/component-emitter-3.1.2.tgz. Extracting by manifest.
5290 silly tarball no local data for ws@https://registry.npmjs.org/ws/-/ws-8.20.1.tgz. Extracting by manifest.
5291 silly tarball no local data for engine.io-parser@https://registry.npmjs.org/engine.io-parser/-/engine.io-parser-5.2.3.tgz. Extracting by manifest.
5292 silly tarball no local data for @types/ws@https://registry.npmjs.org/@types/ws/-/ws-8.18.1.tgz. Extracting by manifest.
5293 silly tarball no local data for @types/cors@https://registry.npmjs.org/@types/cors/-/cors-2.8.19.tgz. Extracting by manifest.
5294 silly tarball no local data for socket.io-parser@https://registry.npmjs.org/socket.io-parser/-/socket.io-parser-4.2.6.tgz. Extracting by manifest.
5295 silly tarball no local data for micromatch@https://registry.npmjs.org/micromatch/-/micromatch-4.0.8.tgz. Extracting by manifest.
5296 silly tarball no local data for engine.io@https://registry.npmjs.org/engine.io/-/engine.io-6.6.8.tgz. Extracting by manifest.
5297 silly tarball no local data for base64id@https://registry.npmjs.org/base64id/-/base64id-2.0.0.tgz. Extracting by manifest.
5298 silly tarball no local data for is-fullwidth-code-point@https://registry.npmjs.org/is-fullwidth-code-point/-/is-fullwidth-code-point-4.0.0.tgz. Extracting by manifest.
5299 silly tarball no local data for tuf-js@https://registry.npmjs.org/tuf-js/-/tuf-js-4.1.0.tgz. Extracting by manifest.
5300 silly tarball no local data for socket.io-adapter@https://registry.npmjs.org/socket.io-adapter/-/socket.io-adapter-2.5.7.tgz. Extracting by manifest.
5301 silly tarball no local data for @sigstore/sign@https://registry.npmjs.org/@sigstore/sign/-/sign-4.1.1.tgz. Extracting by manifest.
5302 silly tarball no local data for @sigstore/protobuf-specs@https://registry.npmjs.org/@sigstore/protobuf-specs/-/protobuf-specs-0.5.1.tgz. Extracting by manifest.
5303 silly tarball no local data for @sigstore/tuf@https://registry.npmjs.org/@sigstore/tuf/-/tuf-4.0.2.tgz. Extracting by manifest.
5304 silly tarball no local data for @sigstore/core@https://registry.npmjs.org/@sigstore/core/-/core-3.2.1.tgz. Extracting by manifest.
5305 silly tarball no local data for @sigstore/bundle@https://registry.npmjs.org/@sigstore/bundle/-/bundle-4.0.0.tgz. Extracting by manifest.
5306 silly tarball no local data for side-channel-list@https://registry.npmjs.org/side-channel-list/-/side-channel-list-1.0.1.tgz. Extracting by manifest.
5307 silly tarball no local data for object-inspect@https://registry.npmjs.org/object-inspect/-/object-inspect-1.13.4.tgz. Extracting by manifest.
5308 silly tarball no local data for side-channel-weakmap@https://registry.npmjs.org/side-channel-weakmap/-/side-channel-weakmap-1.0.2.tgz. Extracting by manifest.
5309 silly tarball no local data for @parcel/watcher-darwin-arm64@https://registry.npmjs.org/@parcel/watcher-darwin-arm64/-/watcher-darwin-arm64-2.5.6.tgz. Extracting by manifest.
5310 silly tarball no local data for immutable@https://registry.npmjs.org/immutable/-/immutable-5.1.6.tgz. Extracting by manifest.
5311 silly tarball no local data for @parcel/watcher@https://registry.npmjs.org/@parcel/watcher/-/watcher-2.5.6.tgz. Extracting by manifest.
5312 silly tarball no local data for has-tostringtag@https://registry.npmjs.org/has-tostringtag/-/has-tostringtag-1.0.2.tgz. Extracting by manifest.
5313 silly tarball no local data for shebang-regex@https://registry.npmjs.org/shebang-regex/-/shebang-regex-3.0.0.tgz. Extracting by manifest.
5314 silly tarball no local data for side-channel-map@https://registry.npmjs.org/side-channel-map/-/side-channel-map-1.0.1.tgz. Extracting by manifest.
5315 silly tarball no local data for is-regex@https://registry.npmjs.org/is-regex/-/is-regex-1.2.1.tgz. Extracting by manifest.
5316 silly tarball no local data for path-to-regexp@https://registry.npmjs.org/path-to-regexp/-/path-to-regexp-8.4.2.tgz. Extracting by manifest.
5317 silly tarball no local data for @sigstore/verify@https://registry.npmjs.org/@sigstore/verify/-/verify-3.1.1.tgz. Extracting by manifest.
5318 silly tarball no local data for fsevents@https://registry.npmjs.org/fsevents/-/fsevents-2.3.3.tgz. Extracting by manifest.
5319 silly tarball no local data for is-promise@https://registry.npmjs.org/is-promise/-/is-promise-4.0.0.tgz. Extracting by manifest.
5320 silly tarball no local data for @rollup/rollup-darwin-arm64@https://registry.npmjs.org/@rollup/rollup-darwin-arm64/-/rollup-darwin-arm64-4.59.0.tgz. Extracting by manifest.
5321 silly tarball no local data for mimic-function@https://registry.npmjs.org/mimic-function/-/mimic-function-5.0.1.tgz. Extracting by manifest.
5322 silly tarball no local data for supports-preserve-symlinks-flag@https://registry.npmjs.org/supports-preserve-symlinks-flag/-/supports-preserve-symlinks-flag-1.0.0.tgz. Extracting by manifest.
5323 silly tarball no local data for path-parse@https://registry.npmjs.org/path-parse/-/path-parse-1.0.7.tgz. Extracting by manifest.
5324 silly tarball no local data for onetime@https://registry.npmjs.org/onetime/-/onetime-7.0.0.tgz. Extracting by manifest.
5325 silly tarball no local data for is-core-module@https://registry.npmjs.org/is-core-module/-/is-core-module-2.16.2.tgz. Extracting by manifest.
5326 silly tarball no local data for unpipe@https://registry.npmjs.org/unpipe/-/unpipe-1.0.0.tgz. Extracting by manifest.
5327 silly tarball no local data for side-channel@https://registry.npmjs.org/side-channel/-/side-channel-1.1.1.tgz. Extracting by manifest.
5328 silly tarball no local data for ipaddr.js@https://registry.npmjs.org/ipaddr.js/-/ipaddr.js-1.9.1.tgz. Extracting by manifest.
5329 silly tarball no local data for forwarded@https://registry.npmjs.org/forwarded/-/forwarded-0.2.0.tgz. Extracting by manifest.
5330 silly tarball no local data for nanoid@https://registry.npmjs.org/nanoid/-/nanoid-3.3.12.tgz. Extracting by manifest.
5331 silly tarball no local data for retry@https://registry.npmjs.org/retry/-/retry-0.12.0.tgz. Extracting by manifest.
5332 silly tarball no local data for source-map-js@https://registry.npmjs.org/source-map-js/-/source-map-js-1.2.1.tgz. Extracting by manifest.
5333 silly tarball no local data for err-code@https://registry.npmjs.org/err-code/-/err-code-2.0.3.tgz. Extracting by manifest.
5334 silly tarball no local data for parse5-sax-parser@https://registry.npmjs.org/parse5-sax-parser/-/parse5-sax-parser-8.0.0.tgz. Extracting by manifest.
5335 silly tarball no local data for parse5@https://registry.npmjs.org/parse5/-/parse5-8.0.1.tgz. Extracting by manifest.
5336 silly tarball no local data for @napi-rs/nice@https://registry.npmjs.org/@napi-rs/nice/-/nice-1.1.1.tgz. Extracting by manifest.
5337 silly tarball no local data for is-arrayish@https://registry.npmjs.org/is-arrayish/-/is-arrayish-0.2.1.tgz. Extracting by manifest.
5338 silly tarball no local data for lines-and-columns@https://registry.npmjs.org/lines-and-columns/-/lines-and-columns-1.2.4.tgz. Extracting by manifest.
5339 silly tarball no local data for @napi-rs/nice-darwin-arm64@https://registry.npmjs.org/@napi-rs/nice-darwin-arm64/-/nice-darwin-arm64-1.1.1.tgz. Extracting by manifest.
5340 silly tarball no local data for error-ex@https://registry.npmjs.org/error-ex/-/error-ex-1.3.4.tgz. Extracting by manifest.
5341 silly tarball no local data for callsites@https://registry.npmjs.org/callsites/-/callsites-3.1.0.tgz. Extracting by manifest.
5342 silly tarball no local data for minipass-sized@https://registry.npmjs.org/minipass-sized/-/minipass-sized-2.0.0.tgz. Extracting by manifest.
5343 silly tarball no local data for http-proxy-agent@https://registry.npmjs.org/http-proxy-agent/-/http-proxy-agent-7.0.2.tgz. Extracting by manifest.
5344 silly tarball no local data for http-cache-semantics@https://registry.npmjs.org/http-cache-semantics/-/http-cache-semantics-4.2.0.tgz. Extracting by manifest.
5345 silly tarball no local data for minipass-fetch@https://registry.npmjs.org/minipass-fetch/-/minipass-fetch-5.0.2.tgz. Extracting by manifest.
5346 silly tarball no local data for @npmcli/agent@https://registry.npmjs.org/@npmcli/agent/-/agent-4.0.2.tgz. Extracting by manifest.
5347 silly tarball no local data for socks-proxy-agent@https://registry.npmjs.org/socks-proxy-agent/-/socks-proxy-agent-8.0.5.tgz. Extracting by manifest.
5348 silly tarball no local data for make-fetch-happen@https://registry.npmjs.org/make-fetch-happen/-/make-fetch-happen-15.0.6.tgz. Extracting by manifest.
5349 silly tarball no local data for minizlib@https://registry.npmjs.org/minizlib/-/minizlib-3.1.0.tgz. Extracting by manifest.
5350 silly tarball no local data for @npmcli/redact@https://registry.npmjs.org/@npmcli/redact/-/redact-4.0.0.tgz. Extracting by manifest.
5351 silly tarball no local data for ignore-walk@https://registry.npmjs.org/ignore-walk/-/ignore-walk-8.0.0.tgz. Extracting by manifest.
5352 silly tarball no local data for jsonparse@https://registry.npmjs.org/jsonparse/-/jsonparse-1.3.1.tgz. Extracting by manifest.
5353 silly tarball no local data for abbrev@https://registry.npmjs.org/abbrev/-/abbrev-4.0.0.tgz. Extracting by manifest.
5354 silly tarball no local data for npm-install-checks@https://registry.npmjs.org/npm-install-checks/-/npm-install-checks-8.0.0.tgz. Extracting by manifest.
5355 silly tarball no local data for exponential-backoff@https://registry.npmjs.org/exponential-backoff/-/exponential-backoff-3.1.3.tgz. Extracting by manifest.
5356 silly tarball no local data for nopt@https://registry.npmjs.org/nopt/-/nopt-9.0.0.tgz. Extracting by manifest.
5357 silly tarball no local data for undici@https://registry.npmjs.org/undici/-/undici-6.26.0.tgz. Extracting by manifest.
5358 silly tarball no local data for minipass-pipeline@https://registry.npmjs.org/minipass-pipeline/-/minipass-pipeline-1.2.4.tgz. Extracting by manifest.
5359 silly tarball no local data for minipass-flush@https://registry.npmjs.org/minipass-flush/-/minipass-flush-1.0.7.tgz. Extracting by manifest.
5360 silly tarball no local data for p-map@https://registry.npmjs.org/p-map/-/p-map-7.0.4.tgz. Extracting by manifest.
5361 silly tarball no local data for @npmcli/fs@https://registry.npmjs.org/@npmcli/fs/-/fs-5.0.0.tgz. Extracting by manifest.
5362 silly tarball no local data for node-gyp@https://registry.npmjs.org/node-gyp/-/node-gyp-12.4.0.tgz. Extracting by manifest.
5363 silly tarball no local data for minipass-collect@https://registry.npmjs.org/minipass-collect/-/minipass-collect-2.0.1.tgz. Extracting by manifest.
5364 silly tarball no local data for spdx-expression-parse@https://registry.npmjs.org/spdx-expression-parse/-/spdx-expression-parse-4.0.0.tgz. Extracting by manifest.
5365 silly tarball no local data for json-parse-even-better-errors@https://registry.npmjs.org/json-parse-even-better-errors/-/json-parse-even-better-errors-5.0.0.tgz. Extracting by manifest.
5366 silly tarball no local data for @npmcli/node-gyp@https://registry.npmjs.org/@npmcli/node-gyp/-/node-gyp-5.0.0.tgz. Extracting by manifest.
5367 silly tarball no local data for npm-bundled@https://registry.npmjs.org/npm-bundled/-/npm-bundled-5.0.0.tgz. Extracting by manifest.
5368 silly tarball no local data for @gar/promise-retry@https://registry.npmjs.org/@gar/promise-retry/-/promise-retry-1.0.3.tgz. Extracting by manifest.
5369 silly tarball no local data for npm-normalize-package-bin@https://registry.npmjs.org/npm-normalize-package-bin/-/npm-normalize-package-bin-5.0.0.tgz. Extracting by manifest.
5370 silly tarball no local data for ssri@https://registry.npmjs.org/ssri/-/ssri-13.0.1.tgz. Extracting by manifest.
5371 silly tarball no local data for sigstore@https://registry.npmjs.org/sigstore/-/sigstore-4.1.1.tgz. Extracting by manifest.
5372 silly tarball no local data for npm-registry-fetch@https://registry.npmjs.org/npm-registry-fetch/-/npm-registry-fetch-19.1.1.tgz. Extracting by manifest.
5373 silly tarball no local data for npm-pick-manifest@https://registry.npmjs.org/npm-pick-manifest/-/npm-pick-manifest-11.0.3.tgz. Extracting by manifest.
5374 silly tarball no local data for tar@https://registry.npmjs.org/tar/-/tar-7.5.16.tgz. Extracting by manifest.
5375 silly tarball no local data for npm-packlist@https://registry.npmjs.org/npm-packlist/-/npm-packlist-10.0.4.tgz. Extracting by manifest.
5376 silly tarball no local data for cacache@https://registry.npmjs.org/cacache/-/cacache-20.0.4.tgz. Extracting by manifest.
5377 silly tarball no local data for minipass@https://registry.npmjs.org/minipass/-/minipass-7.1.3.tgz. Extracting by manifest.
5378 silly tarball no local data for @npmcli/package-json@https://registry.npmjs.org/@npmcli/package-json/-/package-json-7.0.5.tgz. Extracting by manifest.
5379 silly tarball no local data for @npmcli/promise-spawn@https://registry.npmjs.org/@npmcli/promise-spawn/-/promise-spawn-9.0.1.tgz. Extracting by manifest.
5380 silly tarball no local data for fs-minipass@https://registry.npmjs.org/fs-minipass/-/fs-minipass-3.0.3.tgz. Extracting by manifest.
5381 silly tarball no local data for @npmcli/installed-package-contents@https://registry.npmjs.org/@npmcli/installed-package-contents/-/installed-package-contents-4.0.0.tgz. Extracting by manifest.
5382 silly tarball no local data for @npmcli/run-script@https://registry.npmjs.org/@npmcli/run-script/-/run-script-10.0.4.tgz. Extracting by manifest.
5383 silly tarball no local data for p-limit@https://registry.npmjs.org/p-limit/-/p-limit-3.1.0.tgz. Extracting by manifest.
5384 silly tarball no local data for promise-retry@https://registry.npmjs.org/promise-retry/-/promise-retry-2.0.1.tgz. Extracting by manifest.
5385 silly tarball no local data for stdin-discarder@https://registry.npmjs.org/stdin-discarder/-/stdin-discarder-0.2.2.tgz. Extracting by manifest.
5386 silly tarball no local data for is-unicode-supported@https://registry.npmjs.org/is-unicode-supported/-/is-unicode-supported-2.1.0.tgz. Extracting by manifest.
5387 silly tarball no local data for @npmcli/git@https://registry.npmjs.org/@npmcli/git/-/git-7.0.2.tgz. Extracting by manifest.
5388 silly tarball no local data for is-interactive@https://registry.npmjs.org/is-interactive/-/is-interactive-2.0.0.tgz. Extracting by manifest.
5389 silly tarball no local data for cli-spinners@https://registry.npmjs.org/cli-spinners/-/cli-spinners-2.9.2.tgz. Extracting by manifest.
5390 silly tarball no local data for fast-levenshtein@https://registry.npmjs.org/fast-levenshtein/-/fast-levenshtein-2.0.6.tgz. Extracting by manifest.
5391 silly tarball no local data for word-wrap@https://registry.npmjs.org/word-wrap/-/word-wrap-1.2.5.tgz. Extracting by manifest.
5392 silly tarball no local data for deep-is@https://registry.npmjs.org/deep-is/-/deep-is-0.1.4.tgz. Extracting by manifest.
5393 silly tarball no local data for ee-first@https://registry.npmjs.org/ee-first/-/ee-first-1.1.1.tgz. Extracting by manifest.
5394 silly tarball no local data for validate-npm-package-name@https://registry.npmjs.org/validate-npm-package-name/-/validate-npm-package-name-6.0.2.tgz. Extracting by manifest.
5395 silly tarball no local data for yocto-queue@https://registry.npmjs.org/yocto-queue/-/yocto-queue-0.1.0.tgz. Extracting by manifest.
5396 silly tarball no local data for proc-log@https://registry.npmjs.org/proc-log/-/proc-log-5.0.0.tgz. Extracting by manifest.
5397 silly tarball no local data for log-symbols@https://registry.npmjs.org/log-symbols/-/log-symbols-6.0.0.tgz. Extracting by manifest.
5398 silly tarball no local data for hosted-git-info@https://registry.npmjs.org/hosted-git-info/-/hosted-git-info-9.0.3.tgz. Extracting by manifest.
5399 silly tarball no local data for detect-libc@https://registry.npmjs.org/detect-libc/-/detect-libc-2.1.2.tgz. Extracting by manifest.
5400 silly tarball no local data for @msgpackr-extract/msgpackr-extract-darwin-arm64@https://registry.npmjs.org/@msgpackr-extract/msgpackr-extract-darwin-arm64/-/msgpackr-extract-darwin-arm64-3.0.4.tgz. Extracting by manifest.
5401 silly tarball no local data for msgpackr-extract@https://registry.npmjs.org/msgpackr-extract/-/msgpackr-extract-3.0.4.tgz. Extracting by manifest.
5402 silly tarball no local data for minimist@https://registry.npmjs.org/minimist/-/minimist-1.2.8.tgz. Extracting by manifest.
5403 silly tarball no local data for balanced-match@https://registry.npmjs.org/balanced-match/-/balanced-match-4.0.4.tgz. Extracting by manifest.
5404 silly tarball no local data for brace-expansion@https://registry.npmjs.org/brace-expansion/-/brace-expansion-5.0.6.tgz. Extracting by manifest.
5405 silly tarball no local data for mime-db@https://registry.npmjs.org/mime-db/-/mime-db-1.54.0.tgz. Extracting by manifest.
5406 silly tarball no local data for yallist@https://registry.npmjs.org/yallist/-/yallist-3.1.1.tgz. Extracting by manifest.
5407 silly tarball no local data for streamroller@https://registry.npmjs.org/streamroller/-/streamroller-3.1.5.tgz. Extracting by manifest.
5408 silly tarball no local data for date-format@https://registry.npmjs.org/date-format/-/date-format-4.0.14.tgz. Extracting by manifest.
5409 silly tarball no local data for restore-cursor@https://registry.npmjs.org/restore-cursor/-/restore-cursor-5.1.0.tgz. Extracting by manifest.
5410 silly tarball no local data for environment@https://registry.npmjs.org/environment/-/environment-1.1.0.tgz. Extracting by manifest.
5411 silly tarball no local data for cli-cursor@https://registry.npmjs.org/cli-cursor/-/cli-cursor-5.0.0.tgz. Extracting by manifest.
5412 silly tarball no local data for ansi-escapes@https://registry.npmjs.org/ansi-escapes/-/ansi-escapes-7.3.0.tgz. Extracting by manifest.
5413 silly tarball no local data for p-locate@https://registry.npmjs.org/p-locate/-/p-locate-5.0.0.tgz. Extracting by manifest.
5414 silly tarball no local data for weak-lru-cache@https://registry.npmjs.org/weak-lru-cache/-/weak-lru-cache-1.2.2.tgz. Extracting by manifest.
5415 silly tarball no local data for ordered-binary@https://registry.npmjs.org/ordered-binary/-/ordered-binary-1.6.1.tgz. Extracting by manifest.
5416 silly tarball no local data for node-gyp-build-optional-packages@https://registry.npmjs.org/node-gyp-build-optional-packages/-/node-gyp-build-optional-packages-5.2.2.tgz. Extracting by manifest.
5417 silly tarball no local data for strip-ansi@https://registry.npmjs.org/strip-ansi/-/strip-ansi-7.2.0.tgz. Extracting by manifest.
5418 silly tarball no local data for node-addon-api@https://registry.npmjs.org/node-addon-api/-/node-addon-api-6.1.0.tgz. Extracting by manifest.
5419 silly tarball no local data for @lmdb/lmdb-darwin-arm64@https://registry.npmjs.org/@lmdb/lmdb-darwin-arm64/-/lmdb-darwin-arm64-3.4.2.tgz. Extracting by manifest.
5420 silly tarball no local data for msgpackr@https://registry.npmjs.org/msgpackr/-/msgpackr-1.12.1.tgz. Extracting by manifest.
5421 silly tarball no local data for slice-ansi@https://registry.npmjs.org/slice-ansi/-/slice-ansi-5.0.0.tgz. Extracting by manifest.
5422 silly tarball no local data for string-width@https://registry.npmjs.org/string-width/-/string-width-7.2.0.tgz. Extracting by manifest.
5423 silly tarball no local data for rfdc@https://registry.npmjs.org/rfdc/-/rfdc-1.4.1.tgz. Extracting by manifest.
5424 silly tarball no local data for log-update@https://registry.npmjs.org/log-update/-/log-update-6.1.0.tgz. Extracting by manifest.
5425 silly tarball no local data for colorette@https://registry.npmjs.org/colorette/-/colorette-2.0.20.tgz. Extracting by manifest.
5426 silly tarball no local data for yaml@https://registry.npmjs.org/yaml/-/yaml-2.9.0.tgz. Extracting by manifest.
5427 silly tarball no local data for cli-truncate@https://registry.npmjs.org/cli-truncate/-/cli-truncate-4.0.0.tgz. Extracting by manifest.
5428 silly tarball no local data for string-argv@https://registry.npmjs.org/string-argv/-/string-argv-0.3.2.tgz. Extracting by manifest.
5429 silly tarball no local data for type-check@https://registry.npmjs.org/type-check/-/type-check-0.4.0.tgz. Extracting by manifest.
5430 silly tarball no local data for prelude-ls@https://registry.npmjs.org/prelude-ls/-/prelude-ls-1.2.1.tgz. Extracting by manifest.
5431 silly tarball no local data for json-buffer@https://registry.npmjs.org/json-buffer/-/json-buffer-3.0.1.tgz. Extracting by manifest.
5432 silly tarball no local data for html-escaper@https://registry.npmjs.org/html-escaper/-/html-escaper-2.0.2.tgz. Extracting by manifest.
5433 silly tarball no local data for make-dir@https://registry.npmjs.org/make-dir/-/make-dir-4.0.0.tgz. Extracting by manifest.
5434 silly tarball no local data for istanbul-reports@https://registry.npmjs.org/istanbul-reports/-/istanbul-reports-3.2.0.tgz. Extracting by manifest.
5435 silly tarball no local data for istanbul-lib-source-maps@https://registry.npmjs.org/istanbul-lib-source-maps/-/istanbul-lib-source-maps-4.0.1.tgz. Extracting by manifest.
5436 silly tarball no local data for istanbul-lib-report@https://registry.npmjs.org/istanbul-lib-report/-/istanbul-lib-report-3.0.1.tgz. Extracting by manifest.
5437 silly tarball no local data for wrappy@https://registry.npmjs.org/wrappy/-/wrappy-1.0.2.tgz. Extracting by manifest.
5438 silly tarball no local data for requires-port@https://registry.npmjs.org/requires-port/-/requires-port-1.0.0.tgz. Extracting by manifest.
5439 silly tarball no local data for path-is-absolute@https://registry.npmjs.org/path-is-absolute/-/path-is-absolute-1.0.1.tgz. Extracting by manifest.
5440 silly tarball no local data for inflight@https://registry.npmjs.org/inflight/-/inflight-1.0.6.tgz. Extracting by manifest.
5441 silly tarball no local data for eventemitter3@https://registry.npmjs.org/eventemitter3/-/eventemitter3-4.0.7.tgz. Extracting by manifest.
5442 silly tarball no local data for fs.realpath@https://registry.npmjs.org/fs.realpath/-/fs.realpath-1.0.0.tgz. Extracting by manifest.
5443 silly tarball no local data for dunder-proto@https://registry.npmjs.org/dunder-proto/-/dunder-proto-1.0.1.tgz. Extracting by manifest.
5444 silly tarball no local data for follow-redirects@https://registry.npmjs.org/follow-redirects/-/follow-redirects-1.16.0.tgz. Extracting by manifest.
5445 silly tarball no local data for math-intrinsics@https://registry.npmjs.org/math-intrinsics/-/math-intrinsics-1.1.0.tgz. Extracting by manifest.
5446 silly tarball no local data for hasown@https://registry.npmjs.org/hasown/-/hasown-2.0.4.tgz. Extracting by manifest.
5447 silly tarball no local data for has-symbols@https://registry.npmjs.org/has-symbols/-/has-symbols-1.1.0.tgz. Extracting by manifest.
5448 silly tarball no local data for gopd@https://registry.npmjs.org/gopd/-/gopd-1.2.0.tgz. Extracting by manifest.
5449 silly tarball no local data for get-proto@https://registry.npmjs.org/get-proto/-/get-proto-1.0.1.tgz. Extracting by manifest.
5450 silly tarball no local data for es-object-atoms@https://registry.npmjs.org/es-object-atoms/-/es-object-atoms-1.1.2.tgz. Extracting by manifest.
5451 silly tarball no local data for es-define-property@https://registry.npmjs.org/es-define-property/-/es-define-property-1.0.1.tgz. Extracting by manifest.
5452 silly tarball no local data for to-regex-range@https://registry.npmjs.org/to-regex-range/-/to-regex-range-5.0.1.tgz. Extracting by manifest.
5453 silly tarball no local data for commander@https://registry.npmjs.org/commander/-/commander-14.0.3.tgz. Extracting by manifest.
5454 silly tarball no local data for function-bind@https://registry.npmjs.org/function-bind/-/function-bind-1.1.2.tgz. Extracting by manifest.
5455 silly tarball no local data for call-bind-apply-helpers@https://registry.npmjs.org/call-bind-apply-helpers/-/call-bind-apply-helpers-1.0.2.tgz. Extracting by manifest.
5456 silly tarball no local data for get-intrinsic@https://registry.npmjs.org/get-intrinsic/-/get-intrinsic-1.3.0.tgz. Extracting by manifest.
5457 silly tarball no local data for safe-regex-test@https://registry.npmjs.org/safe-regex-test/-/safe-regex-test-1.1.0.tgz. Extracting by manifest.
5458 silly tarball no local data for punycode@https://registry.npmjs.org/punycode/-/punycode-1.4.1.tgz. Extracting by manifest.
5459 silly tarball no local data for call-bound@https://registry.npmjs.org/call-bound/-/call-bound-1.0.4.tgz. Extracting by manifest.
5460 silly tarball no local data for extend@https://registry.npmjs.org/extend/-/extend-3.0.2.tgz. Extracting by manifest.
5461 silly tarball no local data for custom-event@https://registry.npmjs.org/custom-event/-/custom-event-1.0.1.tgz. Extracting by manifest.
5462 silly tarball no local data for es-errors@https://registry.npmjs.org/es-errors/-/es-errors-1.3.0.tgz. Extracting by manifest.
5463 silly tarball no local data for utils-merge@https://registry.npmjs.org/utils-merge/-/utils-merge-1.0.1.tgz. Extracting by manifest.
5464 silly tarball no local data for fill-range@https://registry.npmjs.org/fill-range/-/fill-range-7.1.1.tgz. Extracting by manifest.
5465 silly tarball no local data for tmp@https://registry.npmjs.org/tmp/-/tmp-0.2.7.tgz. Extracting by manifest.
5466 silly tarball no local data for ua-parser-js@https://registry.npmjs.org/ua-parser-js/-/ua-parser-js-0.7.41.tgz. Extracting by manifest.
5467 silly tarball no local data for void-elements@https://registry.npmjs.org/void-elements/-/void-elements-2.0.1.tgz. Extracting by manifest.
5468 silly tarball no local data for socket.io@https://registry.npmjs.org/socket.io/-/socket.io-4.8.3.tgz. Extracting by manifest.
5469 silly tarball no local data for ent@https://registry.npmjs.org/ent/-/ent-2.2.2.tgz. Extracting by manifest.
5470 silly tarball no local data for qjobs@https://registry.npmjs.org/qjobs/-/qjobs-1.2.0.tgz. Extracting by manifest.
5471 silly tarball no local data for mkdirp@https://registry.npmjs.org/mkdirp/-/mkdirp-0.5.6.tgz. Extracting by manifest.
5472 silly tarball no local data for rimraf@https://registry.npmjs.org/rimraf/-/rimraf-3.0.2.tgz. Extracting by manifest.
5473 silly tarball no local data for log4js@https://registry.npmjs.org/log4js/-/log4js-6.9.1.tgz. Extracting by manifest.
5474 silly tarball no local data for lodash@https://registry.npmjs.org/lodash/-/lodash-4.18.1.tgz. Extracting by manifest.
5475 silly tarball no local data for isbinaryfile@https://registry.npmjs.org/isbinaryfile/-/isbinaryfile-4.0.10.tgz. Extracting by manifest.
5476 silly tarball no local data for mime@https://registry.npmjs.org/mime/-/mime-2.6.0.tgz. Extracting by manifest.
5477 silly tarball no local data for graceful-fs@https://registry.npmjs.org/graceful-fs/-/graceful-fs-4.2.11.tgz. Extracting by manifest.
5478 silly tarball no local data for http-proxy@https://registry.npmjs.org/http-proxy/-/http-proxy-1.18.1.tgz. Extracting by manifest.
5479 silly tarball no local data for glob@https://registry.npmjs.org/glob/-/glob-7.2.3.tgz. Extracting by manifest.
5480 silly tarball no local data for dom-serialize@https://registry.npmjs.org/dom-serialize/-/dom-serialize-2.2.1.tgz. Extracting by manifest.
5481 silly tarball no local data for di@https://registry.npmjs.org/di/-/di-0.0.1.tgz. Extracting by manifest.
5482 silly tarball no local data for connect@https://registry.npmjs.org/connect/-/connect-3.7.0.tgz. Extracting by manifest.
5483 silly tarball no local data for braces@https://registry.npmjs.org/braces/-/braces-3.0.3.tgz. Extracting by manifest.
5484 silly tarball no local data for @colors/colors@https://registry.npmjs.org/@colors/colors/-/colors-1.5.0.tgz. Extracting by manifest.
5485 silly tarball no local data for argparse@https://registry.npmjs.org/argparse/-/argparse-2.0.1.tgz. Extracting by manifest.
5486 silly tarball no local data for istanbul-lib-coverage@https://registry.npmjs.org/istanbul-lib-coverage/-/istanbul-lib-coverage-3.2.2.tgz. Extracting by manifest.
5487 silly tarball no local data for @istanbuljs/schema@https://registry.npmjs.org/@istanbuljs/schema/-/schema-0.1.6.tgz. Extracting by manifest.
5488 silly tarball no local data for parent-module@https://registry.npmjs.org/parent-module/-/parent-module-1.0.1.tgz. Extracting by manifest.
5489 silly tarball no local data for is-extglob@https://registry.npmjs.org/is-extglob/-/is-extglob-2.1.1.tgz. Extracting by manifest.
5490 silly tarball no local data for safer-buffer@https://registry.npmjs.org/safer-buffer/-/safer-buffer-2.1.2.tgz. Extracting by manifest.
5491 silly tarball no local data for agent-base@https://registry.npmjs.org/agent-base/-/agent-base-7.1.4.tgz. Extracting by manifest.
5492 silly tarball no local data for toidentifier@https://registry.npmjs.org/toidentifier/-/toidentifier-1.0.1.tgz. Extracting by manifest.
5493 silly tarball no local data for setprototypeof@https://registry.npmjs.org/setprototypeof/-/setprototypeof-1.2.0.tgz. Extracting by manifest.
5494 silly tarball no local data for inherits@https://registry.npmjs.org/inherits/-/inherits-2.0.4.tgz. Extracting by manifest.
5495 silly tarball no local data for @simple-libs/child-process-utils@https://registry.npmjs.org/@simple-libs/child-process-utils/-/child-process-utils-1.0.2.tgz. Extracting by manifest.
5496 silly tarball no local data for keyv@https://registry.npmjs.org/keyv/-/keyv-4.5.4.tgz. Extracting by manifest.
5497 silly tarball no local data for @conventional-changelog/git-client@https://registry.npmjs.org/@conventional-changelog/git-client/-/git-client-2.7.0.tgz. Extracting by manifest.
5498 silly tarball no local data for flatted@https://registry.npmjs.org/flatted/-/flatted-3.4.2.tgz. Extracting by manifest.
5499 silly tarball no local data for path-exists@https://registry.npmjs.org/path-exists/-/path-exists-4.0.0.tgz. Extracting by manifest.
5500 silly tarball no local data for flat-cache@https://registry.npmjs.org/flat-cache/-/flat-cache-4.0.1.tgz. Extracting by manifest.
5501 silly tarball no local data for ip-address@https://registry.npmjs.org/ip-address/-/ip-address-10.2.0.tgz. Extracting by manifest.
5502 silly tarball no local data for bytes@https://registry.npmjs.org/bytes/-/bytes-3.1.2.tgz. Extracting by manifest.
5503 silly tarball no local data for negotiator@https://registry.npmjs.org/negotiator/-/negotiator-1.0.0.tgz. Extracting by manifest.
5504 silly tarball no local data for type-is@https://registry.npmjs.org/type-is/-/type-is-2.1.0.tgz. Extracting by manifest.
5505 silly tarball no local data for statuses@https://registry.npmjs.org/statuses/-/statuses-2.0.2.tgz. Extracting by manifest.
5506 silly tarball no local data for serve-static@https://registry.npmjs.org/serve-static/-/serve-static-2.2.1.tgz. Extracting by manifest.
5507 silly tarball no local data for locate-path@https://registry.npmjs.org/locate-path/-/locate-path-6.0.0.tgz. Extracting by manifest.
5508 silly tarball no local data for router@https://registry.npmjs.org/router/-/router-2.2.0.tgz. Extracting by manifest.
5509 silly tarball no local data for range-parser@https://registry.npmjs.org/range-parser/-/range-parser-1.2.1.tgz. Extracting by manifest.
5510 silly tarball no local data for send@https://registry.npmjs.org/send/-/send-1.2.1.tgz. Extracting by manifest.
5511 silly tarball no local data for qs@https://registry.npmjs.org/qs/-/qs-6.15.2.tgz. Extracting by manifest.
5512 silly tarball no local data for parseurl@https://registry.npmjs.org/parseurl/-/parseurl-1.3.3.tgz. Extracting by manifest.
5513 silly tarball no local data for once@https://registry.npmjs.org/once/-/once-1.4.0.tgz. Extracting by manifest.
5514 silly tarball no local data for on-finished@https://registry.npmjs.org/on-finished/-/on-finished-2.4.1.tgz. Extracting by manifest.
5515 silly tarball no local data for mime-types@https://registry.npmjs.org/mime-types/-/mime-types-3.0.2.tgz. Extracting by manifest.
5516 silly tarball no local data for merge-descriptors@https://registry.npmjs.org/merge-descriptors/-/merge-descriptors-2.0.0.tgz. Extracting by manifest.
5517 silly tarball no local data for proxy-addr@https://registry.npmjs.org/proxy-addr/-/proxy-addr-2.0.7.tgz. Extracting by manifest.
5518 silly tarball no local data for http-errors@https://registry.npmjs.org/http-errors/-/http-errors-2.0.1.tgz. Extracting by manifest.
5519 silly tarball no local data for fresh@https://registry.npmjs.org/fresh/-/fresh-2.0.0.tgz. Extracting by manifest.
5520 silly tarball no local data for etag@https://registry.npmjs.org/etag/-/etag-1.8.1.tgz. Extracting by manifest.
5521 silly tarball no local data for escape-html@https://registry.npmjs.org/escape-html/-/escape-html-1.0.3.tgz. Extracting by manifest.
5522 silly tarball no local data for finalhandler@https://registry.npmjs.org/finalhandler/-/finalhandler-2.1.1.tgz. Extracting by manifest.
5523 silly tarball no local data for encodeurl@https://registry.npmjs.org/encodeurl/-/encodeurl-2.0.0.tgz. Extracting by manifest.
5524 silly tarball no local data for depd@https://registry.npmjs.org/depd/-/depd-2.0.0.tgz. Extracting by manifest.
5525 silly tarball no local data for cookie-signature@https://registry.npmjs.org/cookie-signature/-/cookie-signature-1.2.2.tgz. Extracting by manifest.
5526 silly tarball no local data for cookie@https://registry.npmjs.org/cookie/-/cookie-0.7.2.tgz. Extracting by manifest.
5527 silly tarball no local data for content-disposition@https://registry.npmjs.org/content-disposition/-/content-disposition-1.1.0.tgz. Extracting by manifest.
5528 silly tarball no local data for body-parser@https://registry.npmjs.org/body-parser/-/body-parser-2.2.2.tgz. Extracting by manifest.
5529 silly tarball no local data for accepts@https://registry.npmjs.org/accepts/-/accepts-2.0.0.tgz. Extracting by manifest.
5530 silly tarball no local data for acorn-jsx@https://registry.npmjs.org/acorn-jsx/-/acorn-jsx-5.3.2.tgz. Extracting by manifest.
5531 silly tarball no local data for estraverse@https://registry.npmjs.org/estraverse/-/estraverse-5.3.0.tgz. Extracting by manifest.
5532 silly tarball no local data for acorn@https://registry.npmjs.org/acorn/-/acorn-8.17.0.tgz. Extracting by manifest.
5533 silly tarball no local data for esrecurse@https://registry.npmjs.org/esrecurse/-/esrecurse-4.3.0.tgz. Extracting by manifest.
5534 silly tarball no local data for @types/esrecurse@https://registry.npmjs.org/@types/esrecurse/-/esrecurse-4.3.1.tgz. Extracting by manifest.
5535 silly tarball no local data for color-convert@https://registry.npmjs.org/color-convert/-/color-convert-2.0.1.tgz. Extracting by manifest.
5536 silly tarball no local data for ansi-styles@https://registry.npmjs.org/ansi-styles/-/ansi-styles-4.3.0.tgz. Extracting by manifest.
5537 silly tarball no local data for supports-color@https://registry.npmjs.org/supports-color/-/supports-color-7.2.0.tgz. Extracting by manifest.
5538 silly tarball no local data for color-name@https://registry.npmjs.org/color-name/-/color-name-1.1.4.tgz. Extracting by manifest.
5539 silly tarball no local data for @humanfs/core@https://registry.npmjs.org/@humanfs/core/-/core-0.19.2.tgz. Extracting by manifest.
5540 silly tarball no local data for levn@https://registry.npmjs.org/levn/-/levn-0.4.1.tgz. Extracting by manifest.
5541 silly tarball no local data for @types/json-schema@https://registry.npmjs.org/@types/json-schema/-/json-schema-7.0.15.tgz. Extracting by manifest.
5542 silly tarball no local data for @eslint/object-schema@https://registry.npmjs.org/@eslint/object-schema/-/object-schema-2.1.7.tgz. Extracting by manifest.
5543 silly tarball no local data for optionator@https://registry.npmjs.org/optionator/-/optionator-0.9.4.tgz. Extracting by manifest.
5544 silly tarball no local data for globals@https://registry.npmjs.org/globals/-/globals-14.0.0.tgz. Extracting by manifest.
5545 silly tarball no local data for @humanfs/types@https://registry.npmjs.org/@humanfs/types/-/types-0.15.0.tgz. Extracting by manifest.
5546 silly tarball no local data for natural-compare@https://registry.npmjs.org/natural-compare/-/natural-compare-1.4.0.tgz. Extracting by manifest.
5547 silly tarball no local data for lodash.merge@https://registry.npmjs.org/lodash.merge/-/lodash.merge-4.6.2.tgz. Extracting by manifest.
5548 silly tarball no local data for json-stable-stringify-without-jsonify@https://registry.npmjs.org/json-stable-stringify-without-jsonify/-/json-stable-stringify-without-jsonify-1.0.1.tgz. Extracting by manifest.
5549 silly tarball no local data for is-glob@https://registry.npmjs.org/is-glob/-/is-glob-4.0.3.tgz. Extracting by manifest.
5550 silly tarball no local data for imurmurhash@https://registry.npmjs.org/imurmurhash/-/imurmurhash-0.1.4.tgz. Extracting by manifest.
5551 silly tarball no local data for glob-parent@https://registry.npmjs.org/glob-parent/-/glob-parent-6.0.2.tgz. Extracting by manifest.
5552 silly tarball no local data for find-up@https://registry.npmjs.org/find-up/-/find-up-5.0.0.tgz. Extracting by manifest.
5553 silly tarball no local data for esutils@https://registry.npmjs.org/esutils/-/esutils-2.0.3.tgz. Extracting by manifest.
5554 silly tarball no local data for esquery@https://registry.npmjs.org/esquery/-/esquery-1.7.0.tgz. Extracting by manifest.
5555 silly tarball no local data for espree@https://registry.npmjs.org/espree/-/espree-10.4.0.tgz. Extracting by manifest.
5556 silly tarball no local data for chalk@https://registry.npmjs.org/chalk/-/chalk-4.1.2.tgz. Extracting by manifest.
5557 silly tarball no local data for file-entry-cache@https://registry.npmjs.org/file-entry-cache/-/file-entry-cache-8.0.0.tgz. Extracting by manifest.
5558 silly tarball no local data for @types/estree@https://registry.npmjs.org/@types/estree/-/estree-1.0.9.tgz. Extracting by manifest.
5559 silly tarball no local data for escape-string-regexp@https://registry.npmjs.org/escape-string-regexp/-/escape-string-regexp-4.0.0.tgz. Extracting by manifest.
5560 silly tarball no local data for @humanwhocodes/retry@https://registry.npmjs.org/@humanwhocodes/retry/-/retry-0.4.3.tgz. Extracting by manifest.
5561 silly tarball no local data for @humanwhocodes/module-importer@https://registry.npmjs.org/@humanwhocodes/module-importer/-/module-importer-1.0.1.tgz. Extracting by manifest.
5562 silly tarball no local data for @eslint/plugin-kit@https://registry.npmjs.org/@eslint/plugin-kit/-/plugin-kit-0.4.1.tgz. Extracting by manifest.
5563 silly tarball no local data for @eslint/js@https://registry.npmjs.org/@eslint/js/-/js-9.39.4.tgz. Extracting by manifest.
5564 silly tarball no local data for @eslint/eslintrc@https://registry.npmjs.org/@eslint/eslintrc/-/eslintrc-3.3.5.tgz. Extracting by manifest.
5565 silly tarball no local data for @humanfs/node@https://registry.npmjs.org/@humanfs/node/-/node-0.16.8.tgz. Extracting by manifest.
5566 silly tarball no local data for @eslint/config-helpers@https://registry.npmjs.org/@eslint/config-helpers/-/config-helpers-0.4.2.tgz. Extracting by manifest.
5567 silly tarball no local data for @eslint/core@https://registry.npmjs.org/@eslint/core/-/core-0.17.0.tgz. Extracting by manifest.
5568 silly tarball no local data for @eslint/config-array@https://registry.npmjs.org/@eslint/config-array/-/config-array-0.21.2.tgz. Extracting by manifest.
5569 silly tarball no local data for @eslint-community/regexpp@https://registry.npmjs.org/@eslint-community/regexpp/-/regexpp-4.12.2.tgz. Extracting by manifest.
5570 silly tarball no local data for @esbuild/darwin-arm64@https://registry.npmjs.org/@esbuild/darwin-arm64/-/darwin-arm64-0.28.0.tgz. Extracting by manifest.
5571 silly tarball no local data for is-obj@https://registry.npmjs.org/is-obj/-/is-obj-2.0.0.tgz. Extracting by manifest.
5572 silly tarball no local data for domelementtype@https://registry.npmjs.org/domelementtype/-/domelementtype-2.3.0.tgz. Extracting by manifest.
5573 silly tarball no local data for nth-check@https://registry.npmjs.org/nth-check/-/nth-check-2.1.1.tgz. Extracting by manifest.
5574 silly tarball no local data for boolbase@https://registry.npmjs.org/boolbase/-/boolbase-1.0.0.tgz. Extracting by manifest.
5575 silly tarball no local data for ms@https://registry.npmjs.org/ms/-/ms-2.1.3.tgz. Extracting by manifest.
5576 silly tarball no local data for which@https://registry.npmjs.org/which/-/which-2.0.2.tgz. Extracting by manifest.
5577 silly tarball no local data for domutils@https://registry.npmjs.org/domutils/-/domutils-3.2.2.tgz. Extracting by manifest.
5578 silly tarball no local data for shebang-command@https://registry.npmjs.org/shebang-command/-/shebang-command-2.0.0.tgz. Extracting by manifest.
5579 silly tarball no local data for parse-json@https://registry.npmjs.org/parse-json/-/parse-json-5.2.0.tgz. Extracting by manifest.
5580 silly tarball no local data for path-key@https://registry.npmjs.org/path-key/-/path-key-3.1.1.tgz. Extracting by manifest.
5581 silly tarball no local data for jiti@https://registry.npmjs.org/jiti/-/jiti-2.6.1.tgz. Extracting by manifest.
5582 silly tarball no local data for import-fresh@https://registry.npmjs.org/import-fresh/-/import-fresh-3.3.1.tgz. Extracting by manifest.
5583 silly tarball no local data for js-yaml@https://registry.npmjs.org/js-yaml/-/js-yaml-4.2.0.tgz. Extracting by manifest.
5584 silly tarball no local data for vary@https://registry.npmjs.org/vary/-/vary-1.1.2.tgz. Extracting by manifest.
5585 silly tarball no local data for entities@https://registry.npmjs.org/entities/-/entities-4.5.0.tgz. Extracting by manifest.
5586 silly tarball no local data for env-paths@https://registry.npmjs.org/env-paths/-/env-paths-2.2.1.tgz. Extracting by manifest.
5587 silly tarball no local data for object-assign@https://registry.npmjs.org/object-assign/-/object-assign-4.1.1.tgz. Extracting by manifest.
5588 silly tarball no local data for @simple-libs/stream-utils@https://registry.npmjs.org/@simple-libs/stream-utils/-/stream-utils-1.2.0.tgz. Extracting by manifest.
5589 silly tarball no local data for array-ify@https://registry.npmjs.org/array-ify/-/array-ify-1.0.0.tgz. Extracting by manifest.
5590 silly tarball no local data for dot-prop@https://registry.npmjs.org/dot-prop/-/dot-prop-5.3.0.tgz. Extracting by manifest.
5591 silly tarball no local data for meow@https://registry.npmjs.org/meow/-/meow-13.2.0.tgz. Extracting by manifest.
5592 silly tarball no local data for readdirp@https://registry.npmjs.org/readdirp/-/readdirp-4.1.2.tgz. Extracting by manifest.
5593 silly tarball no local data for compare-func@https://registry.npmjs.org/compare-func/-/compare-func-2.0.0.tgz. Extracting by manifest.
5594 silly tarball no local data for electron-to-chromium@https://registry.npmjs.org/electron-to-chromium/-/electron-to-chromium-1.5.372.tgz. Extracting by manifest.
5595 silly tarball no local data for node-releases@https://registry.npmjs.org/node-releases/-/node-releases-2.0.47.tgz. Extracting by manifest.
5596 silly tarball no local data for update-browserslist-db@https://registry.npmjs.org/update-browserslist-db/-/update-browserslist-db-1.2.3.tgz. Extracting by manifest.
5597 silly tarball no local data for htmlparser2@https://registry.npmjs.org/htmlparser2/-/htmlparser2-10.1.0.tgz. Extracting by manifest.
5598 silly tarball no local data for baseline-browser-mapping@https://registry.npmjs.org/baseline-browser-mapping/-/baseline-browser-mapping-2.10.37.tgz. Extracting by manifest.
5599 silly tarball no local data for caniuse-lite@https://registry.npmjs.org/caniuse-lite/-/caniuse-lite-1.0.30001799.tgz. Extracting by manifest.
5600 silly tarball no local data for domhandler@https://registry.npmjs.org/domhandler/-/domhandler-5.0.3.tgz. Extracting by manifest.
5601 silly tarball no local data for postcss@https://registry.npmjs.org/postcss/-/postcss-8.5.15.tgz. Extracting by manifest.
5602 silly tarball no local data for dom-serializer@https://registry.npmjs.org/dom-serializer/-/dom-serializer-2.0.0.tgz. Extracting by manifest.
5603 silly tarball no local data for css-what@https://registry.npmjs.org/css-what/-/css-what-7.0.0.tgz. Extracting by manifest.
5604 silly tarball no local data for postcss-media-query-parser@https://registry.npmjs.org/postcss-media-query-parser/-/postcss-media-query-parser-0.2.3.tgz. Extracting by manifest.
5605 silly tarball no local data for css-select@https://registry.npmjs.org/css-select/-/css-select-6.0.0.tgz. Extracting by manifest.
5606 silly tarball no local data for minimatch@https://registry.npmjs.org/minimatch/-/minimatch-10.2.5.tgz. Extracting by manifest.
5607 silly tarball no local data for @typescript-eslint/tsconfig-utils@https://registry.npmjs.org/@typescript-eslint/tsconfig-utils/-/tsconfig-utils-8.61.0.tgz. Extracting by manifest.
5608 silly tarball no local data for eslint-visitor-keys@https://registry.npmjs.org/eslint-visitor-keys/-/eslint-visitor-keys-3.4.3.tgz. Extracting by manifest.
5609 silly tarball no local data for @typescript-eslint/visitor-keys@https://registry.npmjs.org/@typescript-eslint/visitor-keys/-/visitor-keys-8.61.0.tgz. Extracting by manifest.
5610 silly tarball no local data for @typescript-eslint/scope-manager@https://registry.npmjs.org/@typescript-eslint/scope-manager/-/scope-manager-8.61.0.tgz. Extracting by manifest.
5611 silly tarball no local data for @typescript-eslint/typescript-estree@https://registry.npmjs.org/@typescript-eslint/typescript-estree/-/typescript-estree-8.61.0.tgz. Extracting by manifest.
5612 silly tarball no local data for @eslint-community/eslint-utils@https://registry.npmjs.org/@eslint-community/eslint-utils/-/eslint-utils-4.9.1.tgz. Extracting by manifest.
5613 silly tarball no local data for @typescript-eslint/project-service@https://registry.npmjs.org/@typescript-eslint/project-service/-/project-service-8.61.0.tgz. Extracting by manifest.
5614 silly tarball no local data for eslint-scope@https://registry.npmjs.org/eslint-scope/-/eslint-scope-9.1.2.tgz. Extracting by manifest.
5615 silly tarball no local data for strip-json-comments@https://registry.npmjs.org/strip-json-comments/-/strip-json-comments-3.1.1.tgz. Extracting by manifest.
5616 silly tarball no local data for ignore@https://registry.npmjs.org/ignore/-/ignore-7.0.5.tgz. Extracting by manifest.
5617 silly tarball no local data for axobject-query@https://registry.npmjs.org/axobject-query/-/axobject-query-4.1.0.tgz. Extracting by manifest.
5618 silly tarball no local data for ts-api-utils@https://registry.npmjs.org/ts-api-utils/-/ts-api-utils-2.5.0.tgz. Extracting by manifest.
5619 silly tarball no local data for @angular-eslint/bundled-angular-compiler@https://registry.npmjs.org/@angular-eslint/bundled-angular-compiler/-/bundled-angular-compiler-21.0.1.tgz. Extracting by manifest.
5620 silly tarball no local data for aria-query@https://registry.npmjs.org/aria-query/-/aria-query-5.3.2.tgz. Extracting by manifest.
5621 silly tarball no local data for @angular-eslint/eslint-plugin-template@https://registry.npmjs.org/@angular-eslint/eslint-plugin-template/-/eslint-plugin-template-21.0.1.tgz. Extracting by manifest.
5622 silly tarball no local data for @typescript-eslint/types@https://registry.npmjs.org/@typescript-eslint/types/-/types-8.61.0.tgz. Extracting by manifest.
5623 silly tarball no local data for @angular-eslint/template-parser@https://registry.npmjs.org/@angular-eslint/template-parser/-/template-parser-21.0.1.tgz. Extracting by manifest.
5624 silly tarball no local data for @angular-eslint/eslint-plugin@https://registry.npmjs.org/@angular-eslint/eslint-plugin/-/eslint-plugin-21.0.1.tgz. Extracting by manifest.
5625 silly tarball no local data for @angular-eslint/builder@https://registry.npmjs.org/@angular-eslint/builder/-/builder-21.0.1.tgz. Extracting by manifest.
5626 silly tarball no local data for @algolia/requester-node-http@https://registry.npmjs.org/@algolia/requester-node-http/-/requester-node-http-5.35.0.tgz. Extracting by manifest.
5627 silly tarball no local data for @typescript-eslint/utils@https://registry.npmjs.org/@typescript-eslint/utils/-/utils-8.61.0.tgz. Extracting by manifest.
5628 silly tarball no local data for @algolia/requester-fetch@https://registry.npmjs.org/@algolia/requester-fetch/-/requester-fetch-5.35.0.tgz. Extracting by manifest.
5629 silly tarball no local data for @algolia/requester-browser-xhr@https://registry.npmjs.org/@algolia/requester-browser-xhr/-/requester-browser-xhr-5.35.0.tgz. Extracting by manifest.
5630 silly tarball no local data for @algolia/recommend@https://registry.npmjs.org/@algolia/recommend/-/recommend-5.35.0.tgz. Extracting by manifest.
5631 silly tarball no local data for @algolia/monitoring@https://registry.npmjs.org/@algolia/monitoring/-/monitoring-1.35.0.tgz. Extracting by manifest.
5632 silly tarball no local data for @algolia/ingestion@https://registry.npmjs.org/@algolia/ingestion/-/ingestion-1.35.0.tgz. Extracting by manifest.
5633 silly tarball no local data for @algolia/client-search@https://registry.npmjs.org/@algolia/client-search/-/client-search-5.35.0.tgz. Extracting by manifest.
5634 silly tarball no local data for @algolia/client-query-suggestions@https://registry.npmjs.org/@algolia/client-query-suggestions/-/client-query-suggestions-5.35.0.tgz. Extracting by manifest.
5635 silly tarball no local data for @algolia/client-personalization@https://registry.npmjs.org/@algolia/client-personalization/-/client-personalization-5.35.0.tgz. Extracting by manifest.
5636 silly tarball no local data for @algolia/client-insights@https://registry.npmjs.org/@algolia/client-insights/-/client-insights-5.35.0.tgz. Extracting by manifest.
5637 silly tarball no local data for @algolia/client-analytics@https://registry.npmjs.org/@algolia/client-analytics/-/client-analytics-5.35.0.tgz. Extracting by manifest.
5638 silly tarball no local data for @algolia/client-common@https://registry.npmjs.org/@algolia/client-common/-/client-common-5.35.0.tgz. Extracting by manifest.
5639 silly tarball no local data for @algolia/client-abtesting@https://registry.npmjs.org/@algolia/client-abtesting/-/client-abtesting-5.35.0.tgz. Extracting by manifest.
5640 silly tarball no local data for @algolia/abtesting@https://registry.npmjs.org/@algolia/abtesting/-/abtesting-1.1.0.tgz. Extracting by manifest.
5641 silly tarball no local data for require-from-string@https://registry.npmjs.org/require-from-string/-/require-from-string-2.0.2.tgz. Extracting by manifest.
5642 silly tarball no local data for json-schema-traverse@https://registry.npmjs.org/json-schema-traverse/-/json-schema-traverse-1.0.0.tgz. Extracting by manifest.
5643 silly tarball no local data for fast-uri@https://registry.npmjs.org/fast-uri/-/fast-uri-3.1.2.tgz. Extracting by manifest.
5644 silly tarball no local data for @angular-eslint/schematics@https://registry.npmjs.org/@angular-eslint/schematics/-/schematics-21.0.1.tgz. Extracting by manifest.
5645 silly tarball no local data for fast-deep-equal@https://registry.npmjs.org/fast-deep-equal/-/fast-deep-equal-3.1.3.tgz. Extracting by manifest.
5646 silly tarball no local data for undici-types@https://registry.npmjs.org/undici-types/-/undici-types-7.24.6.tgz. Extracting by manifest.
5647 silly tarball no local data for zod-to-json-schema@https://registry.npmjs.org/zod-to-json-schema/-/zod-to-json-schema-3.25.2.tgz. Extracting by manifest.
5648 silly tarball no local data for raw-body@https://registry.npmjs.org/raw-body/-/raw-body-3.0.2.tgz. Extracting by manifest.
5649 silly tarball no local data for pkce-challenge@https://registry.npmjs.org/pkce-challenge/-/pkce-challenge-5.0.1.tgz. Extracting by manifest.
5650 silly tarball no local data for json-schema-typed@https://registry.npmjs.org/json-schema-typed/-/json-schema-typed-8.0.2.tgz. Extracting by manifest.
5651 silly tarball no local data for jose@https://registry.npmjs.org/jose/-/jose-6.2.3.tgz. Extracting by manifest.
5652 silly tarball no local data for express@https://registry.npmjs.org/express/-/express-5.2.1.tgz. Extracting by manifest.
5653 silly tarball no local data for express-rate-limit@https://registry.npmjs.org/express-rate-limit/-/express-rate-limit-8.5.2.tgz. Extracting by manifest.
5654 silly tarball no local data for eventsource@https://registry.npmjs.org/eventsource/-/eventsource-3.0.7.tgz. Extracting by manifest.
5655 silly tarball no local data for eventsource-parser@https://registry.npmjs.org/eventsource-parser/-/eventsource-parser-3.1.0.tgz. Extracting by manifest.
5656 silly tarball no local data for content-type@https://registry.npmjs.org/content-type/-/content-type-1.0.5.tgz. Extracting by manifest.
5657 silly tarball no local data for cross-spawn@https://registry.npmjs.org/cross-spawn/-/cross-spawn-7.0.6.tgz. Extracting by manifest.
5658 silly tarball no local data for @angular-eslint/utils@https://registry.npmjs.org/@angular-eslint/utils/-/utils-21.0.1.tgz. Extracting by manifest.
5659 silly tarball no local data for cors@https://registry.npmjs.org/cors/-/cors-2.8.6.tgz. Extracting by manifest.
5660 silly tarball no local data for hono@https://registry.npmjs.org/hono/-/hono-4.12.25.tgz. Extracting by manifest.
5661 silly tarball no local data for @hono/node-server@https://registry.npmjs.org/@hono/node-server/-/node-server-1.19.14.tgz. Extracting by manifest.
5662 silly tarball no local data for @jridgewell/resolve-uri@https://registry.npmjs.org/@jridgewell/resolve-uri/-/resolve-uri-3.1.2.tgz. Extracting by manifest.
5663 silly tarball no local data for chardet@https://registry.npmjs.org/chardet/-/chardet-2.1.1.tgz. Extracting by manifest.
5664 silly tarball no local data for iconv-lite@https://registry.npmjs.org/iconv-lite/-/iconv-lite-0.7.2.tgz. Extracting by manifest.
5665 silly tarball no local data for @inquirer/search@https://registry.npmjs.org/@inquirer/search/-/search-3.2.2.tgz. Extracting by manifest.
5666 silly tarball no local data for @inquirer/external-editor@https://registry.npmjs.org/@inquirer/external-editor/-/external-editor-1.0.3.tgz. Extracting by manifest.
5667 silly tarball no local data for @inquirer/select@https://registry.npmjs.org/@inquirer/select/-/select-4.4.2.tgz. Extracting by manifest.
5668 silly tarball no local data for @inquirer/rawlist@https://registry.npmjs.org/@inquirer/rawlist/-/rawlist-4.1.11.tgz. Extracting by manifest.
5669 silly tarball no local data for @inquirer/password@https://registry.npmjs.org/@inquirer/password/-/password-4.0.23.tgz. Extracting by manifest.
5670 silly tarball no local data for @inquirer/number@https://registry.npmjs.org/@inquirer/number/-/number-3.0.23.tgz. Extracting by manifest.
5671 silly tarball no local data for @inquirer/expand@https://registry.npmjs.org/@inquirer/expand/-/expand-4.0.23.tgz. Extracting by manifest.
5672 silly tarball no local data for @inquirer/input@https://registry.npmjs.org/@inquirer/input/-/input-4.3.1.tgz. Extracting by manifest.
5673 silly tarball no local data for mute-stream@https://registry.npmjs.org/mute-stream/-/mute-stream-2.0.0.tgz. Extracting by manifest.
5674 silly tarball no local data for @inquirer/checkbox@https://registry.npmjs.org/@inquirer/checkbox/-/checkbox-4.3.2.tgz. Extracting by manifest.
5675 silly tarball no local data for signal-exit@https://registry.npmjs.org/signal-exit/-/signal-exit-4.1.0.tgz. Extracting by manifest.
5676 silly tarball no local data for cli-width@https://registry.npmjs.org/cli-width/-/cli-width-4.1.0.tgz. Extracting by manifest.
5677 silly tarball no local data for @inquirer/figures@https://registry.npmjs.org/@inquirer/figures/-/figures-1.0.15.tgz. Extracting by manifest.
5678 silly tarball no local data for @inquirer/editor@https://registry.npmjs.org/@inquirer/editor/-/editor-4.2.23.tgz. Extracting by manifest.
5679 silly tarball no local data for yoctocolors-cjs@https://registry.npmjs.org/yoctocolors-cjs/-/yoctocolors-cjs-2.1.3.tgz. Extracting by manifest.
5680 silly tarball no local data for wrap-ansi@https://registry.npmjs.org/wrap-ansi/-/wrap-ansi-6.2.0.tgz. Extracting by manifest.
5681 silly tarball no local data for @inquirer/ansi@https://registry.npmjs.org/@inquirer/ansi/-/ansi-1.0.2.tgz. Extracting by manifest.
5682 silly tarball no local data for @inquirer/type@https://registry.npmjs.org/@inquirer/type/-/type-3.0.10.tgz. Extracting by manifest.
5683 silly tarball no local data for escalade@https://registry.npmjs.org/escalade/-/escalade-3.2.0.tgz. Extracting by manifest.
5684 silly tarball no local data for @commitlint/to-lines@https://registry.npmjs.org/@commitlint/to-lines/-/to-lines-21.0.1.tgz. Extracting by manifest.
5685 silly tarball no local data for @commitlint/message@https://registry.npmjs.org/@commitlint/message/-/message-21.0.2.tgz. Extracting by manifest.
5686 silly tarball no local data for @commitlint/ensure@https://registry.npmjs.org/@commitlint/ensure/-/ensure-21.0.1.tgz. Extracting by manifest.
5687 silly tarball no local data for @inquirer/core@https://registry.npmjs.org/@inquirer/core/-/core-10.3.2.tgz. Extracting by manifest.
5688 silly tarball no local data for resolve-from@https://registry.npmjs.org/resolve-from/-/resolve-from-5.0.0.tgz. Extracting by manifest.
5689 silly tarball no local data for git-raw-commits@https://registry.npmjs.org/git-raw-commits/-/git-raw-commits-5.0.1.tgz. Extracting by manifest.
5690 silly tarball no local data for global-directory@https://registry.npmjs.org/global-directory/-/global-directory-5.0.0.tgz. Extracting by manifest.
5691 silly tarball no local data for conventional-commits-parser@https://registry.npmjs.org/conventional-commits-parser/-/conventional-commits-parser-6.4.0.tgz. Extracting by manifest.
5692 silly tarball no local data for @commitlint/top-level@https://registry.npmjs.org/@commitlint/top-level/-/top-level-21.0.2.tgz. Extracting by manifest.
5693 silly tarball no local data for conventional-changelog-angular@https://registry.npmjs.org/conventional-changelog-angular/-/conventional-changelog-angular-8.3.1.tgz. Extracting by manifest.
5694 silly tarball no local data for is-plain-obj@https://registry.npmjs.org/is-plain-obj/-/is-plain-obj-4.1.0.tgz. Extracting by manifest.
5695 silly tarball no local data for es-toolkit@https://registry.npmjs.org/es-toolkit/-/es-toolkit-1.47.1.tgz. Extracting by manifest.
5696 silly tarball no local data for @types/node@https://registry.npmjs.org/@types/node/-/node-25.9.3.tgz. Extracting by manifest.
5697 silly tarball no local data for cosmiconfig-typescript-loader@https://registry.npmjs.org/cosmiconfig-typescript-loader/-/cosmiconfig-typescript-loader-6.3.0.tgz. Extracting by manifest.
5698 silly tarball no local data for cosmiconfig@https://registry.npmjs.org/cosmiconfig/-/cosmiconfig-9.0.2.tgz. Extracting by manifest.
5699 silly tarball no local data for @commitlint/resolve-extends@https://registry.npmjs.org/@commitlint/resolve-extends/-/resolve-extends-21.0.1.tgz. Extracting by manifest.
5700 silly tarball no local data for @commitlint/execute-rule@https://registry.npmjs.org/@commitlint/execute-rule/-/execute-rule-21.0.1.tgz. Extracting by manifest.
5701 silly tarball no local data for @commitlint/config-validator@https://registry.npmjs.org/@commitlint/config-validator/-/config-validator-21.0.1.tgz. Extracting by manifest.
5702 silly tarball no local data for @commitlint/parse@https://registry.npmjs.org/@commitlint/parse/-/parse-21.0.2.tgz. Extracting by manifest.
5703 silly tarball no local data for @commitlint/rules@https://registry.npmjs.org/@commitlint/rules/-/rules-21.0.2.tgz. Extracting by manifest.
5704 silly tarball no local data for @commitlint/is-ignored@https://registry.npmjs.org/@commitlint/is-ignored/-/is-ignored-21.0.2.tgz. Extracting by manifest.
5705 silly tarball no local data for tinyexec@https://registry.npmjs.org/tinyexec/-/tinyexec-1.2.4.tgz. Extracting by manifest.
5706 silly tarball no local data for conventional-changelog-conventionalcommits@https://registry.npmjs.org/conventional-changelog-conventionalcommits/-/conventional-changelog-conventionalcommits-9.3.1.tgz. Extracting by manifest.
5707 silly tarball no local data for @commitlint/types@https://registry.npmjs.org/@commitlint/types/-/types-21.0.1.tgz. Extracting by manifest.
5708 silly tarball no local data for @commitlint/read@https://registry.npmjs.org/@commitlint/read/-/read-21.0.2.tgz. Extracting by manifest.
5709 silly tarball no local data for @commitlint/load@https://registry.npmjs.org/@commitlint/load/-/load-21.0.2.tgz. Extracting by manifest.
5710 silly tarball no local data for @commitlint/lint@https://registry.npmjs.org/@commitlint/lint/-/lint-21.0.2.tgz. Extracting by manifest.
5711 silly tarball no local data for @commitlint/format@https://registry.npmjs.org/@commitlint/format/-/format-21.0.1.tgz. Extracting by manifest.
5712 silly tarball no local data for @babel/helper-globals@https://registry.npmjs.org/@babel/helper-globals/-/helper-globals-7.29.7.tgz. Extracting by manifest.
5713 silly tarball no local data for @babel/helper-string-parser@https://registry.npmjs.org/@babel/helper-string-parser/-/helper-string-parser-7.29.7.tgz. Extracting by manifest.
5714 silly tarball no local data for @babel/helper-module-imports@https://registry.npmjs.org/@babel/helper-module-imports/-/helper-module-imports-7.29.7.tgz. Extracting by manifest.
5715 silly tarball no local data for lru-cache@https://registry.npmjs.org/lru-cache/-/lru-cache-5.1.1.tgz. Extracting by manifest.
5716 silly tarball no local data for @babel/helper-validator-option@https://registry.npmjs.org/@babel/helper-validator-option/-/helper-validator-option-7.29.7.tgz. Extracting by manifest.
5717 silly tarball no local data for @babel/compat-data@https://registry.npmjs.org/@babel/compat-data/-/compat-data-7.29.7.tgz. Extracting by manifest.
5718 silly tarball no local data for jsesc@https://registry.npmjs.org/jsesc/-/jsesc-3.1.0.tgz. Extracting by manifest.
5719 silly tarball no local data for picocolors@https://registry.npmjs.org/picocolors/-/picocolors-1.1.1.tgz. Extracting by manifest.
5720 silly tarball no local data for js-tokens@https://registry.npmjs.org/js-tokens/-/js-tokens-4.0.0.tgz. Extracting by manifest.
5721 silly tarball no local data for @babel/helper-validator-identifier@https://registry.npmjs.org/@babel/helper-validator-identifier/-/helper-validator-identifier-7.29.7.tgz. Extracting by manifest.
5722 silly tarball no local data for json5@https://registry.npmjs.org/json5/-/json5-2.2.3.tgz. Extracting by manifest.
5723 silly tarball no local data for gensync@https://registry.npmjs.org/gensync/-/gensync-1.0.0-beta.2.tgz. Extracting by manifest.
5724 silly tarball no local data for debug@https://registry.npmjs.org/debug/-/debug-4.4.3.tgz. Extracting by manifest.
5725 silly tarball no local data for @babel/traverse@https://registry.npmjs.org/@babel/traverse/-/traverse-7.29.7.tgz. Extracting by manifest.
5726 silly tarball no local data for @babel/parser@https://registry.npmjs.org/@babel/parser/-/parser-7.29.7.tgz. Extracting by manifest.
5727 silly tarball no local data for @babel/template@https://registry.npmjs.org/@babel/template/-/template-7.29.7.tgz. Extracting by manifest.
5728 silly tarball no local data for @babel/helpers@https://registry.npmjs.org/@babel/helpers/-/helpers-7.29.7.tgz. Extracting by manifest.
5729 silly tarball no local data for @babel/helper-module-transforms@https://registry.npmjs.org/@babel/helper-module-transforms/-/helper-module-transforms-7.29.7.tgz. Extracting by manifest.
5730 silly tarball no local data for @babel/helper-compilation-targets@https://registry.npmjs.org/@babel/helper-compilation-targets/-/helper-compilation-targets-7.29.7.tgz. Extracting by manifest.
5731 silly tarball no local data for @babel/types@https://registry.npmjs.org/@babel/types/-/types-7.29.7.tgz. Extracting by manifest.
5732 silly tarball no local data for @babel/generator@https://registry.npmjs.org/@babel/generator/-/generator-7.29.7.tgz. Extracting by manifest.
5733 silly tarball no local data for @babel/code-frame@https://registry.npmjs.org/@babel/code-frame/-/code-frame-7.29.7.tgz. Extracting by manifest.
5734 silly tarball no local data for convert-source-map@https://registry.npmjs.org/convert-source-map/-/convert-source-map-1.9.0.tgz. Extracting by manifest.
5735 silly tarball no local data for reflect-metadata@https://registry.npmjs.org/reflect-metadata/-/reflect-metadata-0.2.2.tgz. Extracting by manifest.
5736 silly tarball no local data for chokidar@https://registry.npmjs.org/chokidar/-/chokidar-4.0.3.tgz. Extracting by manifest.
5737 silly tarball no local data for @jridgewell/sourcemap-codec@https://registry.npmjs.org/@jridgewell/sourcemap-codec/-/sourcemap-codec-1.5.5.tgz. Extracting by manifest.
5738 silly tarball no local data for ora@https://registry.npmjs.org/ora/-/ora-8.2.0.tgz. Extracting by manifest.
5739 silly tarball no local data for zod@https://registry.npmjs.org/zod/-/zod-4.1.13.tgz. Extracting by manifest.
5740 silly tarball no local data for yargs@https://registry.npmjs.org/yargs/-/yargs-18.0.0.tgz. Extracting by manifest.
5741 silly tarball no local data for resolve@https://registry.npmjs.org/resolve/-/resolve-1.22.10.tgz. Extracting by manifest.
5742 silly tarball no local data for pacote@https://registry.npmjs.org/pacote/-/pacote-21.0.4.tgz. Extracting by manifest.
5743 silly tarball no local data for npm-package-arg@https://registry.npmjs.org/npm-package-arg/-/npm-package-arg-13.0.0.tgz. Extracting by manifest.
5744 silly tarball no local data for ini@https://registry.npmjs.org/ini/-/ini-5.0.0.tgz. Extracting by manifest.
5745 silly tarball no local data for algoliasearch@https://registry.npmjs.org/algoliasearch/-/algoliasearch-5.35.0.tgz. Extracting by manifest.
5746 silly tarball no local data for @schematics/angular@https://registry.npmjs.org/@schematics/angular/-/angular-20.3.28.tgz. Extracting by manifest.
5747 silly tarball no local data for @yarnpkg/lockfile@https://registry.npmjs.org/@yarnpkg/lockfile/-/lockfile-1.1.0.tgz. Extracting by manifest.
5748 silly tarball no local data for @modelcontextprotocol/sdk@https://registry.npmjs.org/@modelcontextprotocol/sdk/-/sdk-1.26.0.tgz. Extracting by manifest.
5749 silly tarball no local data for @listr2/prompt-adapter-inquirer@https://registry.npmjs.org/@listr2/prompt-adapter-inquirer/-/prompt-adapter-inquirer-3.0.1.tgz. Extracting by manifest.
5750 silly tarball no local data for @inquirer/prompts@https://registry.npmjs.org/@inquirer/prompts/-/prompts-7.8.2.tgz. Extracting by manifest.
5751 silly tarball no local data for @angular-devkit/schematics@https://registry.npmjs.org/@angular-devkit/schematics/-/schematics-20.3.28.tgz. Extracting by manifest.
5752 silly tarball no local data for source-map@https://registry.npmjs.org/source-map/-/source-map-0.7.6.tgz. Extracting by manifest.
5753 silly tarball no local data for ajv-formats@https://registry.npmjs.org/ajv-formats/-/ajv-formats-3.0.1.tgz. Extracting by manifest.
5754 silly tarball no local data for ajv@https://registry.npmjs.org/ajv/-/ajv-8.18.0.tgz. Extracting by manifest.
5755 silly tarball no local data for @angular-devkit/core@https://registry.npmjs.org/@angular-devkit/core/-/core-20.3.28.tgz. Extracting by manifest.
5756 silly tarball no local data for @jridgewell/gen-mapping@https://registry.npmjs.org/@jridgewell/gen-mapping/-/gen-mapping-0.3.13.tgz. Extracting by manifest.
5757 silly tarball no local data for @jridgewell/trace-mapping@https://registry.npmjs.org/@jridgewell/trace-mapping/-/trace-mapping-0.3.31.tgz. Extracting by manifest.
5758 silly tarball no local data for watchpack@https://registry.npmjs.org/watchpack/-/watchpack-2.4.4.tgz. Extracting by manifest.
5759 silly tarball no local data for tinyglobby@https://registry.npmjs.org/tinyglobby/-/tinyglobby-0.2.14.tgz. Extracting by manifest.
5760 silly tarball no local data for source-map-support@https://registry.npmjs.org/source-map-support/-/source-map-support-0.5.21.tgz. Extracting by manifest.
5761 silly tarball no local data for semver@https://registry.npmjs.org/semver/-/semver-7.7.2.tgz. Extracting by manifest.
5762 silly tarball no local data for rollup@https://registry.npmjs.org/rollup/-/rollup-4.59.0.tgz. Extracting by manifest.
5763 silly tarball no local data for sass@https://registry.npmjs.org/sass/-/sass-1.90.0.tgz. Extracting by manifest.
5764 silly tarball no local data for picomatch@https://registry.npmjs.org/picomatch/-/picomatch-4.0.4.tgz. Extracting by manifest.
5765 silly tarball no local data for parse5-html-rewriting-stream@https://registry.npmjs.org/parse5-html-rewriting-stream/-/parse5-html-rewriting-stream-8.0.0.tgz. Extracting by manifest.
5766 silly tarball no local data for mrmime@https://registry.npmjs.org/mrmime/-/mrmime-2.0.1.tgz. Extracting by manifest.
5767 silly tarball no local data for magic-string@https://registry.npmjs.org/magic-string/-/magic-string-0.30.17.tgz. Extracting by manifest.
5768 silly tarball no local data for piscina@https://registry.npmjs.org/piscina/-/piscina-5.1.3.tgz. Extracting by manifest.
5769 silly tarball no local data for lmdb@https://registry.npmjs.org/lmdb/-/lmdb-3.4.2.tgz. Extracting by manifest.
5770 silly tarball no local data for listr2@https://registry.npmjs.org/listr2/-/listr2-9.0.1.tgz. Extracting by manifest.
5771 silly tarball no local data for istanbul-lib-instrument@https://registry.npmjs.org/istanbul-lib-instrument/-/istanbul-lib-instrument-6.0.3.tgz. Extracting by manifest.
5772 silly tarball no local data for https-proxy-agent@https://registry.npmjs.org/https-proxy-agent/-/https-proxy-agent-7.0.6.tgz. Extracting by manifest.
5773 silly tarball no local data for jsonc-parser@https://registry.npmjs.org/jsonc-parser/-/jsonc-parser-3.3.1.tgz. Extracting by manifest.
5774 silly tarball no local data for esbuild@https://registry.npmjs.org/esbuild/-/esbuild-0.28.0.tgz. Extracting by manifest.
5775 silly tarball no local data for beasties@https://registry.npmjs.org/beasties/-/beasties-0.3.5.tgz. Extracting by manifest.
5776 silly tarball no local data for browserslist@https://registry.npmjs.org/browserslist/-/browserslist-4.28.2.tgz. Extracting by manifest.
5777 silly tarball no local data for vite@https://registry.npmjs.org/vite/-/vite-7.3.2.tgz. Extracting by manifest.
5778 silly tarball no local data for @vitejs/plugin-basic-ssl@https://registry.npmjs.org/@vitejs/plugin-basic-ssl/-/plugin-basic-ssl-2.1.0.tgz. Extracting by manifest.
5779 silly tarball no local data for @inquirer/confirm@https://registry.npmjs.org/@inquirer/confirm/-/confirm-5.1.14.tgz. Extracting by manifest.
5780 silly tarball no local data for @babel/helper-annotate-as-pure@https://registry.npmjs.org/@babel/helper-annotate-as-pure/-/helper-annotate-as-pure-7.27.3.tgz. Extracting by manifest.
5781 silly tarball no local data for @babel/helper-split-export-declaration@https://registry.npmjs.org/@babel/helper-split-export-declaration/-/helper-split-export-declaration-7.24.7.tgz. Extracting by manifest.
5782 silly tarball no local data for @babel/core@https://registry.npmjs.org/@babel/core/-/core-7.28.3.tgz. Extracting by manifest.
5783 silly tarball no local data for @angular-devkit/architect@https://registry.npmjs.org/@angular-devkit/architect/-/architect-0.2003.28.tgz. Extracting by manifest.
5784 silly tarball no local data for @ampproject/remapping@https://registry.npmjs.org/@ampproject/remapping/-/remapping-2.3.0.tgz. Extracting by manifest.
5785 silly tarball no local data for zone.js@https://registry.npmjs.org/zone.js/-/zone.js-0.15.1.tgz. Extracting by manifest.
5786 silly tarball no local data for prettier@https://registry.npmjs.org/prettier/-/prettier-3.8.4.tgz. Extracting by manifest.
5787 silly tarball no local data for lint-staged@https://registry.npmjs.org/lint-staged/-/lint-staged-16.4.0.tgz. Extracting by manifest.
5788 silly tarball no local data for karma-jasmine-html-reporter@https://registry.npmjs.org/karma-jasmine-html-reporter/-/karma-jasmine-html-reporter-2.1.0.tgz. Extracting by manifest.
5789 silly tarball no local data for karma-jasmine@https://registry.npmjs.org/karma-jasmine/-/karma-jasmine-5.1.0.tgz. Extracting by manifest.
5790 silly tarball no local data for karma-coverage@https://registry.npmjs.org/karma-coverage/-/karma-coverage-2.2.1.tgz. Extracting by manifest.
5791 silly tarball no local data for karma-chrome-launcher@https://registry.npmjs.org/karma-chrome-launcher/-/karma-chrome-launcher-3.2.0.tgz. Extracting by manifest.
5792 silly tarball no local data for eslint-config-prettier@https://registry.npmjs.org/eslint-config-prettier/-/eslint-config-prettier-10.1.8.tgz. Extracting by manifest.
5793 silly tarball no local data for jasmine-core@https://registry.npmjs.org/jasmine-core/-/jasmine-core-5.9.0.tgz. Extracting by manifest.
5794 silly tarball no local data for husky@https://registry.npmjs.org/husky/-/husky-9.1.7.tgz. Extracting by manifest.
5795 silly tarball no local data for typescript-eslint@https://registry.npmjs.org/typescript-eslint/-/typescript-eslint-8.46.4.tgz. Extracting by manifest.
5796 silly tarball no local data for @types/jasmine@https://registry.npmjs.org/@types/jasmine/-/jasmine-5.1.15.tgz. Extracting by manifest.
5797 silly tarball no local data for eslint@https://registry.npmjs.org/eslint/-/eslint-9.39.4.tgz. Extracting by manifest.
5798 silly tarball no local data for angular-eslint@https://registry.npmjs.org/angular-eslint/-/angular-eslint-21.0.1.tgz. Extracting by manifest.
5799 silly tarball no local data for karma@https://registry.npmjs.org/karma/-/karma-6.4.4.tgz. Extracting by manifest.
5800 silly tarball no local data for @commitlint/config-conventional@https://registry.npmjs.org/@commitlint/config-conventional/-/config-conventional-21.0.2.tgz. Extracting by manifest.
5801 silly tarball no local data for @commitlint/cli@https://registry.npmjs.org/@commitlint/cli/-/cli-21.0.2.tgz. Extracting by manifest.
5802 silly tarball no local data for @angular/router@https://registry.npmjs.org/@angular/router/-/router-20.3.25.tgz. Extracting by manifest.
5803 silly tarball no local data for @angular/platform-browser@https://registry.npmjs.org/@angular/platform-browser/-/platform-browser-20.3.25.tgz. Extracting by manifest.
5804 silly tarball no local data for @angular/forms@https://registry.npmjs.org/@angular/forms/-/forms-20.3.25.tgz. Extracting by manifest.
5805 silly tarball no local data for @angular/core@https://registry.npmjs.org/@angular/core/-/core-20.3.25.tgz. Extracting by manifest.
5806 silly tarball no local data for rxjs@https://registry.npmjs.org/rxjs/-/rxjs-7.8.2.tgz. Extracting by manifest.
5807 silly tarball no local data for @angular/common@https://registry.npmjs.org/@angular/common/-/common-20.3.25.tgz. Extracting by manifest.
5808 silly tarball no local data for @angular/cli@https://registry.npmjs.org/@angular/cli/-/cli-20.3.28.tgz. Extracting by manifest.
5809 silly tarball no local data for @angular/compiler-cli@https://registry.npmjs.org/@angular/compiler-cli/-/compiler-cli-20.3.25.tgz. Extracting by manifest.
5810 silly tarball no local data for @angular/compiler@https://registry.npmjs.org/@angular/compiler/-/compiler-20.3.25.tgz. Extracting by manifest.
5811 silly tarball no local data for @angular/build@https://registry.npmjs.org/@angular/build/-/build-20.3.28.tgz. Extracting by manifest.
5812 silly tarball no local data for tslib@https://registry.npmjs.org/tslib/-/tslib-2.8.1.tgz. Extracting by manifest.
5813 silly tarball no local data for typescript@https://registry.npmjs.org/typescript/-/typescript-5.9.3.tgz. Extracting by manifest.
5814 silly tarball no local data for picomatch@https://registry.npmjs.org/picomatch/-/picomatch-2.3.2.tgz. Extracting by manifest.
5815 silly tarball no local data for glob-parent@https://registry.npmjs.org/glob-parent/-/glob-parent-5.1.2.tgz. Extracting by manifest.
5816 silly tarball no local data for punycode@https://registry.npmjs.org/punycode/-/punycode-2.3.1.tgz. Extracting by manifest.
5817 silly tarball no local data for wrap-ansi@https://registry.npmjs.org/wrap-ansi/-/wrap-ansi-9.0.2.tgz. Extracting by manifest.
5818 silly tarball no local data for balanced-match@https://registry.npmjs.org/balanced-match/-/balanced-match-1.0.2.tgz. Extracting by manifest.
5819 silly tarball no local data for lru-cache@https://registry.npmjs.org/lru-cache/-/lru-cache-11.5.1.tgz. Extracting by manifest.
5820 silly tarball no local data for ansi-styles@https://registry.npmjs.org/ansi-styles/-/ansi-styles-6.2.3.tgz. Extracting by manifest.
5821 silly tarball no local data for brace-expansion@https://registry.npmjs.org/brace-expansion/-/brace-expansion-2.1.1.tgz. Extracting by manifest.
5822 silly tarball no local data for picomatch@https://registry.npmjs.org/picomatch/-/picomatch-2.3.2.tgz. Extracting by manifest.
5823 silly tarball no local data for eslint-visitor-keys@https://registry.npmjs.org/eslint-visitor-keys/-/eslint-visitor-keys-4.2.1.tgz. Extracting by manifest.
5824 silly tarball no local data for minimatch@https://registry.npmjs.org/minimatch/-/minimatch-9.0.9.tgz. Extracting by manifest.
5825 silly tarball no local data for @typescript-eslint/project-service@https://registry.npmjs.org/@typescript-eslint/project-service/-/project-service-8.46.4.tgz. Extracting by manifest.
5826 silly tarball no local data for @typescript-eslint/tsconfig-utils@https://registry.npmjs.org/@typescript-eslint/tsconfig-utils/-/tsconfig-utils-8.46.4.tgz. Extracting by manifest.
5827 silly tarball no local data for @typescript-eslint/scope-manager@https://registry.npmjs.org/@typescript-eslint/scope-manager/-/scope-manager-8.46.4.tgz. Extracting by manifest.
5828 silly tarball no local data for @typescript-eslint/visitor-keys@https://registry.npmjs.org/@typescript-eslint/visitor-keys/-/visitor-keys-8.46.4.tgz. Extracting by manifest.
5829 silly tarball no local data for @typescript-eslint/typescript-estree@https://registry.npmjs.org/@typescript-eslint/typescript-estree/-/typescript-estree-8.46.4.tgz. Extracting by manifest.
5830 silly tarball no local data for balanced-match@https://registry.npmjs.org/balanced-match/-/balanced-match-1.0.2.tgz. Extracting by manifest.
5831 silly tarball no local data for @typescript-eslint/utils@https://registry.npmjs.org/@typescript-eslint/utils/-/utils-8.46.4.tgz. Extracting by manifest.
5832 silly tarball no local data for brace-expansion@https://registry.npmjs.org/brace-expansion/-/brace-expansion-2.1.1.tgz. Extracting by manifest.
5833 silly tarball no local data for eslint-visitor-keys@https://registry.npmjs.org/eslint-visitor-keys/-/eslint-visitor-keys-4.2.1.tgz. Extracting by manifest.
5834 silly tarball no local data for minimatch@https://registry.npmjs.org/minimatch/-/minimatch-9.0.9.tgz. Extracting by manifest.
5835 silly tarball no local data for @typescript-eslint/types@https://registry.npmjs.org/@typescript-eslint/types/-/types-8.46.4.tgz. Extracting by manifest.
5836 silly tarball no local data for @typescript-eslint/tsconfig-utils@https://registry.npmjs.org/@typescript-eslint/tsconfig-utils/-/tsconfig-utils-8.46.4.tgz. Extracting by manifest.
5837 silly tarball no local data for @typescript-eslint/project-service@https://registry.npmjs.org/@typescript-eslint/project-service/-/project-service-8.46.4.tgz. Extracting by manifest.
5838 silly tarball no local data for @typescript-eslint/visitor-keys@https://registry.npmjs.org/@typescript-eslint/visitor-keys/-/visitor-keys-8.46.4.tgz. Extracting by manifest.
5839 silly tarball no local data for @typescript-eslint/types@https://registry.npmjs.org/@typescript-eslint/types/-/types-8.46.4.tgz. Extracting by manifest.
5840 silly tarball no local data for @typescript-eslint/scope-manager@https://registry.npmjs.org/@typescript-eslint/scope-manager/-/scope-manager-8.46.4.tgz. Extracting by manifest.
5841 silly tarball no local data for balanced-match@https://registry.npmjs.org/balanced-match/-/balanced-match-1.0.2.tgz. Extracting by manifest.
5842 silly tarball no local data for @typescript-eslint/typescript-estree@https://registry.npmjs.org/@typescript-eslint/typescript-estree/-/typescript-estree-8.46.4.tgz. Extracting by manifest.
5843 silly tarball no local data for eslint-visitor-keys@https://registry.npmjs.org/eslint-visitor-keys/-/eslint-visitor-keys-4.2.1.tgz. Extracting by manifest.
5844 silly tarball no local data for minimatch@https://registry.npmjs.org/minimatch/-/minimatch-9.0.9.tgz. Extracting by manifest.
5845 silly tarball no local data for @typescript-eslint/project-service@https://registry.npmjs.org/@typescript-eslint/project-service/-/project-service-8.46.4.tgz. Extracting by manifest.
5846 silly tarball no local data for @typescript-eslint/typescript-estree@https://registry.npmjs.org/@typescript-eslint/typescript-estree/-/typescript-estree-8.46.4.tgz. Extracting by manifest.
5847 silly tarball no local data for @typescript-eslint/types@https://registry.npmjs.org/@typescript-eslint/types/-/types-8.46.4.tgz. Extracting by manifest.
5848 silly tarball no local data for @typescript-eslint/visitor-keys@https://registry.npmjs.org/@typescript-eslint/visitor-keys/-/visitor-keys-8.46.4.tgz. Extracting by manifest.
5849 silly tarball no local data for @typescript-eslint/tsconfig-utils@https://registry.npmjs.org/@typescript-eslint/tsconfig-utils/-/tsconfig-utils-8.46.4.tgz. Extracting by manifest.
5850 silly tarball no local data for brace-expansion@https://registry.npmjs.org/brace-expansion/-/brace-expansion-2.1.1.tgz. Extracting by manifest.
5851 silly tarball no local data for @typescript-eslint/scope-manager@https://registry.npmjs.org/@typescript-eslint/scope-manager/-/scope-manager-8.46.4.tgz. Extracting by manifest.
5852 silly tarball no local data for @typescript-eslint/utils@https://registry.npmjs.org/@typescript-eslint/utils/-/utils-8.46.4.tgz. Extracting by manifest.
5853 silly tarball no local data for negotiator@https://registry.npmjs.org/negotiator/-/negotiator-0.6.3.tgz. Extracting by manifest.
5854 silly tarball no local data for mime-types@https://registry.npmjs.org/mime-types/-/mime-types-2.1.35.tgz. Extracting by manifest.
5855 silly tarball no local data for accepts@https://registry.npmjs.org/accepts/-/accepts-1.3.8.tgz. Extracting by manifest.
5856 silly tarball no local data for node-addon-api@https://registry.npmjs.org/node-addon-api/-/node-addon-api-7.1.1.tgz. Extracting by manifest.
5857 silly tarball no local data for proc-log@https://registry.npmjs.org/proc-log/-/proc-log-6.1.0.tgz. Extracting by manifest.
5858 silly tarball no local data for mime-db@https://registry.npmjs.org/mime-db/-/mime-db-1.52.0.tgz. Extracting by manifest.
5859 silly tarball no local data for entities@https://registry.npmjs.org/entities/-/entities-8.0.0.tgz. Extracting by manifest.
5860 silly tarball no local data for lru-cache@https://registry.npmjs.org/lru-cache/-/lru-cache-11.5.1.tgz. Extracting by manifest.
5861 silly tarball no local data for yallist@https://registry.npmjs.org/yallist/-/yallist-4.0.0.tgz. Extracting by manifest.
5862 silly tarball no local data for minipass@https://registry.npmjs.org/minipass/-/minipass-3.3.6.tgz. Extracting by manifest.
5863 silly tarball no local data for proc-log@https://registry.npmjs.org/proc-log/-/proc-log-6.1.0.tgz. Extracting by manifest.
5864 silly tarball no local data for yallist@https://registry.npmjs.org/yallist/-/yallist-4.0.0.tgz. Extracting by manifest.
5865 silly tarball no local data for minipass@https://registry.npmjs.org/minipass/-/minipass-3.3.6.tgz. Extracting by manifest.
5866 silly tarball no local data for which@https://registry.npmjs.org/which/-/which-6.0.1.tgz. Extracting by manifest.
5867 silly tarball no local data for proc-log@https://registry.npmjs.org/proc-log/-/proc-log-6.1.0.tgz. Extracting by manifest.
5868 silly tarball no local data for proc-log@https://registry.npmjs.org/proc-log/-/proc-log-6.1.0.tgz. Extracting by manifest.
5869 silly tarball no local data for yallist@https://registry.npmjs.org/yallist/-/yallist-5.0.0.tgz. Extracting by manifest.
5870 silly tarball no local data for isexe@https://registry.npmjs.org/isexe/-/isexe-4.0.0.tgz. Extracting by manifest.
5871 silly tarball no local data for glob@https://registry.npmjs.org/glob/-/glob-13.0.6.tgz. Extracting by manifest.
5872 silly tarball no local data for proc-log@https://registry.npmjs.org/proc-log/-/proc-log-6.1.0.tgz. Extracting by manifest.
5873 silly tarball no local data for proc-log@https://registry.npmjs.org/proc-log/-/proc-log-6.1.0.tgz. Extracting by manifest.
5874 silly tarball no local data for glob@https://registry.npmjs.org/glob/-/glob-13.0.6.tgz. Extracting by manifest.
5875 silly tarball no local data for isexe@https://registry.npmjs.org/isexe/-/isexe-4.0.0.tgz. Extracting by manifest.
5876 silly tarball no local data for isexe@https://registry.npmjs.org/isexe/-/isexe-4.0.0.tgz. Extracting by manifest.
5877 silly tarball no local data for lru-cache@https://registry.npmjs.org/lru-cache/-/lru-cache-11.5.1.tgz. Extracting by manifest.
5878 silly tarball no local data for proc-log@https://registry.npmjs.org/proc-log/-/proc-log-6.1.0.tgz. Extracting by manifest.
5879 silly tarball no local data for lru-cache@https://registry.npmjs.org/lru-cache/-/lru-cache-11.5.1.tgz. Extracting by manifest.
5880 silly tarball no local data for which@https://registry.npmjs.org/which/-/which-6.0.1.tgz. Extracting by manifest.
5881 silly tarball no local data for ini@https://registry.npmjs.org/ini/-/ini-6.0.0.tgz. Extracting by manifest.
5882 silly tarball no local data for which@https://registry.npmjs.org/which/-/which-6.0.1.tgz. Extracting by manifest.
5883 silly tarball no local data for proc-log@https://registry.npmjs.org/proc-log/-/proc-log-6.1.0.tgz. Extracting by manifest.
5884 silly tarball no local data for chalk@https://registry.npmjs.org/chalk/-/chalk-5.6.2.tgz. Extracting by manifest.
5885 silly tarball no local data for ansi-styles@https://registry.npmjs.org/ansi-styles/-/ansi-styles-6.2.3.tgz. Extracting by manifest.
5886 silly tarball no local data for ansi-styles@https://registry.npmjs.org/ansi-styles/-/ansi-styles-6.2.3.tgz. Extracting by manifest.
5887 silly tarball no local data for is-fullwidth-code-point@https://registry.npmjs.org/is-fullwidth-code-point/-/is-fullwidth-code-point-5.1.0.tgz. Extracting by manifest.
5888 silly tarball no local data for is-unicode-supported@https://registry.npmjs.org/is-unicode-supported/-/is-unicode-supported-1.3.0.tgz. Extracting by manifest.
5889 silly tarball no local data for slice-ansi@https://registry.npmjs.org/slice-ansi/-/slice-ansi-7.1.2.tgz. Extracting by manifest.
5890 silly tarball no local data for wrap-ansi@https://registry.npmjs.org/wrap-ansi/-/wrap-ansi-9.0.2.tgz. Extracting by manifest.
5891 silly tarball no local data for lru-cache@https://registry.npmjs.org/lru-cache/-/lru-cache-11.5.1.tgz. Extracting by manifest.
5892 silly tarball no local data for source-map@https://registry.npmjs.org/source-map/-/source-map-0.6.1.tgz. Extracting by manifest.
5893 silly tarball no local data for mime-db@https://registry.npmjs.org/mime-db/-/mime-db-1.52.0.tgz. Extracting by manifest.
5894 silly tarball no local data for negotiator@https://registry.npmjs.org/negotiator/-/negotiator-0.6.3.tgz. Extracting by manifest.
5895 silly tarball no local data for mime-types@https://registry.npmjs.org/mime-types/-/mime-types-2.1.35.tgz. Extracting by manifest.
5896 silly tarball no local data for accepts@https://registry.npmjs.org/accepts/-/accepts-1.3.8.tgz. Extracting by manifest.
5897 silly tarball no local data for balanced-match@https://registry.npmjs.org/balanced-match/-/balanced-match-1.0.2.tgz. Extracting by manifest.
5898 silly tarball no local data for brace-expansion@https://registry.npmjs.org/brace-expansion/-/brace-expansion-1.1.15.tgz. Extracting by manifest.
5899 silly tarball no local data for minimatch@https://registry.npmjs.org/minimatch/-/minimatch-3.1.5.tgz. Extracting by manifest.
5900 silly tarball no local data for statuses@https://registry.npmjs.org/statuses/-/statuses-1.5.0.tgz. Extracting by manifest.
5901 silly tarball no local data for on-finished@https://registry.npmjs.org/on-finished/-/on-finished-2.3.0.tgz. Extracting by manifest.
5902 silly tarball no local data for encodeurl@https://registry.npmjs.org/encodeurl/-/encodeurl-1.0.2.tgz. Extracting by manifest.
5903 silly tarball no local data for ms@https://registry.npmjs.org/ms/-/ms-2.0.0.tgz. Extracting by manifest.
5904 silly tarball no local data for finalhandler@https://registry.npmjs.org/finalhandler/-/finalhandler-1.1.2.tgz. Extracting by manifest.
5905 silly tarball no local data for debug@https://registry.npmjs.org/debug/-/debug-2.6.9.tgz. Extracting by manifest.
5906 silly tarball no local data for content-type@https://registry.npmjs.org/content-type/-/content-type-2.0.0.tgz. Extracting by manifest.
5907 silly tarball no local data for eslint-visitor-keys@https://registry.npmjs.org/eslint-visitor-keys/-/eslint-visitor-keys-4.2.1.tgz. Extracting by manifest.
5908 silly tarball no local data for balanced-match@https://registry.npmjs.org/balanced-match/-/balanced-match-1.0.2.tgz. Extracting by manifest.
5909 silly tarball no local data for brace-expansion@https://registry.npmjs.org/brace-expansion/-/brace-expansion-1.1.15.tgz. Extracting by manifest.
5910 silly tarball no local data for json-schema-traverse@https://registry.npmjs.org/json-schema-traverse/-/json-schema-traverse-0.4.1.tgz. Extracting by manifest.
5911 silly tarball no local data for minimatch@https://registry.npmjs.org/minimatch/-/minimatch-3.1.5.tgz. Extracting by manifest.
5912 silly tarball no local data for ignore@https://registry.npmjs.org/ignore/-/ignore-5.3.2.tgz. Extracting by manifest.
5913 silly tarball no local data for ajv@https://registry.npmjs.org/ajv/-/ajv-6.15.0.tgz. Extracting by manifest.
5914 silly tarball no local data for balanced-match@https://registry.npmjs.org/balanced-match/-/balanced-match-1.0.2.tgz. Extracting by manifest.
5915 silly tarball no local data for brace-expansion@https://registry.npmjs.org/brace-expansion/-/brace-expansion-1.1.15.tgz. Extracting by manifest.
5916 silly tarball no local data for minimatch@https://registry.npmjs.org/minimatch/-/minimatch-3.1.5.tgz. Extracting by manifest.
5917 silly tarball no local data for json-parse-even-better-errors@https://registry.npmjs.org/json-parse-even-better-errors/-/json-parse-even-better-errors-2.3.1.tgz. Extracting by manifest.
5918 silly tarball no local data for resolve-from@https://registry.npmjs.org/resolve-from/-/resolve-from-4.0.0.tgz. Extracting by manifest.
5919 silly tarball no local data for entities@https://registry.npmjs.org/entities/-/entities-7.0.1.tgz. Extracting by manifest.
5920 silly tarball no local data for eslint-visitor-keys@https://registry.npmjs.org/eslint-visitor-keys/-/eslint-visitor-keys-5.0.1.tgz. Extracting by manifest.
5921 silly tarball no local data for stdin-discarder@https://registry.npmjs.org/stdin-discarder/-/stdin-discarder-0.3.2.tgz. Extracting by manifest.
5922 silly tarball no local data for tinyglobby@https://registry.npmjs.org/tinyglobby/-/tinyglobby-0.2.17.tgz. Extracting by manifest.
5923 silly tarball no local data for log-symbols@https://registry.npmjs.org/log-symbols/-/log-symbols-7.0.1.tgz. Extracting by manifest.
5924 silly tarball no local data for string-width@https://registry.npmjs.org/string-width/-/string-width-8.2.1.tgz. Extracting by manifest.
5925 silly tarball no local data for semver@https://registry.npmjs.org/semver/-/semver-7.8.4.tgz. Extracting by manifest.
5926 silly tarball no local data for chalk@https://registry.npmjs.org/chalk/-/chalk-5.6.2.tgz. Extracting by manifest.
5927 silly tarball no local data for ora@https://registry.npmjs.org/ora/-/ora-9.3.0.tgz. Extracting by manifest.
5928 silly tarball no local data for readdirp@https://registry.npmjs.org/readdirp/-/readdirp-5.0.0.tgz. Extracting by manifest.
5929 silly tarball no local data for semver@https://registry.npmjs.org/semver/-/semver-7.7.3.tgz. Extracting by manifest.
5930 silly tarball no local data for chokidar@https://registry.npmjs.org/chokidar/-/chokidar-5.0.0.tgz. Extracting by manifest.
5931 silly tarball no local data for @angular-devkit/core@https://registry.npmjs.org/@angular-devkit/core/-/core-21.2.15.tgz. Extracting by manifest.
5932 silly tarball no local data for @angular-devkit/schematics@https://registry.npmjs.org/@angular-devkit/schematics/-/schematics-21.2.15.tgz. Extracting by manifest.
5933 silly tarball no local data for magic-string@https://registry.npmjs.org/magic-string/-/magic-string-0.30.21.tgz. Extracting by manifest.
5934 silly tarball no local data for readdirp@https://registry.npmjs.org/readdirp/-/readdirp-5.0.0.tgz. Extracting by manifest.
5935 silly tarball no local data for @angular-devkit/architect@https://registry.npmjs.org/@angular-devkit/architect/-/architect-0.2102.15.tgz. Extracting by manifest.
5936 silly tarball no local data for chokidar@https://registry.npmjs.org/chokidar/-/chokidar-5.0.0.tgz. Extracting by manifest.
5937 silly tarball no local data for @angular-devkit/core@https://registry.npmjs.org/@angular-devkit/core/-/core-21.2.15.tgz. Extracting by manifest.
5938 silly tarball no local data for strip-ansi@https://registry.npmjs.org/strip-ansi/-/strip-ansi-6.0.1.tgz. Extracting by manifest.
5939 silly tarball no local data for is-fullwidth-code-point@https://registry.npmjs.org/is-fullwidth-code-point/-/is-fullwidth-code-point-3.0.0.tgz. Extracting by manifest.
5940 silly tarball no local data for string-width@https://registry.npmjs.org/string-width/-/string-width-4.2.3.tgz. Extracting by manifest.
5941 silly tarball no local data for ansi-regex@https://registry.npmjs.org/ansi-regex/-/ansi-regex-5.0.1.tgz. Extracting by manifest.
5942 silly tarball no local data for emoji-regex@https://registry.npmjs.org/emoji-regex/-/emoji-regex-8.0.0.tgz. Extracting by manifest.
5943 silly tarball no local data for chalk@https://registry.npmjs.org/chalk/-/chalk-5.6.2.tgz. Extracting by manifest.
5944 silly tarball no local data for proc-log@https://registry.npmjs.org/proc-log/-/proc-log-6.1.0.tgz. Extracting by manifest.
5945 silly tarball no local data for source-map@https://registry.npmjs.org/source-map/-/source-map-0.6.1.tgz. Extracting by manifest.
5946 silly tarball no local data for semver@https://registry.npmjs.org/semver/-/semver-6.3.1.tgz. Extracting by manifest.
5947 silly tarball no local data for ini@https://registry.npmjs.org/ini/-/ini-6.0.0.tgz. Extracting by manifest.
5948 silly tarball no local data for @types/estree@https://registry.npmjs.org/@types/estree/-/estree-1.0.8.tgz. Extracting by manifest.
5949 silly tarball no local data for entities@https://registry.npmjs.org/entities/-/entities-6.0.1.tgz. Extracting by manifest.
5950 silly tarball no local data for eventemitter3@https://registry.npmjs.org/eventemitter3/-/eventemitter3-5.0.4.tgz. Extracting by manifest.
5951 silly tarball no local data for ansi-styles@https://registry.npmjs.org/ansi-styles/-/ansi-styles-6.2.3.tgz. Extracting by manifest.
5952 silly tarball no local data for @esbuild/darwin-arm64@https://registry.npmjs.org/@esbuild/darwin-arm64/-/darwin-arm64-0.27.7.tgz. Extracting by manifest.
5953 silly tarball no local data for wrap-ansi@https://registry.npmjs.org/wrap-ansi/-/wrap-ansi-9.0.2.tgz. Extracting by manifest.
5954 silly tarball no local data for tinyglobby@https://registry.npmjs.org/tinyglobby/-/tinyglobby-0.2.17.tgz. Extracting by manifest.
5955 silly tarball no local data for convert-source-map@https://registry.npmjs.org/convert-source-map/-/convert-source-map-2.0.0.tgz. Extracting by manifest.
5956 silly tarball no local data for semver@https://registry.npmjs.org/semver/-/semver-6.3.1.tgz. Extracting by manifest.
5957 silly tarball no local data for cli-spinners@https://registry.npmjs.org/cli-spinners/-/cli-spinners-3.4.0.tgz. Extracting by manifest.
5958 silly tarball no local data for eventemitter3@https://registry.npmjs.org/eventemitter3/-/eventemitter3-5.0.4.tgz. Extracting by manifest.
5959 silly tarball no local data for ansi-styles@https://registry.npmjs.org/ansi-styles/-/ansi-styles-6.2.3.tgz. Extracting by manifest.
5960 silly tarball no local data for slice-ansi@https://registry.npmjs.org/slice-ansi/-/slice-ansi-8.0.0.tgz. Extracting by manifest.
5961 silly tarball no local data for esbuild@https://registry.npmjs.org/esbuild/-/esbuild-0.27.7.tgz. Extracting by manifest.
5962 silly tarball no local data for listr2@https://registry.npmjs.org/listr2/-/listr2-9.0.5.tgz. Extracting by manifest.
5963 silly tarball no local data for wrap-ansi@https://registry.npmjs.org/wrap-ansi/-/wrap-ansi-9.0.2.tgz. Extracting by manifest.
5964 silly tarball no local data for cli-truncate@https://registry.npmjs.org/cli-truncate/-/cli-truncate-5.2.0.tgz. Extracting by manifest.
5965 silly tarball no local data for brace-expansion@https://registry.npmjs.org/brace-expansion/-/brace-expansion-1.1.15.tgz. Extracting by manifest.
5966 silly tarball no local data for istanbul-lib-instrument@https://registry.npmjs.org/istanbul-lib-instrument/-/istanbul-lib-instrument-5.2.1.tgz. Extracting by manifest.
5967 silly tarball no local data for balanced-match@https://registry.npmjs.org/balanced-match/-/balanced-match-1.0.2.tgz. Extracting by manifest.
5968 silly tarball no local data for semver@https://registry.npmjs.org/semver/-/semver-6.3.1.tgz. Extracting by manifest.
5969 silly tarball no local data for jasmine-core@https://registry.npmjs.org/jasmine-core/-/jasmine-core-4.6.1.tgz. Extracting by manifest.
5970 silly tarball no local data for emoji-regex@https://registry.npmjs.org/emoji-regex/-/emoji-regex-8.0.0.tgz. Extracting by manifest.
5971 silly tarball no local data for is-fullwidth-code-point@https://registry.npmjs.org/is-fullwidth-code-point/-/is-fullwidth-code-point-5.1.0.tgz. Extracting by manifest.
5972 silly tarball no local data for which@https://registry.npmjs.org/which/-/which-1.3.1.tgz. Extracting by manifest.
5973 silly tarball no local data for string-width@https://registry.npmjs.org/string-width/-/string-width-8.2.1.tgz. Extracting by manifest.
5974 silly tarball no local data for ansi-regex@https://registry.npmjs.org/ansi-regex/-/ansi-regex-5.0.1.tgz. Extracting by manifest.
5975 silly tarball no local data for strip-ansi@https://registry.npmjs.org/strip-ansi/-/strip-ansi-6.0.1.tgz. Extracting by manifest.
5976 silly tarball no local data for is-fullwidth-code-point@https://registry.npmjs.org/is-fullwidth-code-point/-/is-fullwidth-code-point-3.0.0.tgz. Extracting by manifest.
5977 silly tarball no local data for string-width@https://registry.npmjs.org/string-width/-/string-width-4.2.3.tgz. Extracting by manifest.
5978 silly tarball no local data for wrap-ansi@https://registry.npmjs.org/wrap-ansi/-/wrap-ansi-7.0.0.tgz. Extracting by manifest.
5979 silly tarball no local data for yargs-parser@https://registry.npmjs.org/yargs-parser/-/yargs-parser-20.2.9.tgz. Extracting by manifest.
5980 silly tarball no local data for minimatch@https://registry.npmjs.org/minimatch/-/minimatch-3.1.5.tgz. Extracting by manifest.
5981 silly tarball no local data for picomatch@https://registry.npmjs.org/picomatch/-/picomatch-2.3.2.tgz. Extracting by manifest.
5982 silly tarball no local data for mime-types@https://registry.npmjs.org/mime-types/-/mime-types-2.1.35.tgz. Extracting by manifest.
5983 silly tarball no local data for cliui@https://registry.npmjs.org/cliui/-/cliui-7.0.4.tgz. Extracting by manifest.
5984 silly tarball no local data for media-typer@https://registry.npmjs.org/media-typer/-/media-typer-0.3.0.tgz. Extracting by manifest.
5985 silly tarball no local data for ms@https://registry.npmjs.org/ms/-/ms-2.0.0.tgz. Extracting by manifest.
5986 silly tarball no local data for balanced-match@https://registry.npmjs.org/balanced-match/-/balanced-match-1.0.2.tgz. Extracting by manifest.
5987 silly tarball no local data for mime-db@https://registry.npmjs.org/mime-db/-/mime-db-1.52.0.tgz. Extracting by manifest.
5988 silly tarball no local data for readdirp@https://registry.npmjs.org/readdirp/-/readdirp-3.6.0.tgz. Extracting by manifest.
5989 silly tarball no local data for type-is@https://registry.npmjs.org/type-is/-/type-is-1.6.18.tgz. Extracting by manifest.
5990 silly tarball no local data for brace-expansion@https://registry.npmjs.org/brace-expansion/-/brace-expansion-1.1.15.tgz. Extracting by manifest.
5991 silly tarball no local data for minimatch@https://registry.npmjs.org/minimatch/-/minimatch-3.1.5.tgz. Extracting by manifest.
5992 silly tarball no local data for raw-body@https://registry.npmjs.org/raw-body/-/raw-body-2.5.3.tgz. Extracting by manifest.
5993 silly tarball no local data for yargs@https://registry.npmjs.org/yargs/-/yargs-16.2.0.tgz. Extracting by manifest.
5994 silly tarball no local data for source-map@https://registry.npmjs.org/source-map/-/source-map-0.6.1.tgz. Extracting by manifest.
5995 silly tarball no local data for chokidar@https://registry.npmjs.org/chokidar/-/chokidar-3.6.0.tgz. Extracting by manifest.
5996 silly tarball no local data for body-parser@https://registry.npmjs.org/body-parser/-/body-parser-1.20.5.tgz. Extracting by manifest.
5997 silly tarball no local data for glob-parent@https://registry.npmjs.org/glob-parent/-/glob-parent-5.1.2.tgz. Extracting by manifest.
5998 silly tarball no local data for debug@https://registry.npmjs.org/debug/-/debug-2.6.9.tgz. Extracting by manifest.
5999 silly tarball no local data for iconv-lite@https://registry.npmjs.org/iconv-lite/-/iconv-lite-0.4.24.tgz. Extracting by manifest.
6000 silly tarball no local data for balanced-match@https://registry.npmjs.org/balanced-match/-/balanced-match-1.0.2.tgz. Extracting by manifest.
6001 silly tarball no local data for @typescript-eslint/visitor-keys@https://registry.npmjs.org/@typescript-eslint/visitor-keys/-/visitor-keys-8.46.4.tgz. Extracting by manifest.
6002 silly tarball no local data for eslint-visitor-keys@https://registry.npmjs.org/eslint-visitor-keys/-/eslint-visitor-keys-4.2.1.tgz. Extracting by manifest.
6003 silly tarball no local data for @typescript-eslint/project-service@https://registry.npmjs.org/@typescript-eslint/project-service/-/project-service-8.46.4.tgz. Extracting by manifest.
6004 silly tarball no local data for brace-expansion@https://registry.npmjs.org/brace-expansion/-/brace-expansion-2.1.1.tgz. Extracting by manifest.
6005 silly tarball no local data for @typescript-eslint/scope-manager@https://registry.npmjs.org/@typescript-eslint/scope-manager/-/scope-manager-8.46.4.tgz. Extracting by manifest.
6006 silly tarball no local data for @typescript-eslint/utils@https://registry.npmjs.org/@typescript-eslint/utils/-/utils-8.46.4.tgz. Extracting by manifest.
6007 silly tarball no local data for balanced-match@https://registry.npmjs.org/balanced-match/-/balanced-match-1.0.2.tgz. Extracting by manifest.
6008 silly tarball no local data for minimatch@https://registry.npmjs.org/minimatch/-/minimatch-9.0.9.tgz. Extracting by manifest.
6009 silly tarball no local data for @typescript-eslint/typescript-estree@https://registry.npmjs.org/@typescript-eslint/typescript-estree/-/typescript-estree-8.46.4.tgz. Extracting by manifest.
6010 silly tarball no local data for @typescript-eslint/tsconfig-utils@https://registry.npmjs.org/@typescript-eslint/tsconfig-utils/-/tsconfig-utils-8.46.4.tgz. Extracting by manifest.
6011 silly tarball no local data for @typescript-eslint/types@https://registry.npmjs.org/@typescript-eslint/types/-/types-8.46.4.tgz. Extracting by manifest.
6012 silly tarball no local data for brace-expansion@https://registry.npmjs.org/brace-expansion/-/brace-expansion-1.1.15.tgz. Extracting by manifest.
6013 silly tarball no local data for eslint-scope@https://registry.npmjs.org/eslint-scope/-/eslint-scope-8.4.0.tgz. Extracting by manifest.
6014 silly tarball no local data for eslint-visitor-keys@https://registry.npmjs.org/eslint-visitor-keys/-/eslint-visitor-keys-4.2.1.tgz. Extracting by manifest.
6015 silly tarball no local data for minimatch@https://registry.npmjs.org/minimatch/-/minimatch-3.1.5.tgz. Extracting by manifest.
6016 silly tarball no local data for ajv@https://registry.npmjs.org/ajv/-/ajv-6.15.0.tgz. Extracting by manifest.
6017 silly tarball no local data for string-width@https://registry.npmjs.org/string-width/-/string-width-8.2.1.tgz. Extracting by manifest.
6018 silly tarball no local data for stdin-discarder@https://registry.npmjs.org/stdin-discarder/-/stdin-discarder-0.3.2.tgz. Extracting by manifest.
6019 silly tarball no local data for log-symbols@https://registry.npmjs.org/log-symbols/-/log-symbols-7.0.1.tgz. Extracting by manifest.
6020 silly tarball no local data for json-schema-traverse@https://registry.npmjs.org/json-schema-traverse/-/json-schema-traverse-0.4.1.tgz. Extracting by manifest.
6021 silly tarball no local data for chalk@https://registry.npmjs.org/chalk/-/chalk-5.6.2.tgz. Extracting by manifest.
6022 silly tarball no local data for cli-spinners@https://registry.npmjs.org/cli-spinners/-/cli-spinners-3.4.0.tgz. Extracting by manifest.
6023 silly tarball no local data for ignore@https://registry.npmjs.org/ignore/-/ignore-5.3.2.tgz. Extracting by manifest.
6024 silly tarball no local data for readdirp@https://registry.npmjs.org/readdirp/-/readdirp-5.0.0.tgz. Extracting by manifest.
6025 silly tarball no local data for ora@https://registry.npmjs.org/ora/-/ora-9.3.0.tgz. Extracting by manifest.
6026 silly tarball no local data for magic-string@https://registry.npmjs.org/magic-string/-/magic-string-0.30.21.tgz. Extracting by manifest.
6027 silly tarball no local data for @angular-devkit/core@https://registry.npmjs.org/@angular-devkit/core/-/core-21.2.15.tgz. Extracting by manifest.
6028 silly tarball no local data for chokidar@https://registry.npmjs.org/chokidar/-/chokidar-5.0.0.tgz. Extracting by manifest.
6029 silly tarball no local data for @angular-devkit/schematics@https://registry.npmjs.org/@angular-devkit/schematics/-/schematics-21.2.15.tgz. Extracting by manifest.
6030 http fetch GET 200 https://registry.npmjs.org/is-binary-path/-/is-binary-path-2.1.0.tgz 362ms (cache miss)
6031 http fetch GET 200 https://registry.npmjs.org/require-directory/-/require-directory-2.1.1.tgz 364ms (cache miss)
6032 http fetch GET 200 https://registry.npmjs.org/anymatch/-/anymatch-3.1.3.tgz 363ms (cache miss)
6033 http fetch GET 200 https://registry.npmjs.org/binary-extensions/-/binary-extensions-2.3.0.tgz 364ms (cache miss)
6034 http fetch GET 200 https://registry.npmjs.org/normalize-path/-/normalize-path-3.0.0.tgz 387ms (cache miss)
6035 http fetch GET 200 https://registry.npmjs.org/destroy/-/destroy-1.2.0.tgz 436ms (cache miss)
6036 http fetch POST 200 https://registry.npmjs.org/-/npm/v1/security/advisories/bulk 579ms
6037 silly audit report {
6037 silly audit report   esbuild: [
6037 silly audit report     {
6037 silly audit report       id: 1120679,
6037 silly audit report       url: 'https://github.com/advisories/GHSA-gv7w-rqvm-qjhr',
6037 silly audit report       title: 'esbuild: Missing binary integrity verification in Deno module enables remote code execution via NPM_CONFIG_REGISTRY',
6037 silly audit report       severity: 'high',
6037 silly audit report       vulnerable_versions: '>=0.17.0 <0.28.1',
6037 silly audit report       cwe: [Array],
6037 silly audit report       cvss: [Object]
6037 silly audit report     },
6037 silly audit report     {
6037 silly audit report       id: 1120680,
6037 silly audit report       url: 'https://github.com/advisories/GHSA-g7r4-m6w7-qqqr',
6037 silly audit report       title: 'esbuild allows arbitrary file read when running the development server on Windows',
6037 silly audit report       severity: 'low',
6037 silly audit report       vulnerable_versions: '>=0.27.3 <0.28.1',
6037 silly audit report       cwe: [Array],
6037 silly audit report       cvss: [Object]
6037 silly audit report     }
6037 silly audit report   ]
6037 silly audit report }
6038 silly packumentCache corgi:https://registry.npmjs.org/esbuild cache-miss
6039 http fetch GET 200 https://registry.npmjs.org/fast-json-stable-stringify/-/fast-json-stable-stringify-2.1.0.tgz 564ms (cache miss)
6040 http fetch GET 200 https://registry.npmjs.org/path-scurry/-/path-scurry-2.0.2.tgz 565ms (cache miss)
6041 http fetch GET 200 https://registry.npmjs.org/@nodelib/fs.stat/-/fs.stat-2.0.5.tgz 571ms (cache miss)
6042 http fetch GET 200 https://registry.npmjs.org/concat-map/-/concat-map-0.0.1.tgz 576ms (cache miss)
6043 http fetch GET 200 https://registry.npmjs.org/yoctocolors/-/yoctocolors-2.1.2.tgz 671ms (cache miss)
6044 http fetch GET 200 https://registry.npmjs.org/yargs-parser/-/yargs-parser-22.0.0.tgz 764ms (cache miss)
6045 http fetch GET 200 https://registry.npmjs.org/y18n/-/y18n-5.0.8.tgz 766ms (cache miss)
6046 http fetch GET 200 https://registry.npmjs.org/isexe/-/isexe-2.0.0.tgz 782ms (cache miss)
6047 http fetch GET 200 https://registry.npmjs.org/glob-to-regexp/-/glob-to-regexp-0.4.1.tgz 781ms (cache miss)
6048 http fetch GET 200 https://registry.npmjs.org/get-caller-file/-/get-caller-file-2.0.5.tgz 794ms (cache miss)
6049 http fetch GET 200 https://registry.npmjs.org/uri-js/-/uri-js-4.4.1.tgz 799ms (cache miss)
6050 http fetch GET 200 https://registry.npmjs.org/graphemer/-/graphemer-1.4.0.tgz 1042ms (cache miss)
6051 http fetch GET 200 https://registry.npmjs.org/@tufjs/canonical-json/-/canonical-json-2.0.0.tgz 1079ms (cache miss)
6052 http fetch GET 200 https://registry.npmjs.org/media-typer/-/media-typer-1.1.0.tgz 1093ms (cache miss)
6053 http fetch GET 200 https://registry.npmjs.org/cliui/-/cliui-9.0.1.tgz 1200ms (cache miss)
6054 http fetch GET 200 https://registry.npmjs.org/@typescript-eslint/parser/-/parser-8.46.4.tgz 1242ms (cache miss)
6055 http fetch GET 200 https://registry.npmjs.org/@typescript-eslint/type-utils/-/type-utils-8.46.4.tgz 1249ms (cache miss)
6056 http fetch GET 200 https://registry.npmjs.org/fastq/-/fastq-1.20.1.tgz 1355ms (cache miss)
6057 http fetch GET 200 https://registry.npmjs.org/merge2/-/merge2-1.4.1.tgz 1393ms (cache miss)
6058 http fetch GET 200 https://registry.npmjs.org/is-number/-/is-number-7.0.0.tgz 1408ms (cache miss)
6059 http fetch GET 200 https://registry.npmjs.org/fdir/-/fdir-6.5.0.tgz 1415ms (cache miss)
6060 http fetch GET 200 https://registry.npmjs.org/@nodelib/fs.walk/-/fs.walk-1.2.8.tgz 1428ms (cache miss)
6061 http fetch GET 200 https://registry.npmjs.org/@tufjs/models/-/models-4.1.0.tgz 1444ms (cache miss)
6062 http fetch GET 200 https://registry.npmjs.org/chownr/-/chownr-3.0.0.tgz 1535ms (cache miss)
6063 http fetch GET 200 https://registry.npmjs.org/has-flag/-/has-flag-4.0.0.tgz 1563ms (cache miss)
6064 http fetch GET 200 https://registry.npmjs.org/@isaacs/fs-minipass/-/fs-minipass-4.0.1.tgz 1613ms (cache miss)
6065 http fetch GET 200 https://registry.npmjs.org/ansi-regex/-/ansi-regex-6.2.2.tgz 1702ms (cache miss)
6066 http fetch GET 200 https://registry.npmjs.org/run-parallel/-/run-parallel-1.2.0.tgz 1707ms (cache miss)
6067 http fetch GET 200 https://registry.npmjs.org/get-east-asian-width/-/get-east-asian-width-1.6.0.tgz 1775ms (cache miss)
6068 http fetch GET 200 https://registry.npmjs.org/universalify/-/universalify-0.1.2.tgz 1792ms (cache miss)
6069 http fetch GET 200 https://registry.npmjs.org/emoji-regex/-/emoji-regex-10.6.0.tgz 1803ms (cache miss)
6070 http fetch GET 200 https://registry.npmjs.org/jsonfile/-/jsonfile-4.0.0.tgz 1948ms (cache miss)
6071 http fetch GET 200 https://registry.npmjs.org/@nodelib/fs.scandir/-/fs.scandir-2.1.5.tgz 1954ms (cache miss)
6072 http fetch GET 200 https://registry.npmjs.org/spdx-license-ids/-/spdx-license-ids-3.0.23.tgz 1961ms (cache miss)
6073 http fetch GET 200 https://registry.npmjs.org/buffer-from/-/buffer-from-1.1.2.tgz 2003ms (cache miss)
6074 http fetch GET 200 https://registry.npmjs.org/spdx-exceptions/-/spdx-exceptions-2.5.0.tgz 2003ms (cache miss)
6075 http fetch GET 200 https://registry.npmjs.org/fs-extra/-/fs-extra-8.1.0.tgz 2011ms (cache miss)
6076 http fetch GET 200 https://registry.npmjs.org/@typescript-eslint/eslint-plugin/-/eslint-plugin-8.46.4.tgz 2026ms (cache miss)
6077 http fetch GET 200 https://registry.npmjs.org/queue-microtask/-/queue-microtask-1.2.3.tgz 2031ms (cache miss)
6078 http fetch GET 200 https://registry.npmjs.org/reusify/-/reusify-1.1.0.tgz 2041ms (cache miss)
6079 http fetch GET 200 https://registry.npmjs.org/fast-glob/-/fast-glob-3.3.3.tgz 2046ms (cache miss)
6080 http fetch GET 200 https://registry.npmjs.org/socks/-/socks-2.8.9.tgz 2046ms (cache miss)
6081 http fetch GET 200 https://registry.npmjs.org/smart-buffer/-/smart-buffer-4.2.0.tgz 2048ms (cache miss)
6082 http fetch GET 200 https://registry.npmjs.org/ws/-/ws-8.20.1.tgz 2057ms (cache miss)
6083 http fetch GET 200 https://registry.npmjs.org/engine.io-parser/-/engine.io-parser-5.2.3.tgz 2066ms (cache miss)
6084 http fetch GET 200 https://registry.npmjs.org/micromatch/-/micromatch-4.0.8.tgz 2108ms (cache miss)
6085 http fetch GET 200 https://registry.npmjs.org/is-fullwidth-code-point/-/is-fullwidth-code-point-4.0.0.tgz 2118ms (cache miss)
6086 http fetch GET 200 https://registry.npmjs.org/@socket.io/component-emitter/-/component-emitter-3.1.2.tgz 2119ms (cache miss)
6087 http fetch GET 200 https://registry.npmjs.org/@types/cors/-/cors-2.8.19.tgz 2119ms (cache miss)
6088 http fetch GET 200 https://registry.npmjs.org/socket.io-parser/-/socket.io-parser-4.2.6.tgz 2119ms (cache miss)
6089 http fetch GET 200 https://registry.npmjs.org/tuf-js/-/tuf-js-4.1.0.tgz 2136ms (cache miss)
6090 http fetch GET 200 https://registry.npmjs.org/base64id/-/base64id-2.0.0.tgz 2215ms (cache miss)
6091 http fetch GET 200 https://registry.npmjs.org/@types/ws/-/ws-8.18.1.tgz 2215ms (cache miss)
6092 http fetch GET 200 https://registry.npmjs.org/side-channel-list/-/side-channel-list-1.0.1.tgz 2224ms (cache miss)
6093 http fetch GET 200 https://registry.npmjs.org/side-channel-weakmap/-/side-channel-weakmap-1.0.2.tgz 2240ms (cache miss)
6094 http fetch GET 200 https://registry.npmjs.org/socket.io-adapter/-/socket.io-adapter-2.5.7.tgz 2241ms (cache miss)
6095 http fetch GET 200 https://registry.npmjs.org/@sigstore/bundle/-/bundle-4.0.0.tgz 2249ms (cache miss)
6096 http fetch GET 200 https://registry.npmjs.org/object-inspect/-/object-inspect-1.13.4.tgz 2284ms (cache miss)
6097 http fetch GET 200 https://registry.npmjs.org/shebang-regex/-/shebang-regex-3.0.0.tgz 2412ms (cache miss)
6098 http fetch GET 200 https://registry.npmjs.org/has-tostringtag/-/has-tostringtag-1.0.2.tgz 2465ms (cache miss)
6099 http fetch GET 200 https://registry.npmjs.org/side-channel-map/-/side-channel-map-1.0.1.tgz 2466ms (cache miss)
6100 http fetch GET 200 https://registry.npmjs.org/is-regex/-/is-regex-1.2.1.tgz 2502ms (cache miss)
6101 http fetch GET 200 https://registry.npmjs.org/@sigstore/sign/-/sign-4.1.1.tgz 2565ms (cache miss)
6102 http fetch GET 200 https://registry.npmjs.org/@parcel/watcher-darwin-arm64/-/watcher-darwin-arm64-2.5.6.tgz 2582ms (cache miss)
6103 http fetch GET 200 https://registry.npmjs.org/@parcel/watcher/-/watcher-2.5.6.tgz 2593ms (cache miss)
6104 http fetch GET 200 https://registry.npmjs.org/@sigstore/tuf/-/tuf-4.0.2.tgz 2646ms (cache miss)
6105 http fetch GET 200 https://registry.npmjs.org/@sigstore/verify/-/verify-3.1.1.tgz 2647ms (cache miss)
6106 http fetch GET 200 https://registry.npmjs.org/path-to-regexp/-/path-to-regexp-8.4.2.tgz 2685ms (cache miss)
6107 http fetch GET 200 https://registry.npmjs.org/mimic-function/-/mimic-function-5.0.1.tgz 2704ms (cache miss)
6108 http fetch GET 200 https://registry.npmjs.org/is-promise/-/is-promise-4.0.0.tgz 2704ms (cache miss)
6109 http fetch GET 200 https://registry.npmjs.org/supports-preserve-symlinks-flag/-/supports-preserve-symlinks-flag-1.0.0.tgz 2705ms (cache miss)
6110 http fetch GET 200 https://registry.npmjs.org/fsevents/-/fsevents-2.3.3.tgz 2747ms (cache miss)
6111 http fetch GET 200 https://registry.npmjs.org/path-parse/-/path-parse-1.0.7.tgz 2801ms (cache miss)
6112 http fetch GET 200 https://registry.npmjs.org/onetime/-/onetime-7.0.0.tgz 2812ms (cache miss)
6113 http fetch GET 200 https://registry.npmjs.org/immutable/-/immutable-5.1.6.tgz 2835ms (cache miss)
6114 http fetch GET 200 https://registry.npmjs.org/is-core-module/-/is-core-module-2.16.2.tgz 2855ms (cache miss)
6115 http fetch GET 200 https://registry.npmjs.org/side-channel/-/side-channel-1.1.1.tgz 2886ms (cache miss)
6116 http fetch GET 200 https://registry.npmjs.org/forwarded/-/forwarded-0.2.0.tgz 2891ms (cache miss)
6117 http fetch GET 200 https://registry.npmjs.org/ipaddr.js/-/ipaddr.js-1.9.1.tgz 2902ms (cache miss)
6118 http fetch GET 200 https://registry.npmjs.org/retry/-/retry-0.12.0.tgz 2911ms (cache miss)
6119 http fetch GET 200 https://registry.npmjs.org/unpipe/-/unpipe-1.0.0.tgz 2922ms (cache miss)
6120 http fetch GET 200 https://registry.npmjs.org/nanoid/-/nanoid-3.3.12.tgz 2962ms (cache miss)
6121 http fetch GET 200 https://registry.npmjs.org/source-map-js/-/source-map-js-1.2.1.tgz 2990ms (cache miss)
6122 http fetch GET 200 https://registry.npmjs.org/@sigstore/protobuf-specs/-/protobuf-specs-0.5.1.tgz 2994ms (cache miss)
6123 http fetch GET 200 https://registry.npmjs.org/err-code/-/err-code-2.0.3.tgz 3025ms (cache miss)
6124 http fetch GET 200 https://registry.npmjs.org/parse5-sax-parser/-/parse5-sax-parser-8.0.0.tgz 3039ms (cache miss)
6125 http fetch GET 200 https://registry.npmjs.org/lines-and-columns/-/lines-and-columns-1.2.4.tgz 3039ms (cache miss)
6126 http fetch GET 200 https://registry.npmjs.org/error-ex/-/error-ex-1.3.4.tgz 3048ms (cache miss)
6127 http fetch GET 200 https://registry.npmjs.org/is-arrayish/-/is-arrayish-0.2.1.tgz 3110ms (cache miss)
6128 http fetch GET 200 https://registry.npmjs.org/@napi-rs/nice/-/nice-1.1.1.tgz 3152ms (cache miss)
6129 http fetch GET 200 https://registry.npmjs.org/parse5/-/parse5-8.0.1.tgz 3153ms (cache miss)
6130 http fetch GET 200 https://registry.npmjs.org/minipass-sized/-/minipass-sized-2.0.0.tgz 3154ms (cache miss)
6131 http fetch GET 200 https://registry.npmjs.org/http-cache-semantics/-/http-cache-semantics-4.2.0.tgz 3192ms (cache miss)
6132 http fetch GET 200 https://registry.npmjs.org/callsites/-/callsites-3.1.0.tgz 3193ms (cache miss)
6133 http fetch GET 200 https://registry.npmjs.org/socks-proxy-agent/-/socks-proxy-agent-8.0.5.tgz 3231ms (cache miss)
6134 http fetch GET 200 https://registry.npmjs.org/make-fetch-happen/-/make-fetch-happen-15.0.6.tgz 3251ms (cache miss)
6135 http fetch GET 200 https://registry.npmjs.org/http-proxy-agent/-/http-proxy-agent-7.0.2.tgz 3252ms (cache miss)
6136 http fetch GET 200 https://registry.npmjs.org/@npmcli/agent/-/agent-4.0.2.tgz 3281ms (cache miss)
6137 http fetch GET 200 https://registry.npmjs.org/minipass-fetch/-/minipass-fetch-5.0.2.tgz 3309ms (cache miss)
6138 http fetch GET 200 https://registry.npmjs.org/jsonparse/-/jsonparse-1.3.1.tgz 3329ms (cache miss)
6139 http fetch GET 200 https://registry.npmjs.org/@npmcli/redact/-/redact-4.0.0.tgz 3411ms (cache miss)
6140 http fetch GET 200 https://registry.npmjs.org/minizlib/-/minizlib-3.1.0.tgz 3426ms (cache miss)
6141 http fetch GET 200 https://registry.npmjs.org/abbrev/-/abbrev-4.0.0.tgz 3428ms (cache miss)
6142 http fetch GET 200 https://registry.npmjs.org/ignore-walk/-/ignore-walk-8.0.0.tgz 3433ms (cache miss)
6143 http fetch GET 200 https://registry.npmjs.org/exponential-backoff/-/exponential-backoff-3.1.3.tgz 3528ms (cache miss)
6144 http fetch GET 200 https://registry.npmjs.org/npm-install-checks/-/npm-install-checks-8.0.0.tgz 3557ms (cache miss)
6145 http fetch GET 200 https://registry.npmjs.org/minipass-pipeline/-/minipass-pipeline-1.2.4.tgz 3556ms (cache miss)
6146 http fetch GET 200 https://registry.npmjs.org/nopt/-/nopt-9.0.0.tgz 3557ms (cache miss)
6147 http fetch GET 200 https://registry.npmjs.org/p-map/-/p-map-7.0.4.tgz 3588ms (cache miss)
6148 http fetch GET 200 https://registry.npmjs.org/minipass-flush/-/minipass-flush-1.0.7.tgz 3684ms (cache miss)
6149 http fetch GET 200 https://registry.npmjs.org/minipass-collect/-/minipass-collect-2.0.1.tgz 3724ms (cache miss)
6150 http fetch GET 200 https://registry.npmjs.org/spdx-expression-parse/-/spdx-expression-parse-4.0.0.tgz 3742ms (cache miss)
6151 http fetch GET 200 https://registry.npmjs.org/json-parse-even-better-errors/-/json-parse-even-better-errors-5.0.0.tgz 3800ms (cache miss)
6152 http fetch GET 200 https://registry.npmjs.org/@gar/promise-retry/-/promise-retry-1.0.3.tgz 3825ms (cache miss)
6153 http fetch GET 200 https://registry.npmjs.org/@npmcli/node-gyp/-/node-gyp-5.0.0.tgz 3893ms (cache miss)
6154 http fetch GET 200 https://registry.npmjs.org/@rollup/rollup-darwin-arm64/-/rollup-darwin-arm64-4.59.0.tgz 4034ms (cache miss)
6155 http fetch GET 200 https://registry.npmjs.org/undici/-/undici-6.26.0.tgz 4048ms (cache miss)
6156 http fetch GET 200 https://registry.npmjs.org/npm-bundled/-/npm-bundled-5.0.0.tgz 4064ms (cache miss)
6157 http fetch GET 200 https://registry.npmjs.org/sigstore/-/sigstore-4.1.1.tgz 4072ms (cache miss)
6158 http fetch GET 200 https://registry.npmjs.org/ssri/-/ssri-13.0.1.tgz 4102ms (cache miss)
6159 http fetch GET 200 https://registry.npmjs.org/npm-pick-manifest/-/npm-pick-manifest-11.0.3.tgz 4101ms (cache miss)
6160 http fetch GET 200 https://registry.npmjs.org/npm-registry-fetch/-/npm-registry-fetch-19.1.1.tgz 4115ms (cache miss)
6161 http fetch GET 200 https://registry.npmjs.org/npm-packlist/-/npm-packlist-10.0.4.tgz 4262ms (cache miss)
6162 http fetch GET 200 https://registry.npmjs.org/minipass/-/minipass-7.1.3.tgz 4312ms (cache miss)
6163 http fetch GET 200 https://registry.npmjs.org/cacache/-/cacache-20.0.4.tgz 4434ms (cache miss)
6164 http fetch GET 200 https://registry.npmjs.org/@npmcli/run-script/-/run-script-10.0.4.tgz 4441ms (cache miss)
6165 http fetch GET 200 https://registry.npmjs.org/@npmcli/installed-package-contents/-/installed-package-contents-4.0.0.tgz 4447ms (cache miss)
6166 http fetch GET 200 https://registry.npmjs.org/@npmcli/promise-spawn/-/promise-spawn-9.0.1.tgz 4524ms (cache miss)
6167 http fetch GET 200 https://registry.npmjs.org/p-limit/-/p-limit-3.1.0.tgz 4525ms (cache miss)
6168 http fetch GET 200 https://registry.npmjs.org/promise-retry/-/promise-retry-2.0.1.tgz 4542ms (cache miss)
6169 http fetch GET 200 https://registry.npmjs.org/@npmcli/package-json/-/package-json-7.0.5.tgz 4632ms (cache miss)
6170 http fetch GET 200 https://registry.npmjs.org/stdin-discarder/-/stdin-discarder-0.2.2.tgz 4670ms (cache miss)
6171 http fetch GET 200 https://registry.npmjs.org/is-unicode-supported/-/is-unicode-supported-2.1.0.tgz 4690ms (cache miss)
6172 http fetch GET 200 https://registry.npmjs.org/npm-normalize-package-bin/-/npm-normalize-package-bin-5.0.0.tgz 4697ms (cache miss)
6173 http fetch GET 200 https://registry.npmjs.org/is-interactive/-/is-interactive-2.0.0.tgz 4703ms (cache miss)
6174 http fetch GET 200 https://registry.npmjs.org/fast-levenshtein/-/fast-levenshtein-2.0.6.tgz 4733ms (cache miss)
6175 http fetch GET 200 https://registry.npmjs.org/cli-spinners/-/cli-spinners-2.9.2.tgz 4749ms (cache miss)
6176 http fetch GET 200 https://registry.npmjs.org/node-gyp/-/node-gyp-12.4.0.tgz 4752ms (cache miss)
6177 http fetch GET 200 https://registry.npmjs.org/@npmcli/git/-/git-7.0.2.tgz 4750ms (cache miss)
6178 http fetch GET 200 https://registry.npmjs.org/word-wrap/-/word-wrap-1.2.5.tgz 4858ms (cache miss)
6179 http fetch GET 200 https://registry.npmjs.org/validate-npm-package-name/-/validate-npm-package-name-6.0.2.tgz 4859ms (cache miss)
6180 http fetch GET 200 https://registry.npmjs.org/deep-is/-/deep-is-0.1.4.tgz 4923ms (cache miss)
6181 http fetch GET 200 https://registry.npmjs.org/yocto-queue/-/yocto-queue-0.1.0.tgz 4929ms (cache miss)
6182 http fetch GET 200 https://registry.npmjs.org/ee-first/-/ee-first-1.1.1.tgz 4973ms (cache miss)
6183 http fetch GET 200 https://registry.npmjs.org/hosted-git-info/-/hosted-git-info-9.0.3.tgz 4999ms (cache miss)
6184 http fetch GET 200 https://registry.npmjs.org/detect-libc/-/detect-libc-2.1.2.tgz 5003ms (cache miss)
6185 http fetch GET 200 https://registry.npmjs.org/log-symbols/-/log-symbols-6.0.0.tgz 5005ms (cache miss)
6186 http fetch GET 200 https://registry.npmjs.org/msgpackr-extract/-/msgpackr-extract-3.0.4.tgz 5054ms (cache miss)
6187 http fetch GET 200 https://registry.npmjs.org/balanced-match/-/balanced-match-4.0.4.tgz 5095ms (cache miss)
6188 http fetch GET 200 https://registry.npmjs.org/proc-log/-/proc-log-5.0.0.tgz 5119ms (cache miss)
6189 http fetch GET 200 https://registry.npmjs.org/minimist/-/minimist-1.2.8.tgz 5124ms (cache miss)
6190 http fetch GET 200 https://registry.npmjs.org/@msgpackr-extract/msgpackr-extract-darwin-arm64/-/msgpackr-extract-darwin-arm64-3.0.4.tgz 5152ms (cache miss)
6191 http fetch GET 200 https://registry.npmjs.org/mime-db/-/mime-db-1.54.0.tgz 5157ms (cache miss)
6192 http fetch GET 200 https://registry.npmjs.org/brace-expansion/-/brace-expansion-5.0.6.tgz 5158ms (cache miss)
6193 http fetch GET 200 https://registry.npmjs.org/date-format/-/date-format-4.0.14.tgz 5239ms (cache miss)
6194 http fetch GET 200 https://registry.npmjs.org/yallist/-/yallist-3.1.1.tgz 5243ms (cache miss)
6195 http fetch GET 200 https://registry.npmjs.org/streamroller/-/streamroller-3.1.5.tgz 5264ms (cache miss)
6196 http fetch GET 200 https://registry.npmjs.org/restore-cursor/-/restore-cursor-5.1.0.tgz 5303ms (cache miss)
6197 http fetch GET 200 https://registry.npmjs.org/cli-cursor/-/cli-cursor-5.0.0.tgz 5307ms (cache miss)
6198 http fetch GET 200 https://registry.npmjs.org/ansi-escapes/-/ansi-escapes-7.3.0.tgz 5341ms (cache miss)
6199 http fetch GET 200 https://registry.npmjs.org/weak-lru-cache/-/weak-lru-cache-1.2.2.tgz 5358ms (cache miss)
6200 http fetch GET 200 https://registry.npmjs.org/p-locate/-/p-locate-5.0.0.tgz 5403ms (cache miss)
6201 http fetch GET 200 https://registry.npmjs.org/node-gyp-build-optional-packages/-/node-gyp-build-optional-packages-5.2.2.tgz 5424ms (cache miss)
6202 http fetch GET 200 https://registry.npmjs.org/strip-ansi/-/strip-ansi-7.2.0.tgz 5439ms (cache miss)
6203 http fetch GET 200 https://registry.npmjs.org/ordered-binary/-/ordered-binary-1.6.1.tgz 5448ms (cache miss)
6204 http fetch GET 200 https://registry.npmjs.org/node-addon-api/-/node-addon-api-6.1.0.tgz 5529ms (cache miss)
6205 http fetch GET 200 https://registry.npmjs.org/slice-ansi/-/slice-ansi-5.0.0.tgz 5543ms (cache miss)
6206 http fetch GET 200 https://registry.npmjs.org/colorette/-/colorette-2.0.20.tgz 5618ms (cache miss)
6207 http fetch GET 200 https://registry.npmjs.org/string-width/-/string-width-7.2.0.tgz 5634ms (cache miss)
6208 http fetch GET 200 https://registry.npmjs.org/rfdc/-/rfdc-1.4.1.tgz 5681ms (cache miss)
6209 http fetch GET 200 https://registry.npmjs.org/log-update/-/log-update-6.1.0.tgz 5688ms (cache miss)
6210 http fetch GET 200 https://registry.npmjs.org/cli-truncate/-/cli-truncate-4.0.0.tgz 5837ms (cache miss)
6211 http fetch GET 200 https://registry.npmjs.org/string-argv/-/string-argv-0.3.2.tgz 5898ms (cache miss)
6212 http fetch GET 200 https://registry.npmjs.org/yaml/-/yaml-2.9.0.tgz 5921ms (cache miss)
6213 http fetch GET 200 https://registry.npmjs.org/@lmdb/lmdb-darwin-arm64/-/lmdb-darwin-arm64-3.4.2.tgz 5964ms (cache miss)
6214 http fetch GET 200 https://registry.npmjs.org/type-check/-/type-check-0.4.0.tgz 6124ms (cache miss)
6215 http fetch GET 200 https://registry.npmjs.org/prelude-ls/-/prelude-ls-1.2.1.tgz 6167ms (cache miss)
6216 http fetch GET 200 https://registry.npmjs.org/json-buffer/-/json-buffer-3.0.1.tgz 6167ms (cache miss)
6217 http fetch GET 200 https://registry.npmjs.org/html-escaper/-/html-escaper-2.0.2.tgz 6221ms (cache miss)
6218 http fetch GET 200 https://registry.npmjs.org/make-dir/-/make-dir-4.0.0.tgz 6236ms (cache miss)
6219 http fetch GET 200 https://registry.npmjs.org/istanbul-lib-source-maps/-/istanbul-lib-source-maps-4.0.1.tgz 6369ms (cache miss)
6220 http fetch GET 200 https://registry.npmjs.org/requires-port/-/requires-port-1.0.0.tgz 6368ms (cache miss)
6221 http fetch GET 200 https://registry.npmjs.org/inflight/-/inflight-1.0.6.tgz 6368ms (cache miss)
6222 warn deprecated inflight@1.0.6: This module is not supported, and leaks memory. Do not use it. Check out lru-cache if you want a good and tested way to coalesce async requests by a key value, which is much more comprehensive and powerful.
6223 http fetch GET 200 https://registry.npmjs.org/wrappy/-/wrappy-1.0.2.tgz 6369ms (cache miss)
6224 http fetch GET 200 https://registry.npmjs.org/path-is-absolute/-/path-is-absolute-1.0.1.tgz 6369ms (cache miss)
6225 http fetch GET 200 https://registry.npmjs.org/istanbul-lib-report/-/istanbul-lib-report-3.0.1.tgz 6369ms (cache miss)
6226 http fetch GET 200 https://registry.npmjs.org/istanbul-reports/-/istanbul-reports-3.2.0.tgz 6388ms (cache miss)
6227 http fetch GET 200 https://registry.npmjs.org/msgpackr/-/msgpackr-1.12.1.tgz 6402ms (cache miss)
6228 http fetch GET 200 https://registry.npmjs.org/eventemitter3/-/eventemitter3-4.0.7.tgz 6429ms (cache miss)
6229 http fetch GET 200 https://registry.npmjs.org/fs.realpath/-/fs.realpath-1.0.0.tgz 6439ms (cache miss)
6230 http fetch GET 200 https://registry.npmjs.org/gopd/-/gopd-1.2.0.tgz 6458ms (cache miss)
6231 http fetch GET 200 https://registry.npmjs.org/follow-redirects/-/follow-redirects-1.16.0.tgz 6463ms (cache miss)
6232 http fetch GET 200 https://registry.npmjs.org/dunder-proto/-/dunder-proto-1.0.1.tgz 6463ms (cache miss)
6233 http fetch GET 200 https://registry.npmjs.org/has-symbols/-/has-symbols-1.1.0.tgz 6463ms (cache miss)
6234 http fetch GET 200 https://registry.npmjs.org/hasown/-/hasown-2.0.4.tgz 6487ms (cache miss)
6235 http fetch GET 200 https://registry.npmjs.org/es-define-property/-/es-define-property-1.0.1.tgz 6505ms (cache miss)
6236 http fetch GET 200 https://registry.npmjs.org/get-proto/-/get-proto-1.0.1.tgz 6508ms (cache miss)
6237 http fetch GET 200 https://registry.npmjs.org/es-object-atoms/-/es-object-atoms-1.1.2.tgz 6532ms (cache miss)
6238 http fetch GET 200 https://registry.npmjs.org/to-regex-range/-/to-regex-range-5.0.1.tgz 6568ms (cache miss)
6239 http fetch GET 200 https://registry.npmjs.org/get-intrinsic/-/get-intrinsic-1.3.0.tgz 6568ms (cache miss)
6240 http fetch GET 200 https://registry.npmjs.org/commander/-/commander-14.0.3.tgz 6568ms (cache miss)
6241 http fetch GET 200 https://registry.npmjs.org/function-bind/-/function-bind-1.1.2.tgz 6573ms (cache miss)
6242 http fetch GET 200 https://registry.npmjs.org/safe-regex-test/-/safe-regex-test-1.1.0.tgz 6594ms (cache miss)
6243 http fetch GET 200 https://registry.npmjs.org/punycode/-/punycode-1.4.1.tgz 6594ms (cache miss)
6244 http fetch GET 200 https://registry.npmjs.org/call-bind-apply-helpers/-/call-bind-apply-helpers-1.0.2.tgz 6594ms (cache miss)
6245 http fetch GET 200 https://registry.npmjs.org/custom-event/-/custom-event-1.0.1.tgz 6642ms (cache miss)
6246 http fetch GET 200 https://registry.npmjs.org/tmp/-/tmp-0.2.7.tgz 6695ms (cache miss)
6247 http fetch GET 200 https://registry.npmjs.org/fill-range/-/fill-range-7.1.1.tgz 6705ms (cache miss)
6248 http fetch GET 200 https://registry.npmjs.org/call-bound/-/call-bound-1.0.4.tgz 6708ms (cache miss)
6249 http fetch GET 200 https://registry.npmjs.org/es-errors/-/es-errors-1.3.0.tgz 6711ms (cache miss)
6250 http fetch GET 200 https://registry.npmjs.org/utils-merge/-/utils-merge-1.0.1.tgz 6714ms (cache miss)
6251 http fetch GET 200 https://registry.npmjs.org/extend/-/extend-3.0.2.tgz 6719ms (cache miss)
6252 http fetch GET 200 https://registry.npmjs.org/ua-parser-js/-/ua-parser-js-0.7.41.tgz 6793ms (cache miss)
6253 http fetch GET 200 https://registry.npmjs.org/void-elements/-/void-elements-2.0.1.tgz 6794ms (cache miss)
6254 http fetch GET 200 https://registry.npmjs.org/qjobs/-/qjobs-1.2.0.tgz 6874ms (cache miss)
6255 http fetch GET 200 https://registry.npmjs.org/ent/-/ent-2.2.2.tgz 6893ms (cache miss)
6256 http fetch GET 200 https://registry.npmjs.org/rimraf/-/rimraf-3.0.2.tgz 7117ms (cache miss)
6257 warn deprecated rimraf@3.0.2: Rimraf versions prior to v4 are no longer supported
6258 http fetch GET 200 https://registry.npmjs.org/socket.io/-/socket.io-4.8.3.tgz 7127ms (cache miss)
6259 http fetch GET 200 https://registry.npmjs.org/log4js/-/log4js-6.9.1.tgz 7128ms (cache miss)
6260 http fetch GET 200 https://registry.npmjs.org/mkdirp/-/mkdirp-0.5.6.tgz 7138ms (cache miss)
6261 http fetch GET 200 https://registry.npmjs.org/isbinaryfile/-/isbinaryfile-4.0.10.tgz 7164ms (cache miss)
6262 http fetch GET 200 https://registry.npmjs.org/mime/-/mime-2.6.0.tgz 7178ms (cache miss)
6263 http fetch GET 200 https://registry.npmjs.org/engine.io/-/engine.io-6.6.8.tgz 7220ms (cache miss)
6264 http fetch GET 200 https://registry.npmjs.org/graceful-fs/-/graceful-fs-4.2.11.tgz 7218ms (cache miss)
6265 http fetch GET 200 https://registry.npmjs.org/glob/-/glob-7.2.3.tgz 7218ms (cache miss)
6266 warn deprecated glob@7.2.3: Old versions of glob are not supported, and contain widely publicized security vulnerabilities, which have been fixed in the current version. Please update. Support for old versions may be purchased (at exorbitant rates) by contacting i@izs.me
6267 http fetch GET 200 https://registry.npmjs.org/http-proxy/-/http-proxy-1.18.1.tgz 7329ms (cache miss)
6268 http fetch GET 200 https://registry.npmjs.org/dom-serialize/-/dom-serialize-2.2.1.tgz 7352ms (cache miss)
6269 http fetch GET 200 https://registry.npmjs.org/di/-/di-0.0.1.tgz 7388ms (cache miss)
6270 http fetch GET 200 https://registry.npmjs.org/connect/-/connect-3.7.0.tgz 7429ms (cache miss)
6271 http fetch GET 200 https://registry.npmjs.org/lodash/-/lodash-4.18.1.tgz 7489ms (cache miss)
6272 http fetch GET 200 https://registry.npmjs.org/istanbul-lib-coverage/-/istanbul-lib-coverage-3.2.2.tgz 7515ms (cache miss)
6273 http fetch GET 200 https://registry.npmjs.org/@istanbuljs/schema/-/schema-0.1.6.tgz 7657ms (cache miss)
6274 http fetch GET 200 https://registry.npmjs.org/parent-module/-/parent-module-1.0.1.tgz 7663ms (cache miss)
6275 http fetch GET 200 https://registry.npmjs.org/safer-buffer/-/safer-buffer-2.1.2.tgz 7672ms (cache miss)
6276 http fetch GET 200 https://registry.npmjs.org/is-extglob/-/is-extglob-2.1.1.tgz 7672ms (cache miss)
6277 http fetch GET 200 https://registry.npmjs.org/@sigstore/core/-/core-3.2.1.tgz 7708ms (cache miss)
6278 http fetch GET 200 https://registry.npmjs.org/agent-base/-/agent-base-7.1.4.tgz 7705ms (cache miss)
6279 http fetch GET 200 https://registry.npmjs.org/inherits/-/inherits-2.0.4.tgz 7909ms (cache miss)
6280 http fetch GET 200 https://registry.npmjs.org/toidentifier/-/toidentifier-1.0.1.tgz 7920ms (cache miss)
6281 http fetch GET 200 https://registry.npmjs.org/keyv/-/keyv-4.5.4.tgz 7921ms (cache miss)
6282 http fetch GET 200 https://registry.npmjs.org/setprototypeof/-/setprototypeof-1.2.0.tgz 7960ms (cache miss)
6283 http fetch GET 200 https://registry.npmjs.org/@simple-libs/child-process-utils/-/child-process-utils-1.0.2.tgz 8030ms (cache miss)
6284 http fetch GET 200 https://registry.npmjs.org/@npmcli/fs/-/fs-5.0.0.tgz 8110ms (cache miss)
6285 http fetch GET 200 https://registry.npmjs.org/flat-cache/-/flat-cache-4.0.1.tgz 8132ms (cache miss)
6286 http fetch GET 200 https://registry.npmjs.org/@conventional-changelog/git-client/-/git-client-2.7.0.tgz 8133ms (cache miss)
6287 http fetch GET 200 https://registry.npmjs.org/flatted/-/flatted-3.4.2.tgz 8139ms (cache miss)
6288 http fetch GET 200 https://registry.npmjs.org/path-exists/-/path-exists-4.0.0.tgz 8140ms (cache miss)
6289 http fetch GET 200 https://registry.npmjs.org/@colors/colors/-/colors-1.5.0.tgz 8230ms (cache miss)
6290 http fetch GET 200 https://registry.npmjs.org/ip-address/-/ip-address-10.2.0.tgz 8230ms (cache miss)
6291 http fetch GET 200 https://registry.npmjs.org/bytes/-/bytes-3.1.2.tgz 8230ms (cache miss)
6292 http fetch GET 200 https://registry.npmjs.org/negotiator/-/negotiator-1.0.0.tgz 8246ms (cache miss)
6293 http fetch GET 200 https://registry.npmjs.org/serve-static/-/serve-static-2.2.1.tgz 8270ms (cache miss)
6294 http fetch GET 200 https://registry.npmjs.org/statuses/-/statuses-2.0.2.tgz 8276ms (cache miss)
6295 http fetch GET 200 https://registry.npmjs.org/type-is/-/type-is-2.1.0.tgz 8291ms (cache miss)
6296 http fetch GET 200 https://registry.npmjs.org/locate-path/-/locate-path-6.0.0.tgz 8302ms (cache miss)
6297 http fetch GET 200 https://registry.npmjs.org/math-intrinsics/-/math-intrinsics-1.1.0.tgz 8310ms (cache miss)
6298 http fetch GET 200 https://registry.npmjs.org/router/-/router-2.2.0.tgz 8355ms (cache miss)
6299 http fetch GET 200 https://registry.npmjs.org/parseurl/-/parseurl-1.3.3.tgz 8406ms (cache miss)
6300 http fetch GET 200 https://registry.npmjs.org/send/-/send-1.2.1.tgz 8411ms (cache miss)
6301 http fetch GET 200 https://registry.npmjs.org/range-parser/-/range-parser-1.2.1.tgz 8412ms (cache miss)
6302 http fetch GET 200 https://registry.npmjs.org/merge-descriptors/-/merge-descriptors-2.0.0.tgz 8420ms (cache miss)
6303 http fetch GET 200 https://registry.npmjs.org/once/-/once-1.4.0.tgz 8420ms (cache miss)
6304 http fetch GET 200 https://registry.npmjs.org/on-finished/-/on-finished-2.4.1.tgz 8455ms (cache miss)
6305 http fetch GET 200 https://registry.npmjs.org/qs/-/qs-6.15.2.tgz 8527ms (cache miss)
6306 http fetch GET 200 https://registry.npmjs.org/mime-types/-/mime-types-3.0.2.tgz 8527ms (cache miss)
6307 http fetch GET 200 https://registry.npmjs.org/proxy-addr/-/proxy-addr-2.0.7.tgz 8548ms (cache miss)
6308 http fetch GET 200 https://registry.npmjs.org/http-errors/-/http-errors-2.0.1.tgz 8587ms (cache miss)
6309 http fetch GET 200 https://registry.npmjs.org/escape-html/-/escape-html-1.0.3.tgz 8636ms (cache miss)
6310 http fetch GET 200 https://registry.npmjs.org/finalhandler/-/finalhandler-2.1.1.tgz 8643ms (cache miss)
6311 http fetch GET 200 https://registry.npmjs.org/fresh/-/fresh-2.0.0.tgz 8661ms (cache miss)
6312 http fetch GET 200 https://registry.npmjs.org/etag/-/etag-1.8.1.tgz 8663ms (cache miss)
6313 http fetch GET 200 https://registry.npmjs.org/encodeurl/-/encodeurl-2.0.0.tgz 8834ms (cache miss)
6314 http fetch GET 200 https://registry.npmjs.org/depd/-/depd-2.0.0.tgz 8835ms (cache miss)
6315 http fetch GET 200 https://registry.npmjs.org/cookie/-/cookie-0.7.2.tgz 8842ms (cache miss)
6316 http fetch GET 200 https://registry.npmjs.org/cookie-signature/-/cookie-signature-1.2.2.tgz 8912ms (cache miss)
6317 http fetch GET 200 https://registry.npmjs.org/fs-minipass/-/fs-minipass-3.0.3.tgz 8965ms (cache miss)
6318 http fetch GET 200 https://registry.npmjs.org/body-parser/-/body-parser-2.2.2.tgz 8971ms (cache miss)
6319 http fetch GET 200 https://registry.npmjs.org/content-disposition/-/content-disposition-1.1.0.tgz 8994ms (cache miss)
6320 http fetch GET 200 https://registry.npmjs.org/accepts/-/accepts-2.0.0.tgz 8994ms (cache miss)
6321 http fetch GET 200 https://registry.npmjs.org/acorn-jsx/-/acorn-jsx-5.3.2.tgz 9173ms (cache miss)
6322 http fetch GET 200 https://registry.npmjs.org/estraverse/-/estraverse-5.3.0.tgz 9173ms (cache miss)
6323 http fetch GET 200 https://registry.npmjs.org/esrecurse/-/esrecurse-4.3.0.tgz 9263ms (cache miss)
6324 http fetch GET 200 https://registry.npmjs.org/@types/esrecurse/-/esrecurse-4.3.1.tgz 9262ms (cache miss)
6325 http fetch GET 200 https://registry.npmjs.org/ansi-styles/-/ansi-styles-4.3.0.tgz 9328ms (cache miss)
6326 http fetch GET 200 https://registry.npmjs.org/color-convert/-/color-convert-2.0.1.tgz 9328ms (cache miss)
6327 http fetch GET 200 https://registry.npmjs.org/supports-color/-/supports-color-7.2.0.tgz 9349ms (cache miss)
6328 http fetch GET 200 https://registry.npmjs.org/color-name/-/color-name-1.1.4.tgz 9349ms (cache miss)
6329 http fetch GET 200 https://registry.npmjs.org/@humanfs/core/-/core-0.19.2.tgz 9405ms (cache miss)
6330 http fetch GET 200 https://registry.npmjs.org/levn/-/levn-0.4.1.tgz 9441ms (cache miss)
6331 http fetch GET 200 https://registry.npmjs.org/@types/json-schema/-/json-schema-7.0.15.tgz 9451ms (cache miss)
6332 http fetch GET 200 https://registry.npmjs.org/acorn/-/acorn-8.17.0.tgz 9453ms (cache miss)
6333 http fetch GET 200 https://registry.npmjs.org/optionator/-/optionator-0.9.4.tgz 9466ms (cache miss)
6334 http fetch GET 200 https://registry.npmjs.org/@eslint/object-schema/-/object-schema-2.1.7.tgz 9475ms (cache miss)
6335 http fetch GET 200 https://registry.npmjs.org/globals/-/globals-14.0.0.tgz 9601ms (cache miss)
6336 http fetch GET 200 https://registry.npmjs.org/natural-compare/-/natural-compare-1.4.0.tgz 9601ms (cache miss)
6337 http fetch GET 200 https://registry.npmjs.org/lodash.merge/-/lodash.merge-4.6.2.tgz 9602ms (cache miss)
6338 http fetch GET 200 https://registry.npmjs.org/@humanfs/types/-/types-0.15.0.tgz 9658ms (cache miss)
6339 http fetch GET 200 https://registry.npmjs.org/json-stable-stringify-without-jsonify/-/json-stable-stringify-without-jsonify-1.0.1.tgz 9725ms (cache miss)
6340 http fetch GET 200 https://registry.npmjs.org/esutils/-/esutils-2.0.3.tgz 9726ms (cache miss)
6341 http fetch GET 200 https://registry.npmjs.org/find-up/-/find-up-5.0.0.tgz 9728ms (cache miss)
6342 http fetch GET 200 https://registry.npmjs.org/is-glob/-/is-glob-4.0.3.tgz 9749ms (cache miss)
6343 http fetch GET 200 https://registry.npmjs.org/imurmurhash/-/imurmurhash-0.1.4.tgz 9752ms (cache miss)
6344 http fetch GET 200 https://registry.npmjs.org/@napi-rs/nice-darwin-arm64/-/nice-darwin-arm64-1.1.1.tgz 9783ms (cache miss)
6345 http fetch GET 200 https://registry.npmjs.org/glob-parent/-/glob-parent-6.0.2.tgz 9765ms (cache miss)
6346 http fetch GET 200 https://registry.npmjs.org/chalk/-/chalk-4.1.2.tgz 9887ms (cache miss)
6347 http fetch GET 200 https://registry.npmjs.org/espree/-/espree-10.4.0.tgz 9891ms (cache miss)
6348 http fetch GET 200 https://registry.npmjs.org/tar/-/tar-7.5.16.tgz 9910ms (cache miss)
6349 http fetch GET 200 https://registry.npmjs.org/escape-string-regexp/-/escape-string-regexp-4.0.0.tgz 10079ms (cache miss)
6350 http fetch GET 200 https://registry.npmjs.org/file-entry-cache/-/file-entry-cache-8.0.0.tgz 10087ms (cache miss)
6351 http fetch GET 200 https://registry.npmjs.org/@types/estree/-/estree-1.0.9.tgz 10091ms (cache miss)
6352 http fetch GET 200 https://registry.npmjs.org/@humanwhocodes/retry/-/retry-0.4.3.tgz 10095ms (cache miss)
6353 http fetch GET 200 https://registry.npmjs.org/@eslint/js/-/js-9.39.4.tgz 10119ms (cache miss)
6354 http fetch GET 200 https://registry.npmjs.org/@humanwhocodes/module-importer/-/module-importer-1.0.1.tgz 10130ms (cache miss)
6355 http fetch GET 200 https://registry.npmjs.org/@eslint/plugin-kit/-/plugin-kit-0.4.1.tgz 10139ms (cache miss)
6356 http fetch GET 200 https://registry.npmjs.org/@eslint/config-helpers/-/config-helpers-0.4.2.tgz 10142ms (cache miss)
6357 http fetch GET 200 https://registry.npmjs.org/@humanfs/node/-/node-0.16.8.tgz 10144ms (cache miss)
6358 http fetch GET 200 https://registry.npmjs.org/@eslint/core/-/core-0.17.0.tgz 10145ms (cache miss)
6359 http fetch GET 200 https://registry.npmjs.org/is-obj/-/is-obj-2.0.0.tgz 10154ms (cache miss)
6360 http fetch GET 200 https://registry.npmjs.org/ms/-/ms-2.1.3.tgz 10221ms (cache miss)
6361 http fetch GET 200 https://registry.npmjs.org/domelementtype/-/domelementtype-2.3.0.tgz 10221ms (cache miss)
6362 http fetch GET 200 https://registry.npmjs.org/which/-/which-2.0.2.tgz 10220ms (cache miss)
6363 http fetch GET 200 https://registry.npmjs.org/shebang-command/-/shebang-command-2.0.0.tgz 10220ms (cache miss)
6364 http fetch GET 200 https://registry.npmjs.org/domutils/-/domutils-3.2.2.tgz 10225ms (cache miss)
6365 http fetch GET 200 https://registry.npmjs.org/@eslint-community/regexpp/-/regexpp-4.12.2.tgz 10248ms (cache miss)
6366 http fetch GET 200 https://registry.npmjs.org/@eslint/eslintrc/-/eslintrc-3.3.5.tgz 10260ms (cache miss)
6367 http fetch GET 200 https://registry.npmjs.org/boolbase/-/boolbase-1.0.0.tgz 10266ms (cache miss)
6368 http fetch GET 200 https://registry.npmjs.org/@eslint/config-array/-/config-array-0.21.2.tgz 10267ms (cache miss)
6369 http fetch GET 200 https://registry.npmjs.org/import-fresh/-/import-fresh-3.3.1.tgz 10304ms (cache miss)
6370 http fetch GET 200 https://registry.npmjs.org/path-key/-/path-key-3.1.1.tgz 10304ms (cache miss)
6371 http fetch GET 200 https://registry.npmjs.org/parse-json/-/parse-json-5.2.0.tgz 10304ms (cache miss)
6372 http fetch GET 200 https://registry.npmjs.org/nth-check/-/nth-check-2.1.1.tgz 10307ms (cache miss)
6373 http fetch GET 200 https://registry.npmjs.org/env-paths/-/env-paths-2.2.1.tgz 10392ms (cache miss)
6374 http fetch GET 200 https://registry.npmjs.org/js-yaml/-/js-yaml-4.2.0.tgz 10435ms (cache miss)
6375 http fetch GET 200 https://registry.npmjs.org/array-ify/-/array-ify-1.0.0.tgz 10444ms (cache miss)
6376 http fetch GET 200 https://registry.npmjs.org/vary/-/vary-1.1.2.tgz 10448ms (cache miss)
6377 http fetch GET 200 https://registry.npmjs.org/object-assign/-/object-assign-4.1.1.tgz 10448ms (cache miss)
6378 http fetch GET 200 https://registry.npmjs.org/entities/-/entities-4.5.0.tgz 10455ms (cache miss)
6379 http fetch GET 200 https://registry.npmjs.org/meow/-/meow-13.2.0.tgz 10471ms (cache miss)
6380 http fetch GET 200 https://registry.npmjs.org/dot-prop/-/dot-prop-5.3.0.tgz 10471ms (cache miss)
6381 http fetch GET 200 https://registry.npmjs.org/jiti/-/jiti-2.6.1.tgz 10502ms (cache miss)
6382 http fetch GET 200 https://registry.npmjs.org/@simple-libs/stream-utils/-/stream-utils-1.2.0.tgz 10503ms (cache miss)
6383 http fetch GET 200 https://registry.npmjs.org/compare-func/-/compare-func-2.0.0.tgz 10508ms (cache miss)
6384 http fetch GET 200 https://registry.npmjs.org/readdirp/-/readdirp-4.1.2.tgz 10508ms (cache miss)
6385 http fetch GET 200 https://registry.npmjs.org/electron-to-chromium/-/electron-to-chromium-1.5.372.tgz 10508ms (cache miss)
6386 http fetch GET 200 https://registry.npmjs.org/htmlparser2/-/htmlparser2-10.1.0.tgz 10511ms (cache miss)
6387 http fetch GET 200 https://registry.npmjs.org/node-releases/-/node-releases-2.0.47.tgz 10525ms (cache miss)
6388 http fetch GET 200 https://registry.npmjs.org/update-browserslist-db/-/update-browserslist-db-1.2.3.tgz 10535ms (cache miss)
6389 http fetch GET 200 https://registry.npmjs.org/baseline-browser-mapping/-/baseline-browser-mapping-2.10.37.tgz 10535ms (cache miss)
6390 http fetch GET 200 https://registry.npmjs.org/postcss-media-query-parser/-/postcss-media-query-parser-0.2.3.tgz 10559ms (cache miss)
6391 http fetch GET 200 https://registry.npmjs.org/domhandler/-/domhandler-5.0.3.tgz 10562ms (cache miss)
6392 http fetch GET 200 https://registry.npmjs.org/css-what/-/css-what-7.0.0.tgz 10600ms (cache miss)
6393 http fetch GET 200 https://registry.npmjs.org/dom-serializer/-/dom-serializer-2.0.0.tgz 10604ms (cache miss)
6394 http fetch GET 200 https://registry.npmjs.org/eslint-visitor-keys/-/eslint-visitor-keys-3.4.3.tgz 10613ms (cache miss)
6395 http fetch GET 200 https://registry.npmjs.org/css-select/-/css-select-6.0.0.tgz 10628ms (cache miss)
6396 http fetch GET 200 https://registry.npmjs.org/postcss/-/postcss-8.5.15.tgz 10656ms (cache miss)
6397 http fetch GET 200 https://registry.npmjs.org/@typescript-eslint/tsconfig-utils/-/tsconfig-utils-8.61.0.tgz 10687ms (cache miss)
6398 http fetch GET 200 https://registry.npmjs.org/minimatch/-/minimatch-10.2.5.tgz 10743ms (cache miss)
6399 http fetch GET 200 https://registry.npmjs.org/@typescript-eslint/typescript-estree/-/typescript-estree-8.61.0.tgz 10777ms (cache miss)
6400 http fetch GET 200 https://registry.npmjs.org/eslint-scope/-/eslint-scope-9.1.2.tgz 10805ms (cache miss)
6401 http fetch GET 200 https://registry.npmjs.org/@typescript-eslint/project-service/-/project-service-8.61.0.tgz 10816ms (cache miss)
6402 http fetch GET 200 https://registry.npmjs.org/@typescript-eslint/scope-manager/-/scope-manager-8.61.0.tgz 10817ms (cache miss)
6403 http fetch GET 200 https://registry.npmjs.org/strip-json-comments/-/strip-json-comments-3.1.1.tgz 10957ms (cache miss)
6404 http fetch GET 200 https://registry.npmjs.org/ts-api-utils/-/ts-api-utils-2.5.0.tgz 10960ms (cache miss)
6405 http fetch GET 200 https://registry.npmjs.org/ignore/-/ignore-7.0.5.tgz 10968ms (cache miss)
6406 http fetch GET 200 https://registry.npmjs.org/@eslint-community/eslint-utils/-/eslint-utils-4.9.1.tgz 10969ms (cache miss)
6407 http fetch GET 200 https://registry.npmjs.org/axobject-query/-/axobject-query-4.1.0.tgz 10985ms (cache miss)
6408 http fetch GET 200 https://registry.npmjs.org/aria-query/-/aria-query-5.3.2.tgz 10996ms (cache miss)
6409 http fetch GET 200 https://registry.npmjs.org/caniuse-lite/-/caniuse-lite-1.0.30001799.tgz 11041ms (cache miss)
6410 http fetch GET 200 https://registry.npmjs.org/@angular-eslint/eslint-plugin-template/-/eslint-plugin-template-21.0.1.tgz 11069ms (cache miss)
6411 http fetch GET 200 https://registry.npmjs.org/@typescript-eslint/utils/-/utils-8.61.0.tgz 11228ms (cache miss)
6412 http fetch GET 200 https://registry.npmjs.org/@typescript-eslint/types/-/types-8.61.0.tgz 11243ms (cache miss)
6413 http fetch GET 200 https://registry.npmjs.org/@algolia/requester-node-http/-/requester-node-http-5.35.0.tgz 11262ms (cache miss)
6414 http fetch GET 200 https://registry.npmjs.org/@angular-eslint/eslint-plugin/-/eslint-plugin-21.0.1.tgz 11341ms (cache miss)
6415 http fetch GET 200 https://registry.npmjs.org/@angular-eslint/builder/-/builder-21.0.1.tgz 11370ms (cache miss)
6416 http fetch GET 200 https://registry.npmjs.org/@angular-eslint/template-parser/-/template-parser-21.0.1.tgz 11403ms (cache miss)
6417 http fetch GET 200 https://registry.npmjs.org/@algolia/monitoring/-/monitoring-1.35.0.tgz 11423ms (cache miss)
6418 http fetch GET 200 https://registry.npmjs.org/@algolia/requester-browser-xhr/-/requester-browser-xhr-5.35.0.tgz 11443ms (cache miss)
6419 http fetch GET 200 https://registry.npmjs.org/@algolia/recommend/-/recommend-5.35.0.tgz 11561ms (cache miss)
6420 http fetch GET 200 https://registry.npmjs.org/@algolia/client-insights/-/client-insights-5.35.0.tgz 11683ms (cache miss)
6421 http fetch GET 200 https://registry.npmjs.org/@algolia/client-query-suggestions/-/client-query-suggestions-5.35.0.tgz 11687ms (cache miss)
6422 http fetch GET 200 https://registry.npmjs.org/@algolia/client-personalization/-/client-personalization-5.35.0.tgz 11689ms (cache miss)
6423 http fetch GET 200 https://registry.npmjs.org/environment/-/environment-1.1.0.tgz 11742ms (cache miss)
6424 http fetch GET 200 https://registry.npmjs.org/@typescript-eslint/visitor-keys/-/visitor-keys-8.61.0.tgz 11738ms (cache miss)
6425 http fetch GET 200 https://registry.npmjs.org/@algolia/client-search/-/client-search-5.35.0.tgz 11916ms (cache miss)
6426 http fetch GET 200 https://registry.npmjs.org/require-from-string/-/require-from-string-2.0.2.tgz 11921ms (cache miss)
6427 http fetch GET 200 https://registry.npmjs.org/json-schema-traverse/-/json-schema-traverse-1.0.0.tgz 11929ms (cache miss)
6428 http fetch GET 200 https://registry.npmjs.org/fast-uri/-/fast-uri-3.1.2.tgz 11937ms (cache miss)
6429 http fetch GET 200 https://registry.npmjs.org/@algolia/client-abtesting/-/client-abtesting-5.35.0.tgz 11940ms (cache miss)
6430 http fetch GET 200 https://registry.npmjs.org/@algolia/client-analytics/-/client-analytics-5.35.0.tgz 11968ms (cache miss)
6431 http fetch GET 200 https://registry.npmjs.org/fast-deep-equal/-/fast-deep-equal-3.1.3.tgz 12048ms (cache miss)
6432 http fetch GET 200 https://registry.npmjs.org/@algolia/abtesting/-/abtesting-1.1.0.tgz 12049ms (cache miss)
6433 http fetch GET 200 https://registry.npmjs.org/undici-types/-/undici-types-7.24.6.tgz 12050ms (cache miss)
6434 http fetch GET 200 https://registry.npmjs.org/zod-to-json-schema/-/zod-to-json-schema-3.25.2.tgz 12057ms (cache miss)
6435 http fetch GET 200 https://registry.npmjs.org/@algolia/ingestion/-/ingestion-1.35.0.tgz 12103ms (cache miss)
6436 http fetch GET 200 https://registry.npmjs.org/pkce-challenge/-/pkce-challenge-5.0.1.tgz 12103ms (cache miss)
6437 http fetch GET 200 https://registry.npmjs.org/raw-body/-/raw-body-3.0.2.tgz 12122ms (cache miss)
6438 http fetch GET 200 https://registry.npmjs.org/jose/-/jose-6.2.3.tgz 12191ms (cache miss)
6439 http fetch GET 200 https://registry.npmjs.org/@angular-eslint/schematics/-/schematics-21.0.1.tgz 12198ms (cache miss)
6440 http fetch GET 200 https://registry.npmjs.org/express/-/express-5.2.1.tgz 12200ms (cache miss)
6441 http fetch GET 200 https://registry.npmjs.org/express-rate-limit/-/express-rate-limit-8.5.2.tgz 12226ms (cache miss)
6442 http fetch GET 200 https://registry.npmjs.org/eventsource-parser/-/eventsource-parser-3.1.0.tgz 12247ms (cache miss)
6443 http fetch GET 200 https://registry.npmjs.org/json-schema-typed/-/json-schema-typed-8.0.2.tgz 12255ms (cache miss)
6444 http fetch GET 200 https://registry.npmjs.org/eventsource/-/eventsource-3.0.7.tgz 12256ms (cache miss)
6445 http fetch GET 200 https://registry.npmjs.org/esquery/-/esquery-1.7.0.tgz 12277ms (cache miss)
6446 http fetch GET 200 https://registry.npmjs.org/content-type/-/content-type-1.0.5.tgz 12300ms (cache miss)
6447 http fetch GET 200 https://registry.npmjs.org/cors/-/cors-2.8.6.tgz 12348ms (cache miss)
6448 http fetch GET 200 https://registry.npmjs.org/chardet/-/chardet-2.1.1.tgz 12426ms (cache miss)
6449 http fetch GET 200 https://registry.npmjs.org/@hono/node-server/-/node-server-1.19.14.tgz 12435ms (cache miss)
6450 http fetch GET 200 https://registry.npmjs.org/braces/-/braces-3.0.3.tgz 12482ms (cache miss)
6451 http fetch GET 200 https://registry.npmjs.org/@jridgewell/resolve-uri/-/resolve-uri-3.1.2.tgz 12499ms (cache miss)
6452 http fetch GET 200 https://registry.npmjs.org/hono/-/hono-4.12.25.tgz 12512ms (cache miss)
6453 http fetch GET 200 https://registry.npmjs.org/@inquirer/search/-/search-3.2.2.tgz 12537ms (cache miss)
6454 http fetch GET 200 https://registry.npmjs.org/@angular-eslint/utils/-/utils-21.0.1.tgz 12538ms (cache miss)
6455 http fetch GET 200 https://registry.npmjs.org/argparse/-/argparse-2.0.1.tgz 12557ms (cache miss)
6456 http fetch GET 200 https://registry.npmjs.org/iconv-lite/-/iconv-lite-0.7.2.tgz 12584ms (cache miss)
6457 http fetch GET 200 https://registry.npmjs.org/@inquirer/select/-/select-4.4.2.tgz 12593ms (cache miss)
6458 http fetch GET 200 https://registry.npmjs.org/cross-spawn/-/cross-spawn-7.0.6.tgz 12594ms (cache miss)
6459 http fetch GET 200 https://registry.npmjs.org/@inquirer/external-editor/-/external-editor-1.0.3.tgz 12626ms (cache miss)
6460 http fetch GET 200 https://registry.npmjs.org/@inquirer/rawlist/-/rawlist-4.1.11.tgz 12726ms (cache miss)
6461 http fetch GET 200 https://registry.npmjs.org/@inquirer/number/-/number-3.0.23.tgz 12727ms (cache miss)
6462 http fetch GET 200 https://registry.npmjs.org/mute-stream/-/mute-stream-2.0.0.tgz 12740ms (cache miss)
6463 http fetch GET 200 https://registry.npmjs.org/signal-exit/-/signal-exit-4.1.0.tgz 12741ms (cache miss)
6464 http fetch GET 200 https://registry.npmjs.org/@inquirer/input/-/input-4.3.1.tgz 12742ms (cache miss)
6465 http fetch GET 200 https://registry.npmjs.org/cli-width/-/cli-width-4.1.0.tgz 12742ms (cache miss)
6466 http fetch GET 200 https://registry.npmjs.org/@inquirer/password/-/password-4.0.23.tgz 12747ms (cache miss)
6467 http fetch GET 200 https://registry.npmjs.org/@inquirer/figures/-/figures-1.0.15.tgz 12758ms (cache miss)
6468 http fetch GET 200 https://registry.npmjs.org/@inquirer/expand/-/expand-4.0.23.tgz 12760ms (cache miss)
6469 http fetch GET 200 https://registry.npmjs.org/@esbuild/darwin-arm64/-/darwin-arm64-0.28.0.tgz 12781ms (cache miss)
6470 http fetch GET 200 https://registry.npmjs.org/yoctocolors-cjs/-/yoctocolors-cjs-2.1.3.tgz 12807ms (cache miss)
6471 http fetch GET 200 https://registry.npmjs.org/wrap-ansi/-/wrap-ansi-6.2.0.tgz 12837ms (cache miss)
6472 http fetch GET 200 https://registry.npmjs.org/@inquirer/checkbox/-/checkbox-4.3.2.tgz 12838ms (cache miss)
6473 http fetch GET 200 https://registry.npmjs.org/resolve-from/-/resolve-from-5.0.0.tgz 12837ms (cache miss)
6474 http fetch GET 200 https://registry.npmjs.org/git-raw-commits/-/git-raw-commits-5.0.1.tgz 12853ms (cache miss)
6475 http fetch GET 200 https://registry.npmjs.org/escalade/-/escalade-3.2.0.tgz 12865ms (cache miss)
6476 http fetch GET 200 https://registry.npmjs.org/@inquirer/type/-/type-3.0.10.tgz 12887ms (cache miss)
6477 http fetch GET 200 https://registry.npmjs.org/conventional-commits-parser/-/conventional-commits-parser-6.4.0.tgz 12897ms (cache miss)
6478 http fetch GET 200 https://registry.npmjs.org/conventional-changelog-angular/-/conventional-changelog-angular-8.3.1.tgz 12905ms (cache miss)
6479 http fetch GET 200 https://registry.npmjs.org/@commitlint/ensure/-/ensure-21.0.1.tgz 12926ms (cache miss)
6480 http fetch GET 200 https://registry.npmjs.org/@commitlint/to-lines/-/to-lines-21.0.1.tgz 12937ms (cache miss)
6481 http fetch GET 200 https://registry.npmjs.org/global-directory/-/global-directory-5.0.0.tgz 12950ms (cache miss)
6482 http fetch GET 200 https://registry.npmjs.org/is-plain-obj/-/is-plain-obj-4.1.0.tgz 12986ms (cache miss)
6483 http fetch GET 200 https://registry.npmjs.org/cosmiconfig-typescript-loader/-/cosmiconfig-typescript-loader-6.3.0.tgz 13006ms (cache miss)
6484 http fetch GET 200 https://registry.npmjs.org/@inquirer/core/-/core-10.3.2.tgz 13008ms (cache miss)
6485 http fetch GET 200 https://registry.npmjs.org/@commitlint/message/-/message-21.0.2.tgz 13049ms (cache miss)
6486 http fetch GET 200 https://registry.npmjs.org/@commitlint/top-level/-/top-level-21.0.2.tgz 13069ms (cache miss)
6487 http fetch GET 200 https://registry.npmjs.org/cosmiconfig/-/cosmiconfig-9.0.2.tgz 13113ms (cache miss)
6488 http fetch GET 200 https://registry.npmjs.org/@commitlint/execute-rule/-/execute-rule-21.0.1.tgz 13191ms (cache miss)
6489 http fetch GET 200 https://registry.npmjs.org/@commitlint/resolve-extends/-/resolve-extends-21.0.1.tgz 13206ms (cache miss)
6490 http fetch GET 200 https://registry.npmjs.org/@commitlint/config-validator/-/config-validator-21.0.1.tgz 13212ms (cache miss)
6491 http fetch GET 200 https://registry.npmjs.org/@types/node/-/node-25.9.3.tgz 13218ms (cache miss)
6492 http fetch GET 200 https://registry.npmjs.org/tinyexec/-/tinyexec-1.2.4.tgz 13223ms (cache miss)
6493 http fetch GET 200 https://registry.npmjs.org/conventional-changelog-conventionalcommits/-/conventional-changelog-conventionalcommits-9.3.1.tgz 13240ms (cache miss)
6494 http fetch GET 200 https://registry.npmjs.org/@commitlint/parse/-/parse-21.0.2.tgz 13288ms (cache miss)
6495 http fetch GET 200 https://registry.npmjs.org/@commitlint/is-ignored/-/is-ignored-21.0.2.tgz 13319ms (cache miss)
6496 http fetch GET 200 https://registry.npmjs.org/@commitlint/rules/-/rules-21.0.2.tgz 13326ms (cache miss)
6497 http fetch GET 200 https://registry.npmjs.org/@commitlint/load/-/load-21.0.2.tgz 13342ms (cache miss)
6498 http fetch GET 200 https://registry.npmjs.org/@commitlint/types/-/types-21.0.1.tgz 13349ms (cache miss)
6499 http fetch GET 200 https://registry.npmjs.org/@babel/helper-module-imports/-/helper-module-imports-7.29.7.tgz 13385ms (cache miss)
6500 http fetch GET 200 https://registry.npmjs.org/lru-cache/-/lru-cache-5.1.1.tgz 13392ms (cache miss)
6501 http fetch GET 200 https://registry.npmjs.org/@commitlint/format/-/format-21.0.1.tgz 13397ms (cache miss)
6502 http fetch GET 200 https://registry.npmjs.org/@commitlint/lint/-/lint-21.0.2.tgz 13402ms (cache miss)
6503 http fetch GET 200 https://registry.npmjs.org/@commitlint/read/-/read-21.0.2.tgz 13433ms (cache miss)
6504 http fetch GET 200 https://registry.npmjs.org/es-toolkit/-/es-toolkit-1.47.1.tgz 13434ms (cache miss)
6505 http fetch GET 200 https://registry.npmjs.org/@babel/helper-globals/-/helper-globals-7.29.7.tgz 13434ms (cache miss)
6506 http fetch GET 200 https://registry.npmjs.org/jsesc/-/jsesc-3.1.0.tgz 13433ms (cache miss)
6507 http fetch GET 200 https://registry.npmjs.org/js-tokens/-/js-tokens-4.0.0.tgz 13438ms (cache miss)
6508 http fetch GET 200 https://registry.npmjs.org/picocolors/-/picocolors-1.1.1.tgz 13447ms (cache miss)
6509 http fetch GET 200 https://registry.npmjs.org/@babel/helper-validator-option/-/helper-validator-option-7.29.7.tgz 13448ms (cache miss)
6510 http fetch GET 200 https://registry.npmjs.org/@babel/helper-validator-identifier/-/helper-validator-identifier-7.29.7.tgz 13472ms (cache miss)
6511 http fetch GET 200 https://registry.npmjs.org/debug/-/debug-4.4.3.tgz 13487ms (cache miss)
6512 http fetch GET 200 https://registry.npmjs.org/@babel/compat-data/-/compat-data-7.29.7.tgz 13489ms (cache miss)
6513 http fetch GET 200 https://registry.npmjs.org/@babel/template/-/template-7.29.7.tgz 13537ms (cache miss)
6514 http fetch GET 200 https://registry.npmjs.org/json5/-/json5-2.2.3.tgz 13611ms (cache miss)
6515 http fetch GET 200 https://registry.npmjs.org/@babel/traverse/-/traverse-7.29.7.tgz 13614ms (cache miss)
6516 http fetch GET 200 https://registry.npmjs.org/@angular-eslint/bundled-angular-compiler/-/bundled-angular-compiler-21.0.1.tgz 13723ms (cache miss)
6517 http fetch GET 200 https://registry.npmjs.org/@babel/helpers/-/helpers-7.29.7.tgz 13737ms (cache miss)
6518 http fetch GET 200 https://registry.npmjs.org/@babel/parser/-/parser-7.29.7.tgz 13793ms (cache miss)
6519 http fetch GET 200 https://registry.npmjs.org/convert-source-map/-/convert-source-map-1.9.0.tgz 13797ms (cache miss)
6520 http fetch GET 200 https://registry.npmjs.org/@babel/helper-module-transforms/-/helper-module-transforms-7.29.7.tgz 13839ms (cache miss)
6521 http fetch GET 200 https://registry.npmjs.org/@babel/generator/-/generator-7.29.7.tgz 13885ms (cache miss)
6522 http fetch GET 200 https://registry.npmjs.org/@babel/types/-/types-7.29.7.tgz 13903ms (cache miss)
6523 http fetch GET 200 https://registry.npmjs.org/@babel/code-frame/-/code-frame-7.29.7.tgz 13903ms (cache miss)
6524 http fetch GET 200 https://registry.npmjs.org/@babel/helper-compilation-targets/-/helper-compilation-targets-7.29.7.tgz 13904ms (cache miss)
6525 http fetch GET 200 https://registry.npmjs.org/reflect-metadata/-/reflect-metadata-0.2.2.tgz 13903ms (cache miss)
6526 http fetch GET 200 https://registry.npmjs.org/ora/-/ora-8.2.0.tgz 13912ms (cache miss)
6527 http fetch GET 200 https://registry.npmjs.org/chokidar/-/chokidar-4.0.3.tgz 13913ms (cache miss)
6528 http fetch GET 200 https://registry.npmjs.org/@jridgewell/sourcemap-codec/-/sourcemap-codec-1.5.5.tgz 13914ms (cache miss)
6529 http fetch GET 200 https://registry.npmjs.org/yargs/-/yargs-18.0.0.tgz 13996ms (cache miss)
6530 http fetch GET 200 https://registry.npmjs.org/pacote/-/pacote-21.0.4.tgz 14022ms (cache miss)
6531 http fetch GET 200 https://registry.npmjs.org/resolve/-/resolve-1.22.10.tgz 14034ms (cache miss)
6532 http fetch GET 200 https://registry.npmjs.org/npm-package-arg/-/npm-package-arg-13.0.0.tgz 14076ms (cache miss)
6533 http fetch GET 200 https://registry.npmjs.org/ini/-/ini-5.0.0.tgz 14076ms (cache miss)
6534 http fetch GET 200 https://registry.npmjs.org/algoliasearch/-/algoliasearch-5.35.0.tgz 14146ms (cache miss)
6535 http fetch GET 200 https://registry.npmjs.org/@yarnpkg/lockfile/-/lockfile-1.1.0.tgz 14206ms (cache miss)
6536 http fetch GET 200 https://registry.npmjs.org/@inquirer/prompts/-/prompts-7.8.2.tgz 14332ms (cache miss)
6537 http fetch GET 200 https://registry.npmjs.org/ajv-formats/-/ajv-formats-3.0.1.tgz 14360ms (cache miss)
6538 http fetch GET 200 https://registry.npmjs.org/source-map/-/source-map-0.7.6.tgz 14390ms (cache miss)
6539 http fetch GET 200 https://registry.npmjs.org/zod/-/zod-4.1.13.tgz 14397ms (cache miss)
6540 http fetch GET 200 https://registry.npmjs.org/@angular-devkit/schematics/-/schematics-20.3.28.tgz 14426ms (cache miss)
6541 http fetch GET 200 https://registry.npmjs.org/ajv/-/ajv-8.18.0.tgz 14471ms (cache miss)
6542 http fetch GET 200 https://registry.npmjs.org/@jridgewell/gen-mapping/-/gen-mapping-0.3.13.tgz 14523ms (cache miss)
6543 http fetch GET 200 https://registry.npmjs.org/@jridgewell/trace-mapping/-/trace-mapping-0.3.31.tgz 14589ms (cache miss)
6544 http fetch GET 200 https://registry.npmjs.org/watchpack/-/watchpack-2.4.4.tgz 14593ms (cache miss)
6545 http fetch GET 200 https://registry.npmjs.org/tinyglobby/-/tinyglobby-0.2.14.tgz 14605ms (cache miss)
6546 http fetch GET 200 https://registry.npmjs.org/source-map-support/-/source-map-support-0.5.21.tgz 14605ms (cache miss)
6547 http fetch GET 200 https://registry.npmjs.org/@angular-devkit/core/-/core-20.3.28.tgz 14616ms (cache miss)
6548 http fetch GET 200 https://registry.npmjs.org/semver/-/semver-7.7.2.tgz 14690ms (cache miss)
6549 http fetch GET 200 https://registry.npmjs.org/parse5-html-rewriting-stream/-/parse5-html-rewriting-stream-8.0.0.tgz 14772ms (cache miss)
6550 http fetch GET 200 https://registry.npmjs.org/picomatch/-/picomatch-4.0.4.tgz 14886ms (cache miss)
6551 http fetch GET 200 https://registry.npmjs.org/mrmime/-/mrmime-2.0.1.tgz 14940ms (cache miss)
6552 http fetch GET 200 https://registry.npmjs.org/magic-string/-/magic-string-0.30.17.tgz 14962ms (cache miss)
6553 http fetch GET 200 https://registry.npmjs.org/@modelcontextprotocol/sdk/-/sdk-1.26.0.tgz 14970ms (cache miss)
6554 http fetch GET 200 https://registry.npmjs.org/piscina/-/piscina-5.1.3.tgz 14970ms (cache miss)
6555 http fetch GET 200 https://registry.npmjs.org/rollup/-/rollup-4.59.0.tgz 15083ms (cache miss)
6556 http fetch GET 200 https://registry.npmjs.org/istanbul-lib-instrument/-/istanbul-lib-instrument-6.0.3.tgz 15111ms (cache miss)
6557 http fetch GET 200 https://registry.npmjs.org/@inquirer/ansi/-/ansi-1.0.2.tgz 15207ms (cache miss)
6558 http fetch GET 200 https://registry.npmjs.org/https-proxy-agent/-/https-proxy-agent-7.0.6.tgz 15204ms (cache miss)
6559 http fetch GET 200 https://registry.npmjs.org/listr2/-/listr2-9.0.1.tgz 15209ms (cache miss)
6560 http fetch GET 200 https://registry.npmjs.org/jsonc-parser/-/jsonc-parser-3.3.1.tgz 15215ms (cache miss)
6561 http fetch GET 200 https://registry.npmjs.org/@schematics/angular/-/angular-20.3.28.tgz 15265ms (cache miss)
6562 http fetch GET 200 https://registry.npmjs.org/esbuild/-/esbuild-0.28.0.tgz 15293ms (cache miss)
6563 http fetch GET 200 https://registry.npmjs.org/beasties/-/beasties-0.3.5.tgz 15296ms (cache miss)
6564 http fetch GET 200 https://registry.npmjs.org/@babel/helper-annotate-as-pure/-/helper-annotate-as-pure-7.27.3.tgz 15498ms (cache miss)
6565 http fetch GET 200 https://registry.npmjs.org/@babel/helper-split-export-declaration/-/helper-split-export-declaration-7.24.7.tgz 15514ms (cache miss)
6566 http fetch GET 200 https://registry.npmjs.org/@inquirer/confirm/-/confirm-5.1.14.tgz 15518ms (cache miss)
6567 http fetch GET 200 https://registry.npmjs.org/vite/-/vite-7.3.2.tgz 15553ms (cache miss)
6568 http fetch GET 200 https://registry.npmjs.org/lmdb/-/lmdb-3.4.2.tgz 15628ms (cache miss)
6569 http fetch GET 200 https://registry.npmjs.org/@algolia/client-common/-/client-common-5.35.0.tgz 15715ms (cache miss)
6570 http fetch GET 200 https://registry.npmjs.org/@babel/core/-/core-7.28.3.tgz 15708ms (cache miss)
6571 http fetch GET 200 https://registry.npmjs.org/@angular-devkit/architect/-/architect-0.2003.28.tgz 15866ms (cache miss)
6572 http fetch GET 200 https://registry.npmjs.org/@vitejs/plugin-basic-ssl/-/plugin-basic-ssl-2.1.0.tgz 15906ms (cache miss)
6573 http fetch GET 200 https://registry.npmjs.org/lint-staged/-/lint-staged-16.4.0.tgz 16080ms (cache miss)
6574 http fetch GET 200 https://registry.npmjs.org/karma-jasmine-html-reporter/-/karma-jasmine-html-reporter-2.1.0.tgz 16090ms (cache miss)
6575 http fetch GET 200 https://registry.npmjs.org/karma-jasmine/-/karma-jasmine-5.1.0.tgz 16089ms (cache miss)
6576 http fetch GET 200 https://registry.npmjs.org/browserslist/-/browserslist-4.28.2.tgz 16102ms (cache miss)
6577 http fetch GET 200 https://registry.npmjs.org/karma-coverage/-/karma-coverage-2.2.1.tgz 16156ms (cache miss)
6578 http fetch GET 200 https://registry.npmjs.org/karma-chrome-launcher/-/karma-chrome-launcher-3.2.0.tgz 16177ms (cache miss)
6579 http fetch GET 200 https://registry.npmjs.org/jasmine-core/-/jasmine-core-5.9.0.tgz 16261ms (cache miss)
6580 http fetch GET 200 https://registry.npmjs.org/eslint-config-prettier/-/eslint-config-prettier-10.1.8.tgz 16270ms (cache miss)
6581 http fetch GET 200 https://registry.npmjs.org/@types/jasmine/-/jasmine-5.1.15.tgz 16393ms (cache miss)
6582 http fetch GET 200 https://registry.npmjs.org/husky/-/husky-9.1.7.tgz 16423ms (cache miss)
6583 http fetch GET 200 https://registry.npmjs.org/angular-eslint/-/angular-eslint-21.0.1.tgz 16435ms (cache miss)
6584 http fetch GET 200 https://registry.npmjs.org/zone.js/-/zone.js-0.15.1.tgz 16540ms (cache miss)
6585 http fetch GET 200 https://registry.npmjs.org/@algolia/requester-fetch/-/requester-fetch-5.35.0.tgz 16567ms (cache miss)
6586 http fetch GET 200 https://registry.npmjs.org/karma/-/karma-6.4.4.tgz 16570ms (cache miss)
6587 http fetch GET 200 https://registry.npmjs.org/sass/-/sass-1.90.0.tgz 16590ms (cache miss)
6588 http fetch GET 200 https://registry.npmjs.org/@commitlint/config-conventional/-/config-conventional-21.0.2.tgz 16701ms (cache miss)
6589 http fetch GET 200 https://registry.npmjs.org/@angular/router/-/router-20.3.25.tgz 16743ms (cache miss)
6590 http fetch GET 200 https://registry.npmjs.org/@angular/platform-browser/-/platform-browser-20.3.25.tgz 16924ms (cache miss)
6591 http fetch GET 200 https://registry.npmjs.org/@angular/cli/-/cli-20.3.28.tgz 17150ms (cache miss)
6592 http fetch GET 200 https://registry.npmjs.org/@angular/forms/-/forms-20.3.25.tgz 17376ms (cache miss)
6593 http fetch GET 200 https://registry.npmjs.org/prettier/-/prettier-3.8.4.tgz 17493ms (cache miss)
6594 http fetch GET 200 https://registry.npmjs.org/@ampproject/remapping/-/remapping-2.3.0.tgz 17682ms (cache miss)
6595 http fetch GET 200 https://registry.npmjs.org/@babel/helper-string-parser/-/helper-string-parser-7.29.7.tgz 17697ms (cache miss)
6596 http fetch GET 200 https://registry.npmjs.org/@angular/common/-/common-20.3.25.tgz 17764ms (cache miss)
6597 http fetch GET 200 https://registry.npmjs.org/tslib/-/tslib-2.8.1.tgz 17808ms (cache miss)
6598 http fetch GET 200 https://registry.npmjs.org/glob-parent/-/glob-parent-5.1.2.tgz 18165ms (cache miss)
6599 http fetch GET 200 https://registry.npmjs.org/rxjs/-/rxjs-7.8.2.tgz 18204ms (cache miss)
6600 http fetch GET 200 https://registry.npmjs.org/@angular/build/-/build-20.3.28.tgz 18255ms (cache miss)
6601 http fetch GET 200 https://registry.npmjs.org/eslint/-/eslint-9.39.4.tgz 18284ms (cache miss)
6602 http fetch GET 200 https://registry.npmjs.org/punycode/-/punycode-2.3.1.tgz 18308ms (cache miss)
6603 http fetch GET 200 https://registry.npmjs.org/@inquirer/editor/-/editor-4.2.23.tgz 18406ms (cache miss)
6604 http fetch GET 200 https://registry.npmjs.org/@angular/compiler/-/compiler-20.3.25.tgz 18418ms (cache miss)
6605 http fetch GET 200 https://registry.npmjs.org/ansi-styles/-/ansi-styles-6.2.3.tgz 18482ms (cache miss)
6606 http fetch GET 200 https://registry.npmjs.org/balanced-match/-/balanced-match-1.0.2.tgz 18482ms (cache miss)
6607 http fetch GET 200 https://registry.npmjs.org/wrap-ansi/-/wrap-ansi-9.0.2.tgz 18526ms (cache miss)
6608 http fetch GET 200 https://registry.npmjs.org/brace-expansion/-/brace-expansion-2.1.1.tgz 18580ms (cache miss)
6609 http fetch GET 200 https://registry.npmjs.org/eslint-visitor-keys/-/eslint-visitor-keys-4.2.1.tgz 18589ms (cache miss)
6610 http fetch GET 200 https://registry.npmjs.org/@angular/compiler-cli/-/compiler-cli-20.3.25.tgz 18611ms (cache miss)
6611 http fetch GET 200 https://registry.npmjs.org/@typescript-eslint/project-service/-/project-service-8.46.4.tgz 18785ms (cache miss)
6612 http fetch GET 200 https://registry.npmjs.org/minimatch/-/minimatch-9.0.9.tgz 18785ms (cache miss)
6613 http fetch GET 200 https://registry.npmjs.org/@typescript-eslint/tsconfig-utils/-/tsconfig-utils-8.46.4.tgz 18889ms (cache miss)
6614 http fetch GET 200 https://registry.npmjs.org/@angular/core/-/core-20.3.25.tgz 18914ms (cache miss)
6615 http fetch GET 200 https://registry.npmjs.org/balanced-match/-/balanced-match-1.0.2.tgz 19001ms (cache miss)
6616 http fetch GET 200 https://registry.npmjs.org/@typescript-eslint/visitor-keys/-/visitor-keys-8.46.4.tgz 19013ms (cache miss)
6617 http fetch GET 200 https://registry.npmjs.org/brace-expansion/-/brace-expansion-2.1.1.tgz 19116ms (cache miss)
6618 http fetch GET 200 https://registry.npmjs.org/@typescript-eslint/scope-manager/-/scope-manager-8.46.4.tgz 19118ms (cache miss)
6619 http fetch GET 200 https://registry.npmjs.org/@typescript-eslint/utils/-/utils-8.46.4.tgz 19117ms (cache miss)
6620 http fetch GET 200 https://registry.npmjs.org/@typescript-eslint/typescript-estree/-/typescript-estree-8.46.4.tgz 19164ms (cache miss)
6621 http fetch GET 200 https://registry.npmjs.org/eslint-visitor-keys/-/eslint-visitor-keys-4.2.1.tgz 19170ms (cache miss)
6622 http fetch GET 200 https://registry.npmjs.org/picomatch/-/picomatch-2.3.2.tgz 19227ms (cache miss)
6623 http fetch GET 200 https://registry.npmjs.org/@typescript-eslint/visitor-keys/-/visitor-keys-8.46.4.tgz 19246ms (cache miss)
6624 http fetch GET 200 https://registry.npmjs.org/@typescript-eslint/tsconfig-utils/-/tsconfig-utils-8.46.4.tgz 19247ms (cache miss)
6625 http fetch GET 200 https://registry.npmjs.org/@typescript-eslint/types/-/types-8.46.4.tgz 19277ms (cache miss)
6626 http fetch GET 200 https://registry.npmjs.org/balanced-match/-/balanced-match-1.0.2.tgz 19293ms (cache miss)
6627 http fetch GET 200 https://registry.npmjs.org/@typescript-eslint/types/-/types-8.46.4.tgz 19319ms (cache miss)
6628 http fetch GET 200 https://registry.npmjs.org/@typescript-eslint/project-service/-/project-service-8.46.4.tgz 19368ms (cache miss)
6629 http fetch GET 200 https://registry.npmjs.org/@listr2/prompt-adapter-inquirer/-/prompt-adapter-inquirer-3.0.1.tgz 19376ms (cache miss)
6630 http fetch GET 200 https://registry.npmjs.org/minimatch/-/minimatch-9.0.9.tgz 19370ms (cache miss)
6631 http fetch GET 200 https://registry.npmjs.org/eslint-visitor-keys/-/eslint-visitor-keys-4.2.1.tgz 19381ms (cache miss)
6632 http fetch GET 200 https://registry.npmjs.org/@typescript-eslint/scope-manager/-/scope-manager-8.46.4.tgz 19389ms (cache miss)
6633 http fetch GET 200 https://registry.npmjs.org/@typescript-eslint/typescript-estree/-/typescript-estree-8.46.4.tgz 19446ms (cache miss)
6634 http fetch GET 200 https://registry.npmjs.org/@typescript-eslint/project-service/-/project-service-8.46.4.tgz 19484ms (cache miss)
6635 http fetch GET 200 https://registry.npmjs.org/minimatch/-/minimatch-9.0.9.tgz 19486ms (cache miss)
6636 http fetch GET 200 https://registry.npmjs.org/@typescript-eslint/tsconfig-utils/-/tsconfig-utils-8.46.4.tgz 19562ms (cache miss)
6637 http fetch GET 200 https://registry.npmjs.org/lru-cache/-/lru-cache-11.5.1.tgz 19571ms (cache miss)
6638 http fetch GET 200 https://registry.npmjs.org/@typescript-eslint/types/-/types-8.46.4.tgz 19577ms (cache miss)
6639 http fetch GET 200 https://registry.npmjs.org/brace-expansion/-/brace-expansion-2.1.1.tgz 19584ms (cache miss)
6640 http fetch GET 200 https://registry.npmjs.org/@typescript-eslint/visitor-keys/-/visitor-keys-8.46.4.tgz 19608ms (cache miss)
6641 http fetch GET 200 https://registry.npmjs.org/mime-types/-/mime-types-2.1.35.tgz 19618ms (cache miss)
6642 http fetch GET 200 https://registry.npmjs.org/@typescript-eslint/typescript-estree/-/typescript-estree-8.46.4.tgz 19620ms (cache miss)
6643 http fetch GET 200 https://registry.npmjs.org/negotiator/-/negotiator-0.6.3.tgz 19660ms (cache miss)
6644 http fetch GET 200 https://registry.npmjs.org/accepts/-/accepts-1.3.8.tgz 19676ms (cache miss)
6645 http fetch GET 200 https://registry.npmjs.org/gensync/-/gensync-1.0.0-beta.2.tgz 19687ms (cache miss)
6646 http fetch GET 200 https://registry.npmjs.org/@typescript-eslint/scope-manager/-/scope-manager-8.46.4.tgz 19700ms (cache miss)
6647 http fetch GET 200 https://registry.npmjs.org/proc-log/-/proc-log-6.1.0.tgz 19733ms (cache miss)
6648 http fetch GET 200 https://registry.npmjs.org/@typescript-eslint/utils/-/utils-8.46.4.tgz 19736ms (cache miss)
6649 http fetch GET 200 https://registry.npmjs.org/picomatch/-/picomatch-2.3.2.tgz 19814ms (cache miss)
6650 http fetch GET 200 https://registry.npmjs.org/node-addon-api/-/node-addon-api-7.1.1.tgz 19812ms (cache miss)
6651 http fetch GET 200 https://registry.npmjs.org/entities/-/entities-8.0.0.tgz 19812ms (cache miss)
6652 http fetch GET 200 https://registry.npmjs.org/minipass/-/minipass-3.3.6.tgz 19821ms (cache miss)
6653 http fetch GET 200 https://registry.npmjs.org/proc-log/-/proc-log-6.1.0.tgz 19850ms (cache miss)
6654 http fetch GET 200 https://registry.npmjs.org/yallist/-/yallist-4.0.0.tgz 19871ms (cache miss)
6655 http fetch GET 200 https://registry.npmjs.org/mime-db/-/mime-db-1.52.0.tgz 19873ms (cache miss)
6656 http fetch GET 200 https://registry.npmjs.org/minipass/-/minipass-3.3.6.tgz 19925ms (cache miss)
6657 http fetch GET 200 https://registry.npmjs.org/proc-log/-/proc-log-6.1.0.tgz 19943ms (cache miss)
6658 http fetch GET 200 https://registry.npmjs.org/which/-/which-6.0.1.tgz 19943ms (cache miss)
6659 http fetch GET 200 https://registry.npmjs.org/proc-log/-/proc-log-6.1.0.tgz 19971ms (cache miss)
6660 http fetch GET 200 https://registry.npmjs.org/yallist/-/yallist-5.0.0.tgz 19976ms (cache miss)
6661 http fetch GET 200 https://registry.npmjs.org/proc-log/-/proc-log-6.1.0.tgz 20016ms (cache miss)
6662 http fetch GET 200 https://registry.npmjs.org/isexe/-/isexe-4.0.0.tgz 20019ms (cache miss)
6663 http fetch GET 200 https://registry.npmjs.org/proc-log/-/proc-log-6.1.0.tgz 20100ms (cache miss)
6664 http fetch GET 200 https://registry.npmjs.org/isexe/-/isexe-4.0.0.tgz 20143ms (cache miss)
6665 http fetch GET 200 https://registry.npmjs.org/proc-log/-/proc-log-6.1.0.tgz 20150ms (cache miss)
6666 http fetch GET 200 https://registry.npmjs.org/isexe/-/isexe-4.0.0.tgz 20201ms (cache miss)
6667 http fetch GET 200 https://registry.npmjs.org/which/-/which-6.0.1.tgz 20249ms (cache miss)
6668 http fetch GET 200 https://registry.npmjs.org/ini/-/ini-6.0.0.tgz 20267ms (cache miss)
6669 http fetch GET 200 https://registry.npmjs.org/proc-log/-/proc-log-6.1.0.tgz 20479ms (cache miss)
6670 http fetch GET 200 https://registry.npmjs.org/chalk/-/chalk-5.6.2.tgz 20482ms (cache miss)
6671 http fetch GET 200 https://registry.npmjs.org/which/-/which-6.0.1.tgz 20552ms (cache miss)
6672 http fetch GET 200 https://registry.npmjs.org/is-fullwidth-code-point/-/is-fullwidth-code-point-5.1.0.tgz 20625ms (cache miss)
6673 http fetch GET 200 https://registry.npmjs.org/ansi-styles/-/ansi-styles-6.2.3.tgz 20631ms (cache miss)
6674 http fetch GET 200 https://registry.npmjs.org/glob/-/glob-13.0.6.tgz 20634ms (cache miss)
6675 http fetch GET 200 https://registry.npmjs.org/slice-ansi/-/slice-ansi-7.1.2.tgz 20764ms (cache miss)
6676 http fetch GET 200 https://registry.npmjs.org/is-unicode-supported/-/is-unicode-supported-1.3.0.tgz 20764ms (cache miss)
6677 http fetch GET 200 https://registry.npmjs.org/ansi-styles/-/ansi-styles-6.2.3.tgz 20831ms (cache miss)
6678 http fetch GET 200 https://registry.npmjs.org/lru-cache/-/lru-cache-11.5.1.tgz 20865ms (cache miss)
6679 http fetch GET 200 https://registry.npmjs.org/wrap-ansi/-/wrap-ansi-9.0.2.tgz 20870ms (cache miss)
6680 http fetch GET 200 https://registry.npmjs.org/mime-db/-/mime-db-1.52.0.tgz 20895ms (cache miss)
6681 http fetch GET 200 https://registry.npmjs.org/glob/-/glob-13.0.6.tgz 20937ms (cache miss)
6682 http fetch GET 200 https://registry.npmjs.org/negotiator/-/negotiator-0.6.3.tgz 21021ms (cache miss)
6683 http fetch GET 200 https://registry.npmjs.org/mime-types/-/mime-types-2.1.35.tgz 21044ms (cache miss)
6684 http fetch GET 200 https://registry.npmjs.org/typescript/-/typescript-5.9.3.tgz 21111ms (cache miss)
6685 http fetch GET 200 https://registry.npmjs.org/accepts/-/accepts-1.3.8.tgz 21134ms (cache miss)
6686 http fetch GET 200 https://registry.npmjs.org/balanced-match/-/balanced-match-1.0.2.tgz 21154ms (cache miss)
6687 http fetch GET 200 https://registry.npmjs.org/minimatch/-/minimatch-3.1.5.tgz 21163ms (cache miss)
6688 http fetch GET 200 https://registry.npmjs.org/brace-expansion/-/brace-expansion-1.1.15.tgz 21197ms (cache miss)
6689 http fetch GET 200 https://registry.npmjs.org/source-map/-/source-map-0.6.1.tgz 21197ms (cache miss)
6690 http fetch GET 200 https://registry.npmjs.org/statuses/-/statuses-1.5.0.tgz 21214ms (cache miss)
6691 http fetch GET 200 https://registry.npmjs.org/encodeurl/-/encodeurl-1.0.2.tgz 21237ms (cache miss)
6692 http fetch GET 200 https://registry.npmjs.org/on-finished/-/on-finished-2.3.0.tgz 21244ms (cache miss)
6693 http fetch GET 200 https://registry.npmjs.org/finalhandler/-/finalhandler-1.1.2.tgz 21349ms (cache miss)
6694 http fetch GET 200 https://registry.npmjs.org/ms/-/ms-2.0.0.tgz 21352ms (cache miss)
6695 http fetch GET 200 https://registry.npmjs.org/content-type/-/content-type-2.0.0.tgz 21394ms (cache miss)
6696 http fetch GET 200 https://registry.npmjs.org/balanced-match/-/balanced-match-1.0.2.tgz 21394ms (cache miss)
6697 http fetch GET 200 https://registry.npmjs.org/debug/-/debug-2.6.9.tgz 21411ms (cache miss)
6698 http fetch GET 200 https://registry.npmjs.org/minimatch/-/minimatch-3.1.5.tgz 21411ms (cache miss)
6699 http fetch GET 200 https://registry.npmjs.org/json-schema-traverse/-/json-schema-traverse-0.4.1.tgz 21411ms (cache miss)
6700 http fetch GET 200 https://registry.npmjs.org/lru-cache/-/lru-cache-11.5.1.tgz 21423ms (cache miss)
6701 http fetch GET 200 https://registry.npmjs.org/eslint-visitor-keys/-/eslint-visitor-keys-4.2.1.tgz 21430ms (cache miss)
6702 http fetch GET 200 https://registry.npmjs.org/typescript-eslint/-/typescript-eslint-8.46.4.tgz 21454ms (cache miss)
6703 http fetch GET 200 https://registry.npmjs.org/brace-expansion/-/brace-expansion-1.1.15.tgz 21448ms (cache miss)
6704 http fetch GET 200 https://registry.npmjs.org/ignore/-/ignore-5.3.2.tgz 21494ms (cache miss)
6705 http fetch GET 200 https://registry.npmjs.org/lru-cache/-/lru-cache-11.5.1.tgz 21503ms (cache miss)
6706 http fetch GET 200 https://registry.npmjs.org/balanced-match/-/balanced-match-1.0.2.tgz 21505ms (cache miss)
6707 http fetch GET 200 https://registry.npmjs.org/brace-expansion/-/brace-expansion-1.1.15.tgz 21506ms (cache miss)
6708 http fetch GET 200 https://registry.npmjs.org/json-parse-even-better-errors/-/json-parse-even-better-errors-2.3.1.tgz 21515ms (cache miss)
6709 http fetch GET 200 https://registry.npmjs.org/resolve-from/-/resolve-from-4.0.0.tgz 21515ms (cache miss)
6710 http fetch GET 200 https://registry.npmjs.org/minimatch/-/minimatch-3.1.5.tgz 21542ms (cache miss)
6711 http fetch GET 200 https://registry.npmjs.org/stdin-discarder/-/stdin-discarder-0.3.2.tgz 21541ms (cache miss)
6712 http fetch GET 200 https://registry.npmjs.org/eslint-visitor-keys/-/eslint-visitor-keys-5.0.1.tgz 21593ms (cache miss)
6713 http fetch GET 200 https://registry.npmjs.org/ora/-/ora-9.3.0.tgz 21650ms (cache miss)
6714 http fetch GET 200 https://registry.npmjs.org/log-symbols/-/log-symbols-7.0.1.tgz 21659ms (cache miss)
6715 http fetch GET 200 https://registry.npmjs.org/readdirp/-/readdirp-5.0.0.tgz 21659ms (cache miss)
6716 http fetch GET 200 https://registry.npmjs.org/string-width/-/string-width-8.2.1.tgz 21665ms (cache miss)
6717 http fetch GET 200 https://registry.npmjs.org/chalk/-/chalk-5.6.2.tgz 21667ms (cache miss)
6718 http fetch GET 200 https://registry.npmjs.org/tinyglobby/-/tinyglobby-0.2.17.tgz 21668ms (cache miss)
6719 http fetch GET 200 https://registry.npmjs.org/semver/-/semver-7.7.3.tgz 21675ms (cache miss)
6720 http fetch GET 200 https://registry.npmjs.org/ajv/-/ajv-6.15.0.tgz 21677ms (cache miss)
6721 http fetch GET 200 https://registry.npmjs.org/chokidar/-/chokidar-5.0.0.tgz 21681ms (cache miss)
6722 http fetch GET 200 https://registry.npmjs.org/entities/-/entities-7.0.1.tgz 21748ms (cache miss)
6723 http fetch GET 200 https://registry.npmjs.org/readdirp/-/readdirp-5.0.0.tgz 21769ms (cache miss)
6724 http fetch GET 200 https://registry.npmjs.org/magic-string/-/magic-string-0.30.21.tgz 21785ms (cache miss)
6725 http fetch GET 200 https://registry.npmjs.org/strip-ansi/-/strip-ansi-6.0.1.tgz 21805ms (cache miss)
6726 http fetch GET 200 https://registry.npmjs.org/string-width/-/string-width-4.2.3.tgz 21806ms (cache miss)
6727 http fetch GET 200 https://registry.npmjs.org/chokidar/-/chokidar-5.0.0.tgz 21809ms (cache miss)
6728 http fetch GET 200 https://registry.npmjs.org/@commitlint/cli/-/cli-21.0.2.tgz 21819ms (cache miss)
6729 http fetch GET 200 https://registry.npmjs.org/is-fullwidth-code-point/-/is-fullwidth-code-point-3.0.0.tgz 21809ms (cache miss)
6730 http fetch GET 200 https://registry.npmjs.org/ansi-regex/-/ansi-regex-5.0.1.tgz 21841ms (cache miss)
6731 http fetch GET 200 https://registry.npmjs.org/emoji-regex/-/emoji-regex-8.0.0.tgz 21883ms (cache miss)
6732 http fetch GET 200 https://registry.npmjs.org/ini/-/ini-6.0.0.tgz 21885ms (cache miss)
6733 http fetch GET 200 https://registry.npmjs.org/chalk/-/chalk-5.6.2.tgz 21885ms (cache miss)
6734 http fetch GET 200 https://registry.npmjs.org/lru-cache/-/lru-cache-11.5.1.tgz 21889ms (cache miss)
6735 http fetch GET 200 https://registry.npmjs.org/proc-log/-/proc-log-6.1.0.tgz 21886ms (cache miss)
6736 http fetch GET 200 https://registry.npmjs.org/@angular-devkit/core/-/core-21.2.15.tgz 21888ms (cache miss)
6737 http fetch GET 200 https://registry.npmjs.org/ansi-styles/-/ansi-styles-6.2.3.tgz 21996ms (cache miss)
6738 http fetch GET 200 https://registry.npmjs.org/source-map/-/source-map-0.6.1.tgz 21998ms (cache miss)
6739 http fetch GET 200 https://registry.npmjs.org/wrap-ansi/-/wrap-ansi-9.0.2.tgz 22000ms (cache miss)
6740 http fetch GET 200 https://registry.npmjs.org/@types/estree/-/estree-1.0.8.tgz 22001ms (cache miss)
6741 http fetch GET 200 https://registry.npmjs.org/@angular-devkit/architect/-/architect-0.2102.15.tgz 22003ms (cache miss)
6742 http fetch GET 200 https://registry.npmjs.org/tinyglobby/-/tinyglobby-0.2.17.tgz 22031ms (cache miss)
6743 http fetch GET 200 https://registry.npmjs.org/@angular-devkit/core/-/core-21.2.15.tgz 22036ms (cache miss)
6744 http fetch GET 200 https://registry.npmjs.org/convert-source-map/-/convert-source-map-2.0.0.tgz 22036ms (cache miss)
6745 http fetch GET 200 https://registry.npmjs.org/eventemitter3/-/eventemitter3-5.0.4.tgz 22049ms (cache miss)
6746 http fetch GET 200 https://registry.npmjs.org/slice-ansi/-/slice-ansi-8.0.0.tgz 22067ms (cache miss)
6747 http fetch GET 200 https://registry.npmjs.org/cli-spinners/-/cli-spinners-3.4.0.tgz 22067ms (cache miss)
6748 http fetch GET 200 https://registry.npmjs.org/eventemitter3/-/eventemitter3-5.0.4.tgz 22077ms (cache miss)
6749 http fetch GET 200 https://registry.npmjs.org/wrap-ansi/-/wrap-ansi-9.0.2.tgz 22103ms (cache miss)
6750 http fetch GET 200 https://registry.npmjs.org/entities/-/entities-6.0.1.tgz 22105ms (cache miss)
6751 http fetch GET 200 https://registry.npmjs.org/listr2/-/listr2-9.0.5.tgz 22107ms (cache miss)
6752 http fetch GET 200 https://registry.npmjs.org/ansi-styles/-/ansi-styles-6.2.3.tgz 22109ms (cache miss)
6753 http fetch GET 200 https://registry.npmjs.org/brace-expansion/-/brace-expansion-1.1.15.tgz 22126ms (cache miss)
6754 http fetch GET 200 https://registry.npmjs.org/istanbul-lib-instrument/-/istanbul-lib-instrument-5.2.1.tgz 22127ms (cache miss)
6755 http fetch GET 200 https://registry.npmjs.org/balanced-match/-/balanced-match-1.0.2.tgz 22150ms (cache miss)
6756 http fetch GET 200 https://registry.npmjs.org/cli-truncate/-/cli-truncate-5.2.0.tgz 22166ms (cache miss)
6757 http fetch GET 200 https://registry.npmjs.org/emoji-regex/-/emoji-regex-8.0.0.tgz 22170ms (cache miss)
6758 http fetch GET 200 https://registry.npmjs.org/which/-/which-1.3.1.tgz 22183ms (cache miss)
6759 http fetch GET 200 https://registry.npmjs.org/string-width/-/string-width-8.2.1.tgz 22183ms (cache miss)
6760 http fetch GET 200 https://registry.npmjs.org/esbuild/-/esbuild-0.27.7.tgz 22202ms (cache miss)
6761 http fetch GET 200 https://registry.npmjs.org/is-fullwidth-code-point/-/is-fullwidth-code-point-5.1.0.tgz 22252ms (cache miss)
6762 http fetch GET 200 https://registry.npmjs.org/ansi-regex/-/ansi-regex-5.0.1.tgz 22251ms (cache miss)
6763 http fetch GET 200 https://registry.npmjs.org/is-fullwidth-code-point/-/is-fullwidth-code-point-3.0.0.tgz 22251ms (cache miss)
6764 http fetch GET 200 https://registry.npmjs.org/string-width/-/string-width-4.2.3.tgz 22251ms (cache miss)
6765 http fetch GET 200 https://registry.npmjs.org/wrap-ansi/-/wrap-ansi-7.0.0.tgz 22252ms (cache miss)
6766 http fetch GET 200 https://registry.npmjs.org/strip-ansi/-/strip-ansi-6.0.1.tgz 22269ms (cache miss)
6767 http fetch GET 200 https://registry.npmjs.org/media-typer/-/media-typer-0.3.0.tgz 22305ms (cache miss)
6768 http fetch GET 200 https://registry.npmjs.org/cliui/-/cliui-7.0.4.tgz 22305ms (cache miss)
6769 http fetch GET 200 https://registry.npmjs.org/mime-types/-/mime-types-2.1.35.tgz 22309ms (cache miss)
6770 http fetch GET 200 https://registry.npmjs.org/jasmine-core/-/jasmine-core-4.6.1.tgz 22325ms (cache miss)
6771 http fetch GET 200 https://registry.npmjs.org/balanced-match/-/balanced-match-1.0.2.tgz 22351ms (cache miss)
6772 http fetch GET 200 https://registry.npmjs.org/minimatch/-/minimatch-3.1.5.tgz 22362ms (cache miss)
6773 http fetch GET 200 https://registry.npmjs.org/ms/-/ms-2.0.0.tgz 22387ms (cache miss)
6774 http fetch GET 200 https://registry.npmjs.org/mime-db/-/mime-db-1.52.0.tgz 22389ms (cache miss)
6775 http fetch GET 200 https://registry.npmjs.org/readdirp/-/readdirp-3.6.0.tgz 22389ms (cache miss)
6776 http fetch GET 200 https://registry.npmjs.org/type-is/-/type-is-1.6.18.tgz 22392ms (cache miss)
6777 http fetch GET 200 https://registry.npmjs.org/yargs-parser/-/yargs-parser-20.2.9.tgz 22393ms (cache miss)
6778 http fetch GET 200 https://registry.npmjs.org/brace-expansion/-/brace-expansion-1.1.15.tgz 22398ms (cache miss)
6779 http fetch GET 200 https://registry.npmjs.org/raw-body/-/raw-body-2.5.3.tgz 22420ms (cache miss)
6780 http fetch GET 200 https://registry.npmjs.org/glob-parent/-/glob-parent-5.1.2.tgz 22463ms (cache miss)
6781 http fetch GET 200 https://registry.npmjs.org/minimatch/-/minimatch-3.1.5.tgz 22475ms (cache miss)
6782 http fetch GET 200 https://registry.npmjs.org/source-map/-/source-map-0.6.1.tgz 22531ms (cache miss)
6783 http fetch GET 200 https://registry.npmjs.org/debug/-/debug-2.6.9.tgz 22531ms (cache miss)
6784 http fetch GET 200 https://registry.npmjs.org/chokidar/-/chokidar-3.6.0.tgz 22534ms (cache miss)
6785 http fetch GET 200 https://registry.npmjs.org/body-parser/-/body-parser-1.20.5.tgz 22543ms (cache miss)
6786 http fetch GET 200 https://registry.npmjs.org/yargs/-/yargs-16.2.0.tgz 22546ms (cache miss)
6787 http fetch GET 200 https://registry.npmjs.org/balanced-match/-/balanced-match-1.0.2.tgz 22586ms (cache miss)
6788 http fetch GET 200 https://registry.npmjs.org/eslint-visitor-keys/-/eslint-visitor-keys-4.2.1.tgz 22625ms (cache miss)
6789 http fetch GET 200 https://registry.npmjs.org/@typescript-eslint/visitor-keys/-/visitor-keys-8.46.4.tgz 22626ms (cache miss)
6790 http fetch GET 200 https://registry.npmjs.org/@typescript-eslint/project-service/-/project-service-8.46.4.tgz 22626ms (cache miss)
6791 http fetch GET 200 https://registry.npmjs.org/balanced-match/-/balanced-match-1.0.2.tgz 22636ms (cache miss)
6792 http fetch GET 200 https://registry.npmjs.org/brace-expansion/-/brace-expansion-2.1.1.tgz 22652ms (cache miss)
6793 http fetch GET 200 https://registry.npmjs.org/minimatch/-/minimatch-9.0.9.tgz 22688ms (cache miss)
6794 http fetch GET 200 https://registry.npmjs.org/@typescript-eslint/tsconfig-utils/-/tsconfig-utils-8.46.4.tgz 22711ms (cache miss)
6795 http fetch GET 200 https://registry.npmjs.org/@typescript-eslint/utils/-/utils-8.46.4.tgz 22741ms (cache miss)
6796 http fetch GET 200 https://registry.npmjs.org/brace-expansion/-/brace-expansion-1.1.15.tgz 22781ms (cache miss)
6797 http fetch GET 200 https://registry.npmjs.org/eslint-scope/-/eslint-scope-8.4.0.tgz 22841ms (cache miss)
6798 http fetch GET 200 https://registry.npmjs.org/iconv-lite/-/iconv-lite-0.4.24.tgz 22868ms (cache miss)
6799 http fetch GET 200 https://registry.npmjs.org/@typescript-eslint/types/-/types-8.46.4.tgz 22869ms (cache miss)
6800 http fetch GET 200 https://registry.npmjs.org/eslint-visitor-keys/-/eslint-visitor-keys-4.2.1.tgz 22869ms (cache miss)
6801 http fetch GET 200 https://registry.npmjs.org/@typescript-eslint/typescript-estree/-/typescript-estree-8.46.4.tgz 22872ms (cache miss)
6802 http fetch GET 200 https://registry.npmjs.org/@typescript-eslint/scope-manager/-/scope-manager-8.46.4.tgz 22877ms (cache miss)
6803 http fetch GET 200 https://registry.npmjs.org/minimatch/-/minimatch-3.1.5.tgz 22885ms (cache miss)
6804 http fetch GET 200 https://registry.npmjs.org/stdin-discarder/-/stdin-discarder-0.3.2.tgz 22926ms (cache miss)
6805 http fetch GET 200 https://registry.npmjs.org/json-schema-traverse/-/json-schema-traverse-0.4.1.tgz 22967ms (cache miss)
6806 http fetch GET 200 https://registry.npmjs.org/cli-spinners/-/cli-spinners-3.4.0.tgz 22987ms (cache miss)
6807 http fetch GET 200 https://registry.npmjs.org/string-width/-/string-width-8.2.1.tgz 22987ms (cache miss)
6808 http fetch GET 200 https://registry.npmjs.org/log-symbols/-/log-symbols-7.0.1.tgz 22987ms (cache miss)
6809 http fetch GET 200 https://registry.npmjs.org/ajv/-/ajv-6.15.0.tgz 22988ms (cache miss)
6810 http fetch GET 200 https://registry.npmjs.org/chalk/-/chalk-5.6.2.tgz 22988ms (cache miss)
6811 http fetch GET 200 https://registry.npmjs.org/readdirp/-/readdirp-5.0.0.tgz 23034ms (cache miss)
6812 http fetch GET 200 https://registry.npmjs.org/ora/-/ora-9.3.0.tgz 23052ms (cache miss)
6813 http fetch GET 200 https://registry.npmjs.org/magic-string/-/magic-string-0.30.21.tgz 23068ms (cache miss)
6814 http fetch GET 200 https://registry.npmjs.org/ignore/-/ignore-5.3.2.tgz 23069ms (cache miss)
6815 http fetch GET 200 https://registry.npmjs.org/chokidar/-/chokidar-5.0.0.tgz 23093ms (cache miss)
6816 http fetch GET 200 https://registry.npmjs.org/@angular-devkit/core/-/core-21.2.15.tgz 23160ms (cache miss)
6817 http fetch GET 200 https://registry.npmjs.org/@angular-devkit/schematics/-/schematics-21.2.15.tgz 23279ms (cache miss)
6818 http fetch GET 200 https://registry.npmjs.org/semver/-/semver-6.3.1.tgz 23307ms (cache miss)
6819 http fetch GET 200 https://registry.npmjs.org/semver/-/semver-6.3.1.tgz 23373ms (cache miss)
6820 http fetch GET 200 https://registry.npmjs.org/esbuild 23174ms (cache miss)
6821 silly packumentCache corgi:https://registry.npmjs.org/esbuild set size:undefined disposed:false
6822 silly packumentCache corgi:https://registry.npmjs.org/@angular%2fbuild cache-miss
6823 silly packumentCache corgi:https://registry.npmjs.org/vite cache-miss
6824 http fetch GET 200 https://registry.npmjs.org/@angular-devkit/schematics/-/schematics-21.2.15.tgz 23793ms (cache miss)
6825 http fetch GET 200 https://registry.npmjs.org/vite 204ms (cache miss)
6826 silly packumentCache corgi:https://registry.npmjs.org/vite set size:undefined disposed:false
6827 http fetch GET 200 https://registry.npmjs.org/semver/-/semver-7.8.4.tgz 23896ms (cache miss)
6828 http fetch GET 200 https://registry.npmjs.org/@angular%2fbuild 265ms (cache miss)
6829 silly packumentCache corgi:https://registry.npmjs.org/@angular%2fbuild set size:undefined disposed:false
6830 silly packumentCache corgi:https://registry.npmjs.org/@vitejs%2fplugin-basic-ssl cache-miss
6831 http fetch GET 200 https://registry.npmjs.org/picomatch/-/picomatch-2.3.2.tgz 23974ms (cache miss)
6832 http fetch GET 200 https://registry.npmjs.org/@vitejs%2fplugin-basic-ssl 116ms (cache miss)
6833 silly packumentCache corgi:https://registry.npmjs.org/@vitejs%2fplugin-basic-ssl set size:undefined disposed:false
6834 http fetch GET 200 https://registry.npmjs.org/yallist/-/yallist-4.0.0.tgz 24348ms (cache miss)
6835 http fetch GET 200 https://registry.npmjs.org/semver/-/semver-6.3.1.tgz 24674ms (cache miss)
6836 http fetch GET 200 https://registry.npmjs.org/@esbuild/darwin-arm64/-/darwin-arm64-0.27.7.tgz 25518ms (cache miss)
6837 info run @parcel/watcher@2.5.6 install node_modules/@parcel/watcher node scripts/build-from-source.js
6838 info run fsevents@2.3.3 install node_modules/fsevents node-gyp rebuild
6839 info run lmdb@3.4.2 install node_modules/lmdb node-gyp-build-optional-packages
6840 info run msgpackr-extract@3.0.4 install node_modules/msgpackr-extract node-gyp-build-optional-packages
6841 info run @parcel/watcher@2.5.6 install { code: 0, signal: null }
6842 info run msgpackr-extract@3.0.4 install { code: 0, signal: null }
6843 info run lmdb@3.4.2 install { code: 0, signal: null }
6844 info run fsevents@2.3.3 install { code: 1, signal: null }
6845 verbose reify failed optional dependency /Users/juanfranciscomanzanogarcia/Desktop/push-angular/node_modules/fsevents
6846 silly reify mark deleted [
6846 silly reify   '/Users/juanfranciscomanzanogarcia/Desktop/push-angular/node_modules/fsevents'
6846 silly reify ]
6847 info run esbuild@0.28.0 postinstall node_modules/esbuild node install.js
6848 info run esbuild@0.27.7 postinstall node_modules/vite/node_modules/esbuild node install.js
6849 info run esbuild@0.27.7 postinstall { code: 0, signal: null }
6850 info run esbuild@0.28.0 postinstall { code: 0, signal: null }
6851 silly ADD node_modules/require-directory
6852 silly ADD node_modules/binary-extensions
6853 silly ADD node_modules/normalize-path
6854 silly ADD node_modules/is-binary-path
6855 silly ADD node_modules/anymatch
6856 silly ADD node_modules/anymatch/node_modules/picomatch
6857 silly ADD node_modules/destroy
6858 silly ADD node_modules/queue-microtask
6859 silly ADD node_modules/reusify
6860 silly ADD node_modules/run-parallel
6861 silly ADD node_modules/fastq
6862 silly ADD node_modules/@nodelib/fs.scandir
6863 silly ADD node_modules/micromatch
6864 silly ADD node_modules/micromatch/node_modules/picomatch
6865 silly ADD node_modules/merge2
6866 silly ADD node_modules/@nodelib/fs.walk
6867 silly ADD node_modules/@nodelib/fs.stat
6868 silly ADD node_modules/fast-glob
6869 silly ADD node_modules/fast-glob/node_modules/glob-parent
6870 silly ADD node_modules/path-scurry
6871 silly ADD node_modules/path-scurry/node_modules/lru-cache
6872 silly ADD node_modules/uri-js
6873 silly ADD node_modules/uri-js/node_modules/punycode
6874 silly ADD node_modules/fast-json-stable-stringify
6875 silly ADD node_modules/concat-map
6876 silly ADD node_modules/yoctocolors
6877 silly ADD node_modules/yargs-parser
6878 silly ADD node_modules/y18n
6879 silly ADD node_modules/get-caller-file
6880 silly ADD node_modules/cliui
6881 silly ADD node_modules/cliui/node_modules/ansi-styles
6882 silly ADD node_modules/cliui/node_modules/wrap-ansi
6883 silly ADD node_modules/isexe
6884 silly ADD node_modules/glob-to-regexp
6885 silly ADD node_modules/graphemer
6886 silly ADD node_modules/@typescript-eslint/type-utils
6887 silly ADD node_modules/@typescript-eslint/type-utils/node_modules/balanced-match
6888 silly ADD node_modules/@typescript-eslint/type-utils/node_modules/brace-expansion
6889 silly ADD node_modules/@typescript-eslint/type-utils/node_modules/eslint-visitor-keys
6890 silly ADD node_modules/@typescript-eslint/type-utils/node_modules/@typescript-eslint/scope-manager
6891 silly ADD node_modules/@typescript-eslint/type-utils/node_modules/minimatch
6892 silly ADD node_modules/@typescript-eslint/type-utils/node_modules/@typescript-eslint/visitor-keys
6893 silly ADD node_modules/@typescript-eslint/type-utils/node_modules/@typescript-eslint/tsconfig-utils
6894 silly ADD node_modules/@typescript-eslint/type-utils/node_modules/@typescript-eslint/project-service
6895 silly ADD node_modules/@typescript-eslint/type-utils/node_modules/@typescript-eslint/utils
6896 silly ADD node_modules/@typescript-eslint/type-utils/node_modules/@typescript-eslint/typescript-estree
6897 silly ADD node_modules/@typescript-eslint/type-utils/node_modules/@typescript-eslint/types
6898 silly ADD node_modules/@typescript-eslint/parser
6899 silly ADD node_modules/@typescript-eslint/parser/node_modules/balanced-match
6900 silly ADD node_modules/@typescript-eslint/parser/node_modules/brace-expansion
6901 silly ADD node_modules/@typescript-eslint/parser/node_modules/eslint-visitor-keys
6902 silly ADD node_modules/@typescript-eslint/parser/node_modules/minimatch
6903 silly ADD node_modules/@typescript-eslint/parser/node_modules/@typescript-eslint/tsconfig-utils
6904 silly ADD node_modules/@typescript-eslint/parser/node_modules/@typescript-eslint/project-service
6905 silly ADD node_modules/@typescript-eslint/parser/node_modules/@typescript-eslint/visitor-keys
6906 silly ADD node_modules/@typescript-eslint/parser/node_modules/@typescript-eslint/typescript-estree
6907 silly ADD node_modules/@typescript-eslint/parser/node_modules/@typescript-eslint/types
6908 silly ADD node_modules/@typescript-eslint/parser/node_modules/@typescript-eslint/scope-manager
6909 silly ADD node_modules/@typescript-eslint/eslint-plugin
6910 silly ADD node_modules/@typescript-eslint/eslint-plugin/node_modules/balanced-match
6911 silly ADD node_modules/@typescript-eslint/eslint-plugin/node_modules/brace-expansion
6912 silly ADD node_modules/@typescript-eslint/eslint-plugin/node_modules/eslint-visitor-keys
6913 silly ADD node_modules/@typescript-eslint/eslint-plugin/node_modules/minimatch
6914 silly ADD node_modules/@typescript-eslint/eslint-plugin/node_modules/@typescript-eslint/tsconfig-utils
6915 silly ADD node_modules/@typescript-eslint/eslint-plugin/node_modules/@typescript-eslint/project-service
6916 silly ADD node_modules/@typescript-eslint/eslint-plugin/node_modules/@typescript-eslint/typescript-estree
6917 silly ADD node_modules/@typescript-eslint/eslint-plugin/node_modules/@typescript-eslint/types
6918 silly ADD node_modules/@typescript-eslint/eslint-plugin/node_modules/@typescript-eslint/visitor-keys
6919 silly ADD node_modules/@typescript-eslint/eslint-plugin/node_modules/@typescript-eslint/utils
6920 silly ADD node_modules/@typescript-eslint/eslint-plugin/node_modules/@typescript-eslint/scope-manager
6921 silly ADD node_modules/media-typer
6922 silly ADD node_modules/@tufjs/canonical-json
6923 silly ADD node_modules/@tufjs/models
6924 silly ADD node_modules/is-number
6925 silly ADD node_modules/fdir
6926 silly ADD node_modules/chownr
6927 silly ADD node_modules/@isaacs/fs-minipass
6928 silly ADD node_modules/has-flag
6929 silly ADD node_modules/ansi-regex
6930 silly ADD node_modules/get-east-asian-width
6931 silly ADD node_modules/emoji-regex
6932 silly ADD node_modules/universalify
6933 silly ADD node_modules/jsonfile
6934 silly ADD node_modules/fs-extra
6935 silly ADD node_modules/spdx-license-ids
6936 silly ADD node_modules/spdx-exceptions
6937 silly ADD node_modules/buffer-from
6938 silly ADD node_modules/smart-buffer
6939 silly ADD node_modules/socks
6940 silly ADD node_modules/@socket.io/component-emitter
6941 silly ADD node_modules/ws
6942 silly ADD node_modules/engine.io-parser
6943 silly ADD node_modules/@types/ws
6944 silly ADD node_modules/@types/cors
6945 silly ADD node_modules/socket.io-parser
6946 silly ADD node_modules/socket.io-adapter
6947 silly ADD node_modules/engine.io
6948 silly ADD node_modules/engine.io/node_modules/mime-db
6949 silly ADD node_modules/engine.io/node_modules/negotiator
6950 silly ADD node_modules/engine.io/node_modules/mime-types
6951 silly ADD node_modules/engine.io/node_modules/accepts
6952 silly ADD node_modules/base64id
6953 silly ADD node_modules/is-fullwidth-code-point
6954 silly ADD node_modules/tuf-js
6955 silly ADD node_modules/@sigstore/verify
6956 silly ADD node_modules/@sigstore/tuf
6957 silly ADD node_modules/@sigstore/sign
6958 silly ADD node_modules/@sigstore/sign/node_modules/proc-log
6959 silly ADD node_modules/@sigstore/protobuf-specs
6960 silly ADD node_modules/@sigstore/core
6961 silly ADD node_modules/@sigstore/bundle
6962 silly ADD node_modules/side-channel-weakmap
6963 silly ADD node_modules/side-channel-map
6964 silly ADD node_modules/side-channel-list
6965 silly ADD node_modules/object-inspect
6966 silly ADD node_modules/shebang-regex
6967 silly ADD
6968 silly ADD
6969 silly ADD
6970 silly ADD
6971 silly ADD
6972 silly ADD
6973 silly ADD
6974 silly ADD
6975 silly ADD
6976 silly ADD
6977 silly ADD
6978 silly ADD node_modules/@parcel/watcher-darwin-arm64
6979 silly ADD
6980 silly ADD node_modules/immutable
6981 silly ADD node_modules/@parcel/watcher
6982 silly ADD node_modules/@parcel/watcher/node_modules/node-addon-api
6983 silly ADD node_modules/has-tostringtag
6984 silly ADD node_modules/is-regex
6985 silly ADD node_modules/path-to-regexp
6986 silly ADD node_modules/is-promise
6987 silly ADD
6988 silly ADD
6989 silly ADD
6990 silly ADD
6991 silly ADD
6992 silly ADD
6993 silly ADD
6994 silly ADD
6995 silly ADD
6996 silly ADD
6997 silly ADD
6998 silly ADD
6999 silly ADD
7000 silly ADD
7001 silly ADD
7002 silly ADD
7003 silly ADD
7004 silly ADD
7005 silly ADD
7006 silly ADD
7007 silly ADD
7008 silly ADD
7009 silly ADD
7010 silly ADD node_modules/@rollup/rollup-darwin-arm64
7011 silly ADD
7012 silly ADD
7013 silly ADD node_modules/mimic-function
7014 silly ADD node_modules/onetime
7015 silly ADD node_modules/supports-preserve-symlinks-flag
7016 silly ADD node_modules/path-parse
7017 silly ADD node_modules/is-core-module
7018 silly ADD node_modules/unpipe
7019 silly ADD node_modules/side-channel
7020 silly ADD node_modules/ipaddr.js
7021 silly ADD node_modules/forwarded
7022 silly ADD node_modules/retry
7023 silly ADD node_modules/err-code
7024 silly ADD node_modules/source-map-js
7025 silly ADD node_modules/nanoid
7026 silly ADD
7027 silly ADD
7028 silly ADD
7029 silly ADD
7030 silly ADD
7031 silly ADD
7032 silly ADD
7033 silly ADD
7034 silly ADD
7035 silly ADD
7036 silly ADD
7037 silly ADD
7038 silly ADD
7039 silly ADD
7040 silly ADD node_modules/@napi-rs/nice-darwin-arm64
7041 silly ADD
7042 silly ADD
7043 silly ADD node_modules/@napi-rs/nice
7044 silly ADD node_modules/parse5-sax-parser
7045 silly ADD node_modules/parse5
7046 silly ADD node_modules/parse5/node_modules/entities
7047 silly ADD node_modules/is-arrayish
7048 silly ADD node_modules/lines-and-columns
7049 silly ADD node_modules/error-ex
7050 silly ADD node_modules/callsites
7051 silly ADD node_modules/minipass-sized
7052 silly ADD node_modules/socks-proxy-agent
7053 silly ADD node_modules/http-proxy-agent
7054 silly ADD node_modules/http-cache-semantics
7055 silly ADD node_modules/@npmcli/agent
7056 silly ADD node_modules/@npmcli/agent/node_modules/lru-cache
7057 silly ADD node_modules/minizlib
7058 silly ADD node_modules/minipass-fetch
7059 silly ADD node_modules/make-fetch-happen
7060 silly ADD node_modules/make-fetch-happen/node_modules/proc-log
7061 silly ADD node_modules/jsonparse
7062 silly ADD node_modules/@npmcli/redact
7063 silly ADD node_modules/npm-install-checks
7064 silly ADD node_modules/ignore-walk
7065 silly ADD node_modules/abbrev
7066 silly ADD node_modules/undici
7067 silly ADD node_modules/nopt
7068 silly ADD node_modules/exponential-backoff
7069 silly ADD node_modules/p-map
7070 silly ADD node_modules/minipass-pipeline
7071 silly ADD node_modules/minipass-pipeline/node_modules/yallist
7072 silly ADD node_modules/minipass-pipeline/node_modules/minipass
7073 silly ADD node_modules/minipass-flush
7074 silly ADD node_modules/minipass-flush/node_modules/yallist
7075 silly ADD node_modules/minipass-flush/node_modules/minipass
7076 silly ADD node_modules/minipass-collect
7077 silly ADD node_modules/@npmcli/fs
7078 silly ADD node_modules/node-gyp
7079 silly ADD node_modules/node-gyp/node_modules/isexe
7080 silly ADD node_modules/node-gyp/node_modules/which
7081 silly ADD node_modules/node-gyp/node_modules/proc-log
7082 silly ADD node_modules/@npmcli/node-gyp
7083 silly ADD node_modules/spdx-expression-parse
7084 silly ADD node_modules/json-parse-even-better-errors
7085 silly ADD node_modules/npm-normalize-package-bin
7086 silly ADD node_modules/npm-bundled
7087 silly ADD node_modules/@gar/promise-retry
7088 silly ADD node_modules/tar
7089 silly ADD node_modules/tar/node_modules/yallist
7090 silly ADD node_modules/ssri
7091 silly ADD node_modules/sigstore
7092 silly ADD node_modules/promise-retry
7093 silly ADD node_modules/npm-registry-fetch
7094 silly ADD node_modules/npm-registry-fetch/node_modules/proc-log
7095 silly ADD node_modules/npm-pick-manifest
7096 silly ADD node_modules/npm-packlist
7097 silly ADD node_modules/npm-packlist/node_modules/proc-log
7098 silly ADD node_modules/minipass
7099 silly ADD node_modules/fs-minipass
7100 silly ADD node_modules/cacache
7101 silly ADD node_modules/cacache/node_modules/lru-cache
7102 silly ADD node_modules/cacache/node_modules/glob
7103 silly ADD node_modules/@npmcli/run-script
7104 silly ADD node_modules/@npmcli/run-script/node_modules/proc-log
7105 silly ADD node_modules/@npmcli/promise-spawn
7106 silly ADD node_modules/@npmcli/promise-spawn/node_modules/isexe
7107 silly ADD node_modules/@npmcli/promise-spawn/node_modules/which
7108 silly ADD node_modules/@npmcli/package-json
7109 silly ADD node_modules/@npmcli/package-json/node_modules/proc-log
7110 silly ADD node_modules/@npmcli/package-json/node_modules/glob
7111 silly ADD node_modules/@npmcli/installed-package-contents
7112 silly ADD node_modules/@npmcli/git
7113 silly ADD node_modules/@npmcli/git/node_modules/isexe
7114 silly ADD node_modules/@npmcli/git/node_modules/which
7115 silly ADD node_modules/@npmcli/git/node_modules/proc-log
7116 silly ADD node_modules/@npmcli/git/node_modules/lru-cache
7117 silly ADD node_modules/@npmcli/git/node_modules/ini
7118 silly ADD node_modules/yocto-queue
7119 silly ADD node_modules/p-limit
7120 silly ADD node_modules/stdin-discarder
7121 silly ADD node_modules/log-symbols
7122 silly ADD node_modules/log-symbols/node_modules/is-unicode-supported
7123 silly ADD node_modules/log-symbols/node_modules/chalk
7124 silly ADD node_modules/is-unicode-supported
7125 silly ADD node_modules/is-interactive
7126 silly ADD node_modules/cli-spinners
7127 silly ADD node_modules/word-wrap
7128 silly ADD node_modules/fast-levenshtein
7129 silly ADD node_modules/deep-is
7130 silly ADD node_modules/ee-first
7131 silly ADD node_modules/validate-npm-package-name
7132 silly ADD node_modules/proc-log
7133 silly ADD node_modules/hosted-git-info
7134 silly ADD node_modules/hosted-git-info/node_modules/lru-cache
7135 silly ADD node_modules/detect-libc
7136 silly ADD
7137 silly ADD
7138 silly ADD
7139 silly ADD
7140 silly ADD
7141 silly ADD node_modules/@msgpackr-extract/msgpackr-extract-darwin-arm64
7142 silly ADD node_modules/msgpackr-extract
7143 silly ADD node_modules/minimist
7144 silly ADD node_modules/balanced-match
7145 silly ADD node_modules/brace-expansion
7146 silly ADD node_modules/mime-db
7147 silly ADD node_modules/yallist
7148 silly ADD node_modules/streamroller
7149 silly ADD node_modules/date-format
7150 silly ADD node_modules/restore-cursor
7151 silly ADD node_modules/environment
7152 silly ADD node_modules/strip-ansi
7153 silly ADD node_modules/cli-cursor
7154 silly ADD node_modules/ansi-escapes
7155 silly ADD node_modules/p-locate
7156 silly ADD node_modules/weak-lru-cache
7157 silly ADD node_modules/ordered-binary
7158 silly ADD node_modules/node-gyp-build-optional-packages
7159 silly ADD node_modules/node-addon-api
7160 silly ADD node_modules/msgpackr
7161 silly ADD
7162 silly ADD
7163 silly ADD
7164 silly ADD
7165 silly ADD
7166 silly ADD
7167 silly ADD node_modules/@lmdb/lmdb-darwin-arm64
7168 silly ADD node_modules/string-width
7169 silly ADD node_modules/slice-ansi
7170 silly ADD node_modules/slice-ansi/node_modules/ansi-styles
7171 silly ADD node_modules/rfdc
7172 silly ADD node_modules/log-update
7173 silly ADD node_modules/log-update/node_modules/is-fullwidth-code-point
7174 silly ADD node_modules/log-update/node_modules/ansi-styles
7175 silly ADD node_modules/log-update/node_modules/wrap-ansi
7176 silly ADD node_modules/log-update/node_modules/slice-ansi
7177 silly ADD node_modules/colorette
7178 silly ADD node_modules/cli-truncate
7179 silly ADD node_modules/yaml
7180 silly ADD node_modules/string-argv
7181 silly ADD node_modules/commander
7182 silly ADD node_modules/type-check
7183 silly ADD node_modules/prelude-ls
7184 silly ADD node_modules/json-buffer
7185 silly ADD node_modules/html-escaper
7186 silly ADD node_modules/make-dir
7187 silly ADD node_modules/istanbul-reports
7188 silly ADD node_modules/istanbul-lib-source-maps
7189 silly ADD node_modules/istanbul-lib-source-maps/node_modules/source-map
7190 silly ADD node_modules/istanbul-lib-report
7191 silly ADD node_modules/wrappy
7192 silly ADD node_modules/requires-port
7193 silly ADD node_modules/follow-redirects
7194 silly ADD node_modules/eventemitter3
7195 silly ADD node_modules/path-is-absolute
7196 silly ADD node_modules/inflight
7197 silly ADD node_modules/fs.realpath
7198 silly ADD node_modules/dunder-proto
7199 silly ADD node_modules/math-intrinsics
7200 silly ADD node_modules/hasown
7201 silly ADD node_modules/has-symbols
7202 silly ADD node_modules/gopd
7203 silly ADD node_modules/get-proto
7204 silly ADD node_modules/es-object-atoms
7205 silly ADD node_modules/es-define-property
7206 silly ADD node_modules/to-regex-range
7207 silly ADD node_modules/function-bind
7208 silly ADD node_modules/get-intrinsic
7209 silly ADD node_modules/call-bind-apply-helpers
7210 silly ADD node_modules/safe-regex-test
7211 silly ADD node_modules/punycode
7212 silly ADD node_modules/es-errors
7213 silly ADD node_modules/call-bound
7214 silly ADD node_modules/void-elements
7215 silly ADD node_modules/extend
7216 silly ADD node_modules/ent
7217 silly ADD node_modules/custom-event
7218 silly ADD node_modules/utils-merge
7219 silly ADD node_modules/fill-range
7220 silly ADD node_modules/ua-parser-js
7221 silly ADD node_modules/tmp
7222 silly ADD node_modules/socket.io
7223 silly ADD node_modules/socket.io/node_modules/mime-db
7224 silly ADD node_modules/socket.io/node_modules/negotiator
7225 silly ADD node_modules/socket.io/node_modules/mime-types
7226 silly ADD node_modules/socket.io/node_modules/accepts
7227 silly ADD node_modules/rimraf
7228 silly ADD node_modules/qjobs
7229 silly ADD node_modules/mkdirp
7230 silly ADD node_modules/mime
7231 silly ADD node_modules/log4js
7232 silly ADD node_modules/lodash
7233 silly ADD node_modules/isbinaryfile
7234 silly ADD node_modules/http-proxy
7235 silly ADD node_modules/graceful-fs
7236 silly ADD node_modules/glob
7237 silly ADD node_modules/glob/node_modules/balanced-match
7238 silly ADD node_modules/glob/node_modules/brace-expansion
7239 silly ADD node_modules/glob/node_modules/minimatch
7240 silly ADD node_modules/dom-serialize
7241 silly ADD node_modules/di
7242 silly ADD node_modules/connect
7243 silly ADD node_modules/connect/node_modules/statuses
7244 silly ADD node_modules/connect/node_modules/on-finished
7245 silly ADD node_modules/connect/node_modules/encodeurl
7246 silly ADD node_modules/connect/node_modules/ms
7247 silly ADD node_modules/connect/node_modules/finalhandler
7248 silly ADD node_modules/connect/node_modules/debug
7249 silly ADD node_modules/braces
7250 silly ADD node_modules/@colors/colors
7251 silly ADD node_modules/argparse
7252 silly ADD node_modules/istanbul-lib-coverage
7253 silly ADD node_modules/@istanbuljs/schema
7254 silly ADD node_modules/is-extglob
7255 silly ADD node_modules/parent-module
7256 silly ADD node_modules/safer-buffer
7257 silly ADD node_modules/agent-base
7258 silly ADD node_modules/toidentifier
7259 silly ADD node_modules/setprototypeof
7260 silly ADD node_modules/inherits
7261 silly ADD node_modules/@simple-libs/child-process-utils
7262 silly ADD node_modules/@conventional-changelog/git-client
7263 silly ADD node_modules/keyv
7264 silly ADD node_modules/flatted
7265 silly ADD node_modules/path-exists
7266 silly ADD node_modules/locate-path
7267 silly ADD node_modules/flat-cache
7268 silly ADD node_modules/ip-address
7269 silly ADD node_modules/bytes
7270 silly ADD node_modules/negotiator
7271 silly ADD node_modules/type-is
7272 silly ADD node_modules/type-is/node_modules/content-type
7273 silly ADD node_modules/statuses
7274 silly ADD node_modules/serve-static
7275 silly ADD node_modules/send
7276 silly ADD node_modules/router
7277 silly ADD node_modules/range-parser
7278 silly ADD node_modules/qs
7279 silly ADD node_modules/proxy-addr
7280 silly ADD node_modules/parseurl
7281 silly ADD node_modules/once
7282 silly ADD node_modules/on-finished
7283 silly ADD node_modules/mime-types
7284 silly ADD node_modules/merge-descriptors
7285 silly ADD node_modules/http-errors
7286 silly ADD node_modules/fresh
7287 silly ADD node_modules/finalhandler
7288 silly ADD node_modules/etag
7289 silly ADD node_modules/escape-html
7290 silly ADD node_modules/encodeurl
7291 silly ADD node_modules/depd
7292 silly ADD node_modules/cookie-signature
7293 silly ADD node_modules/cookie
7294 silly ADD node_modules/content-disposition
7295 silly ADD node_modules/body-parser
7296 silly ADD node_modules/accepts
7297 silly ADD node_modules/acorn-jsx
7298 silly ADD node_modules/acorn
7299 silly ADD node_modules/estraverse
7300 silly ADD node_modules/esrecurse
7301 silly ADD node_modules/@types/esrecurse
7302 silly ADD node_modules/color-name
7303 silly ADD node_modules/color-convert
7304 silly ADD node_modules/supports-color
7305 silly ADD node_modules/ansi-styles
7306 silly ADD node_modules/@humanfs/types
7307 silly ADD node_modules/@humanfs/core
7308 silly ADD node_modules/levn
7309 silly ADD node_modules/globals
7310 silly ADD node_modules/@types/json-schema
7311 silly ADD node_modules/@eslint/object-schema
7312 silly ADD node_modules/optionator
7313 silly ADD node_modules/natural-compare
7314 silly ADD node_modules/lodash.merge
7315 silly ADD node_modules/json-stable-stringify-without-jsonify
7316 silly ADD node_modules/is-glob
7317 silly ADD node_modules/imurmurhash
7318 silly ADD node_modules/glob-parent
7319 silly ADD node_modules/find-up
7320 silly ADD node_modules/file-entry-cache
7321 silly ADD node_modules/esutils
7322 silly ADD node_modules/esquery
7323 silly ADD node_modules/espree
7324 silly ADD node_modules/espree/node_modules/eslint-visitor-keys
7325 silly ADD node_modules/escape-string-regexp
7326 silly ADD node_modules/chalk
7327 silly ADD node_modules/@types/estree
7328 silly ADD node_modules/@humanwhocodes/retry
7329 silly ADD node_modules/@humanwhocodes/module-importer
7330 silly ADD node_modules/@humanfs/node
7331 silly ADD node_modules/@eslint/plugin-kit
7332 silly ADD node_modules/@eslint/js
7333 silly ADD node_modules/@eslint/eslintrc
7334 silly ADD node_modules/@eslint/eslintrc/node_modules/balanced-match
7335 silly ADD node_modules/@eslint/eslintrc/node_modules/brace-expansion
7336 silly ADD node_modules/@eslint/eslintrc/node_modules/json-schema-traverse
7337 silly ADD node_modules/@eslint/eslintrc/node_modules/minimatch
7338 silly ADD node_modules/@eslint/eslintrc/node_modules/ignore
7339 silly ADD node_modules/@eslint/eslintrc/node_modules/ajv
7340 silly ADD node_modules/@eslint/core
7341 silly ADD node_modules/@eslint/config-helpers
7342 silly ADD node_modules/@eslint/config-array
7343 silly ADD node_modules/@eslint/config-array/node_modules/balanced-match
7344 silly ADD node_modules/@eslint/config-array/node_modules/brace-expansion
7345 silly ADD node_modules/@eslint/config-array/node_modules/minimatch
7346 silly ADD node_modules/@eslint-community/regexpp
7347 silly ADD
7348 silly ADD
7349 silly ADD
7350 silly ADD
7351 silly ADD
7352 silly ADD
7353 silly ADD
7354 silly ADD
7355 silly ADD
7356 silly ADD
7357 silly ADD
7358 silly ADD
7359 silly ADD
7360 silly ADD
7361 silly ADD
7362 silly ADD
7363 silly ADD
7364 silly ADD
7365 silly ADD
7366 silly ADD
7367 silly ADD
7368 silly ADD node_modules/@esbuild/darwin-arm64
7369 silly ADD
7370 silly ADD
7371 silly ADD
7372 silly ADD
7373 silly ADD node_modules/is-obj
7374 silly ADD node_modules/entities
7375 silly ADD node_modules/domelementtype
7376 silly ADD node_modules/ms
7377 silly ADD node_modules/nth-check
7378 silly ADD node_modules/domutils
7379 silly ADD node_modules/boolbase
7380 silly ADD node_modules/which
7381 silly ADD node_modules/shebang-command
7382 silly ADD node_modules/path-key
7383 silly ADD node_modules/jiti
7384 silly ADD node_modules/parse-json
7385 silly ADD node_modules/parse-json/node_modules/json-parse-even-better-errors
7386 silly ADD node_modules/js-yaml
7387 silly ADD node_modules/import-fresh
7388 silly ADD node_modules/import-fresh/node_modules/resolve-from
7389 silly ADD node_modules/env-paths
7390 silly ADD node_modules/vary
7391 silly ADD node_modules/object-assign
7392 silly ADD node_modules/meow
7393 silly ADD node_modules/@simple-libs/stream-utils
7394 silly ADD node_modules/dot-prop
7395 silly ADD node_modules/array-ify
7396 silly ADD node_modules/compare-func
7397 silly ADD node_modules/readdirp
7398 silly ADD node_modules/update-browserslist-db
7399 silly ADD node_modules/node-releases
7400 silly ADD node_modules/electron-to-chromium
7401 silly ADD node_modules/caniuse-lite
7402 silly ADD node_modules/baseline-browser-mapping
7403 silly ADD node_modules/postcss-media-query-parser
7404 silly ADD node_modules/postcss
7405 silly ADD node_modules/htmlparser2
7406 silly ADD node_modules/htmlparser2/node_modules/entities
7407 silly ADD node_modules/domhandler
7408 silly ADD node_modules/dom-serializer
7409 silly ADD node_modules/css-what
7410 silly ADD node_modules/css-select
7411 silly ADD node_modules/minimatch
7412 silly ADD node_modules/@typescript-eslint/tsconfig-utils
7413 silly ADD node_modules/@typescript-eslint/project-service
7414 silly ADD node_modules/@typescript-eslint/visitor-keys
7415 silly ADD node_modules/@typescript-eslint/visitor-keys/node_modules/eslint-visitor-keys
7416 silly ADD node_modules/eslint-visitor-keys
7417 silly ADD node_modules/@typescript-eslint/typescript-estree
7418 silly ADD node_modules/@typescript-eslint/typescript-estree/node_modules/tinyglobby
7419 silly ADD node_modules/@typescript-eslint/typescript-estree/node_modules/semver
7420 silly ADD node_modules/@typescript-eslint/scope-manager
7421 silly ADD node_modules/@eslint-community/eslint-utils
7422 silly ADD node_modules/eslint-scope
7423 silly ADD node_modules/strip-json-comments
7424 silly ADD node_modules/ignore
7425 silly ADD node_modules/axobject-query
7426 silly ADD node_modules/aria-query
7427 silly ADD node_modules/ts-api-utils
7428 silly ADD node_modules/@angular-eslint/utils
7429 silly ADD node_modules/@angular-eslint/bundled-angular-compiler
7430 silly ADD node_modules/@angular-eslint/schematics
7431 silly ADD node_modules/@angular-eslint/schematics/node_modules/string-width
7432 silly ADD node_modules/@angular-eslint/schematics/node_modules/stdin-discarder
7433 silly ADD node_modules/@angular-eslint/schematics/node_modules/log-symbols
7434 silly ADD node_modules/@angular-eslint/schematics/node_modules/cli-spinners
7435 silly ADD node_modules/@angular-eslint/schematics/node_modules/chalk
7436 silly ADD node_modules/@angular-eslint/schematics/node_modules/readdirp
7437 silly ADD node_modules/@angular-eslint/schematics/node_modules/ora
7438 silly ADD node_modules/@angular-eslint/schematics/node_modules/magic-string
7439 silly ADD node_modules/@angular-eslint/schematics/node_modules/semver
7440 silly ADD node_modules/@angular-eslint/schematics/node_modules/@angular-devkit/schematics
7441 silly ADD node_modules/@angular-eslint/schematics/node_modules/chokidar
7442 silly ADD node_modules/@angular-eslint/schematics/node_modules/@angular-devkit/core
7443 silly ADD node_modules/@angular-eslint/template-parser
7444 silly ADD node_modules/@typescript-eslint/types
7445 silly ADD node_modules/@angular-eslint/eslint-plugin-template
7446 silly ADD node_modules/@typescript-eslint/utils
7447 silly ADD node_modules/@angular-eslint/eslint-plugin
7448 silly ADD node_modules/@angular-eslint/builder
7449 silly ADD node_modules/@angular-eslint/builder/node_modules/readdirp
7450 silly ADD node_modules/@angular-eslint/builder/node_modules/chokidar
7451 silly ADD node_modules/@angular-eslint/builder/node_modules/@angular-devkit/core
7452 silly ADD node_modules/@angular-eslint/builder/node_modules/@angular-devkit/architect
7453 silly ADD node_modules/@algolia/requester-node-http
7454 silly ADD node_modules/@algolia/requester-fetch
7455 silly ADD node_modules/@algolia/requester-browser-xhr
7456 silly ADD node_modules/@algolia/recommend
7457 silly ADD node_modules/@algolia/monitoring
7458 silly ADD node_modules/@algolia/ingestion
7459 silly ADD node_modules/@algolia/client-search
7460 silly ADD node_modules/@algolia/client-query-suggestions
7461 silly ADD node_modules/@algolia/client-personalization
7462 silly ADD node_modules/@algolia/client-insights
7463 silly ADD node_modules/@algolia/client-common
7464 silly ADD node_modules/@algolia/client-analytics
7465 silly ADD node_modules/@algolia/client-abtesting
7466 silly ADD node_modules/@algolia/abtesting
7467 silly ADD node_modules/require-from-string
7468 silly ADD node_modules/json-schema-traverse
7469 silly ADD node_modules/fast-uri
7470 silly ADD node_modules/fast-deep-equal
7471 silly ADD node_modules/undici-types
7472 silly ADD node_modules/zod-to-json-schema
7473 silly ADD node_modules/raw-body
7474 silly ADD node_modules/pkce-challenge
7475 silly ADD node_modules/json-schema-typed
7476 silly ADD node_modules/jose
7477 silly ADD node_modules/express-rate-limit
7478 silly ADD node_modules/express
7479 silly ADD node_modules/eventsource-parser
7480 silly ADD node_modules/eventsource
7481 silly ADD node_modules/cross-spawn
7482 silly ADD node_modules/cors
7483 silly ADD node_modules/content-type
7484 silly ADD node_modules/hono
7485 silly ADD node_modules/@hono/node-server
7486 silly ADD node_modules/@jridgewell/resolve-uri
7487 silly ADD node_modules/iconv-lite
7488 silly ADD node_modules/chardet
7489 silly ADD node_modules/@inquirer/external-editor
7490 silly ADD node_modules/@inquirer/select
7491 silly ADD node_modules/@inquirer/search
7492 silly ADD node_modules/@inquirer/rawlist
7493 silly ADD node_modules/@inquirer/password
7494 silly ADD node_modules/@inquirer/number
7495 silly ADD node_modules/@inquirer/input
7496 silly ADD node_modules/@inquirer/expand
7497 silly ADD node_modules/@inquirer/editor
7498 silly ADD node_modules/@inquirer/checkbox
7499 silly ADD node_modules/yoctocolors-cjs
7500 silly ADD node_modules/wrap-ansi
7501 silly ADD node_modules/wrap-ansi/node_modules/ansi-regex
7502 silly ADD node_modules/wrap-ansi/node_modules/is-fullwidth-code-point
7503 silly ADD node_modules/wrap-ansi/node_modules/emoji-regex
7504 silly ADD node_modules/wrap-ansi/node_modules/strip-ansi
7505 silly ADD node_modules/wrap-ansi/node_modules/string-width
7506 silly ADD node_modules/signal-exit
7507 silly ADD node_modules/mute-stream
7508 silly ADD node_modules/cli-width
7509 silly ADD node_modules/@inquirer/figures
7510 silly ADD node_modules/@inquirer/ansi
7511 silly ADD node_modules/@inquirer/type
7512 silly ADD node_modules/@inquirer/core
7513 silly ADD node_modules/escalade
7514 silly ADD node_modules/@commitlint/to-lines
7515 silly ADD node_modules/@commitlint/message
7516 silly ADD node_modules/@commitlint/ensure
7517 silly ADD node_modules/resolve-from
7518 silly ADD node_modules/global-directory
7519 silly ADD node_modules/global-directory/node_modules/ini
7520 silly ADD node_modules/git-raw-commits
7521 silly ADD node_modules/@commitlint/top-level
7522 silly ADD node_modules/conventional-commits-parser
7523 silly ADD node_modules/conventional-changelog-angular
7524 silly ADD node_modules/is-plain-obj
7525 silly ADD node_modules/es-toolkit
7526 silly ADD node_modules/@types/node
7527 silly ADD node_modules/cosmiconfig-typescript-loader
7528 silly ADD node_modules/cosmiconfig
7529 silly ADD node_modules/@commitlint/resolve-extends
7530 silly ADD node_modules/@commitlint/execute-rule
7531 silly ADD node_modules/@commitlint/config-validator
7532 silly ADD node_modules/@commitlint/rules
7533 silly ADD node_modules/@commitlint/parse
7534 silly ADD node_modules/@commitlint/is-ignored
7535 silly ADD node_modules/conventional-changelog-conventionalcommits
7536 silly ADD node_modules/tinyexec
7537 silly ADD node_modules/@commitlint/types
7538 silly ADD node_modules/@commitlint/read
7539 silly ADD node_modules/@commitlint/load
7540 silly ADD node_modules/@commitlint/lint
7541 silly ADD node_modules/@commitlint/format
7542 silly ADD node_modules/@babel/helper-string-parser
7543 silly ADD node_modules/@babel/helper-globals
7544 silly ADD node_modules/@babel/helper-module-imports
7545 silly ADD node_modules/lru-cache
7546 silly ADD node_modules/@babel/helper-validator-option
7547 silly ADD node_modules/@babel/compat-data
7548 silly ADD node_modules/jsesc
7549 silly ADD node_modules/picocolors
7550 silly ADD node_modules/js-tokens
7551 silly ADD node_modules/@babel/helper-validator-identifier
7552 silly ADD node_modules/json5
7553 silly ADD node_modules/gensync
7554 silly ADD node_modules/debug
7555 silly ADD node_modules/@babel/types
7556 silly ADD node_modules/@babel/traverse
7557 silly ADD node_modules/@babel/template
7558 silly ADD node_modules/@babel/parser
7559 silly ADD node_modules/@babel/helpers
7560 silly ADD node_modules/@babel/helper-module-transforms
7561 silly ADD node_modules/@babel/helper-compilation-targets
7562 silly ADD node_modules/@babel/helper-compilation-targets/node_modules/semver
7563 silly ADD node_modules/@babel/generator
7564 silly ADD node_modules/@babel/code-frame
7565 silly ADD node_modules/reflect-metadata
7566 silly ADD node_modules/convert-source-map
7567 silly ADD node_modules/chokidar
7568 silly ADD node_modules/@jridgewell/sourcemap-codec
7569 silly ADD node_modules/ora
7570 silly ADD node_modules/ora/node_modules/chalk
7571 silly ADD node_modules/zod
7572 silly ADD node_modules/yargs
7573 silly ADD node_modules/resolve
7574 silly ADD node_modules/pacote
7575 silly ADD node_modules/pacote/node_modules/proc-log
7576 silly ADD node_modules/npm-package-arg
7577 silly ADD node_modules/ini
7578 silly ADD node_modules/algoliasearch
7579 silly ADD node_modules/@yarnpkg/lockfile
7580 silly ADD node_modules/@schematics/angular
7581 silly ADD node_modules/@modelcontextprotocol/sdk
7582 silly ADD node_modules/@listr2/prompt-adapter-inquirer
7583 silly ADD node_modules/@inquirer/prompts
7584 silly ADD node_modules/@angular-devkit/schematics
7585 silly ADD node_modules/source-map
7586 silly ADD node_modules/ajv-formats
7587 silly ADD node_modules/ajv
7588 silly ADD node_modules/@angular-devkit/core
7589 silly ADD node_modules/@jridgewell/trace-mapping
7590 silly ADD node_modules/@jridgewell/gen-mapping
7591 silly ADD node_modules/watchpack
7592 silly ADD node_modules/tinyglobby
7593 silly ADD node_modules/source-map-support
7594 silly ADD node_modules/source-map-support/node_modules/source-map
7595 silly ADD node_modules/semver
7596 silly ADD node_modules/sass
7597 silly ADD node_modules/rollup
7598 silly ADD node_modules/rollup/node_modules/@types/estree
7599 silly ADD node_modules/piscina
7600 silly ADD node_modules/picomatch
7601 silly ADD node_modules/parse5-html-rewriting-stream
7602 silly ADD node_modules/parse5-html-rewriting-stream/node_modules/entities
7603 silly ADD node_modules/mrmime
7604 silly ADD node_modules/magic-string
7605 silly ADD node_modules/lmdb
7606 silly ADD node_modules/listr2
7607 silly ADD node_modules/listr2/node_modules/ansi-styles
7608 silly ADD node_modules/listr2/node_modules/wrap-ansi
7609 silly ADD node_modules/listr2/node_modules/eventemitter3
7610 silly ADD node_modules/jsonc-parser
7611 silly ADD node_modules/istanbul-lib-instrument
7612 silly ADD node_modules/https-proxy-agent
7613 silly ADD node_modules/esbuild
7614 silly ADD node_modules/browserslist
7615 silly ADD node_modules/beasties
7616 silly ADD node_modules/vite
7617 silly ADD
7618 silly ADD
7619 silly ADD
7620 silly ADD
7621 silly ADD
7622 silly ADD
7623 silly ADD
7624 silly ADD
7625 silly ADD
7626 silly ADD
7627 silly ADD
7628 silly ADD
7629 silly ADD
7630 silly ADD
7631 silly ADD
7632 silly ADD
7633 silly ADD
7634 silly ADD
7635 silly ADD
7636 silly ADD
7637 silly ADD
7638 silly ADD node_modules/vite/node_modules/@esbuild/darwin-arm64
7639 silly ADD
7640 silly ADD
7641 silly ADD
7642 silly ADD
7643 silly ADD node_modules/vite/node_modules/tinyglobby
7644 silly ADD node_modules/vite/node_modules/esbuild
7645 silly ADD node_modules/@vitejs/plugin-basic-ssl
7646 silly ADD node_modules/@inquirer/confirm
7647 silly ADD node_modules/@babel/helper-split-export-declaration
7648 silly ADD node_modules/@babel/helper-annotate-as-pure
7649 silly ADD node_modules/@babel/core
7650 silly ADD node_modules/@babel/core/node_modules/semver
7651 silly ADD node_modules/@babel/core/node_modules/convert-source-map
7652 silly ADD node_modules/@angular-devkit/architect
7653 silly ADD node_modules/@ampproject/remapping
7654 silly ADD node_modules/zone.js
7655 silly ADD node_modules/prettier
7656 silly ADD node_modules/lint-staged
7657 silly ADD node_modules/lint-staged/node_modules/is-fullwidth-code-point
7658 silly ADD node_modules/lint-staged/node_modules/ansi-styles
7659 silly ADD node_modules/lint-staged/node_modules/slice-ansi
7660 silly ADD node_modules/lint-staged/node_modules/wrap-ansi
7661 silly ADD node_modules/lint-staged/node_modules/eventemitter3
7662 silly ADD node_modules/lint-staged/node_modules/cli-truncate
7663 silly ADD node_modules/lint-staged/node_modules/cli-truncate/node_modules/string-width
7664 silly ADD node_modules/lint-staged/node_modules/listr2
7665 silly ADD node_modules/karma-jasmine-html-reporter
7666 silly ADD node_modules/karma-jasmine
7667 silly ADD node_modules/karma-jasmine/node_modules/jasmine-core
7668 silly ADD node_modules/karma-coverage
7669 silly ADD node_modules/karma-coverage/node_modules/balanced-match
7670 silly ADD node_modules/karma-coverage/node_modules/brace-expansion
7671 silly ADD node_modules/karma-coverage/node_modules/semver
7672 silly ADD node_modules/karma-coverage/node_modules/minimatch
7673 silly ADD node_modules/karma-coverage/node_modules/istanbul-lib-instrument
7674 silly ADD node_modules/karma-chrome-launcher
7675 silly ADD node_modules/karma-chrome-launcher/node_modules/which
7676 silly ADD node_modules/karma
7677 silly ADD node_modules/karma/node_modules/ansi-regex
7678 silly ADD node_modules/karma/node_modules/is-fullwidth-code-point
7679 silly ADD node_modules/karma/node_modules/emoji-regex
7680 silly ADD node_modules/karma/node_modules/wrap-ansi
7681 silly ADD node_modules/karma/node_modules/strip-ansi
7682 silly ADD node_modules/karma/node_modules/yargs-parser
7683 silly ADD node_modules/karma/node_modules/string-width
7684 silly ADD node_modules/karma/node_modules/cliui
7685 silly ADD node_modules/karma/node_modules/mime-db
7686 silly ADD node_modules/karma/node_modules/mime-types
7687 silly ADD node_modules/karma/node_modules/media-typer
7688 silly ADD node_modules/karma/node_modules/picomatch
7689 silly ADD node_modules/karma/node_modules/balanced-match
7690 silly ADD node_modules/karma/node_modules/brace-expansion
7691 silly ADD node_modules/karma/node_modules/ms
7692 silly ADD node_modules/karma/node_modules/readdirp
7693 silly ADD node_modules/karma/node_modules/glob-parent
7694 silly ADD node_modules/karma/node_modules/type-is
7695 silly ADD node_modules/karma/node_modules/raw-body
7696 silly ADD node_modules/karma/node_modules/iconv-lite
7697 silly ADD node_modules/karma/node_modules/debug
7698 silly ADD node_modules/karma/node_modules/yargs
7699 silly ADD node_modules/karma/node_modules/source-map
7700 silly ADD node_modules/karma/node_modules/minimatch
7701 silly ADD node_modules/karma/node_modules/chokidar
7702 silly ADD node_modules/karma/node_modules/body-parser
7703 silly ADD node_modules/jasmine-core
7704 silly ADD node_modules/husky
7705 silly ADD node_modules/eslint-config-prettier
7706 silly ADD node_modules/typescript-eslint
7707 silly ADD node_modules/typescript-eslint/node_modules/balanced-match
7708 silly ADD node_modules/typescript-eslint/node_modules/brace-expansion
7709 silly ADD node_modules/typescript-eslint/node_modules/eslint-visitor-keys
7710 silly ADD node_modules/typescript-eslint/node_modules/@typescript-eslint/scope-manager
7711 silly ADD node_modules/typescript-eslint/node_modules/minimatch
7712 silly ADD node_modules/typescript-eslint/node_modules/@typescript-eslint/visitor-keys
7713 silly ADD node_modules/typescript-eslint/node_modules/@typescript-eslint/types
7714 silly ADD node_modules/typescript-eslint/node_modules/@typescript-eslint/tsconfig-utils
7715 silly ADD node_modules/typescript-eslint/node_modules/@typescript-eslint/project-service
7716 silly ADD node_modules/typescript-eslint/node_modules/@typescript-eslint/utils
7717 silly ADD node_modules/typescript-eslint/node_modules/@typescript-eslint/typescript-estree
7718 silly ADD node_modules/eslint
7719 silly ADD node_modules/eslint/node_modules/balanced-match
7720 silly ADD node_modules/eslint/node_modules/brace-expansion
7721 silly ADD node_modules/eslint/node_modules/json-schema-traverse
7722 silly ADD node_modules/eslint/node_modules/minimatch
7723 silly ADD node_modules/eslint/node_modules/ignore
7724 silly ADD node_modules/eslint/node_modules/eslint-visitor-keys
7725 silly ADD node_modules/eslint/node_modules/eslint-scope
7726 silly ADD node_modules/eslint/node_modules/ajv
7727 silly ADD node_modules/angular-eslint
7728 silly ADD node_modules/angular-eslint/node_modules/string-width
7729 silly ADD node_modules/angular-eslint/node_modules/stdin-discarder
7730 silly ADD node_modules/angular-eslint/node_modules/log-symbols
7731 silly ADD node_modules/angular-eslint/node_modules/cli-spinners
7732 silly ADD node_modules/angular-eslint/node_modules/chalk
7733 silly ADD node_modules/angular-eslint/node_modules/readdirp
7734 silly ADD node_modules/angular-eslint/node_modules/ora
7735 silly ADD node_modules/angular-eslint/node_modules/magic-string
7736 silly ADD node_modules/angular-eslint/node_modules/@angular-devkit/schematics
7737 silly ADD node_modules/angular-eslint/node_modules/chokidar
7738 silly ADD node_modules/angular-eslint/node_modules/@angular-devkit/core
7739 silly ADD node_modules/@types/jasmine
7740 silly ADD node_modules/@commitlint/config-conventional
7741 silly ADD node_modules/@commitlint/cli
7742 silly ADD node_modules/@angular/router
7743 silly ADD node_modules/@angular/platform-browser
7744 silly ADD node_modules/@angular/forms
7745 silly ADD node_modules/@angular/core
7746 silly ADD node_modules/rxjs
7747 silly ADD node_modules/@angular/common
7748 silly ADD node_modules/@angular/cli
7749 silly ADD node_modules/@angular/compiler-cli
7750 silly ADD node_modules/@angular/compiler
7751 silly ADD node_modules/typescript
7752 silly ADD node_modules/tslib
7753 silly ADD node_modules/@angular/build
7754 verbose cwd /Users/juanfranciscomanzanogarcia/Desktop/push-angular
7755 verbose os Darwin 24.6.0
7756 verbose node v22.22.0
7757 verbose npm  v10.9.4
7758 verbose exit 0
7759 info ok
