0 verbose cli /Users/juanfranciscomanzanogarcia/.nvm/versions/node/v22.22.0/bin/node /Users/juanfranciscomanzanogarcia/.nvm/versions/node/v22.22.0/bin/npm
1 info using npm@10.9.4
2 info using node@v22.22.0
3 silly config load:file:/Users/juanfranciscomanzanogarcia/.nvm/versions/node/v22.22.0/lib/node_modules/npm/npmrc
4 silly config load:file:/Users/juanfranciscomanzanogarcia/Desktop/push-angular/.npmrc
5 silly config load:file:/Users/juanfranciscomanzanogarcia/.npmrc
6 silly config load:file:/Users/juanfranciscomanzanogarcia/.nvm/versions/node/v22.22.0/etc/npmrc
7 verbose title npm install
8 verbose argv "install" "--cache" "./npm-cache"
9 verbose logfile logs-max:10 dir:/Users/juanfranciscomanzanogarcia/Desktop/push-angular/npm-cache/_logs/2026-06-12T23_15_53_019Z-
10 verbose logfile /Users/juanfranciscomanzanogarcia/Desktop/push-angular/npm-cache/_logs/2026-06-12T23_15_53_019Z-debug-0.log
11 silly logfile done cleaning log files
12 silly packumentCache heap:2197815296 maxSize:549453824 maxEntrySize:274726912
13 silly idealTree buildDeps
14 silly fetch manifest @angular/common@^20.2.0
15 silly packumentCache full:https://registry.npmjs.org/@angular%2fcommon cache-miss
16 http fetch GET 200 https://registry.npmjs.org/npm 1415ms
17 http fetch GET 200 https://registry.npmjs.org/@angular%2fcommon 1793ms (cache miss)
18 silly packumentCache full:https://registry.npmjs.org/@angular%2fcommon set size:undefined disposed:false
19 silly fetch manifest @angular/core@^20.2.0
20 silly packumentCache full:https://registry.npmjs.org/@angular%2fcore cache-miss
21 http fetch GET 200 https://registry.npmjs.org/@angular%2fcore 1320ms (cache miss)
22 silly packumentCache full:https://registry.npmjs.org/@angular%2fcore set size:undefined disposed:false
23 silly fetch manifest @angular/compiler@^20.2.0
24 silly packumentCache full:https://registry.npmjs.org/@angular%2fcompiler cache-miss
25 http fetch GET 200 https://registry.npmjs.org/@angular%2fcompiler 1218ms (cache miss)
26 silly packumentCache full:https://registry.npmjs.org/@angular%2fcompiler set size:undefined disposed:false
27 silly fetch manifest rxjs@~7.8.0
28 silly packumentCache full:https://registry.npmjs.org/rxjs cache-miss
29 http fetch GET 200 https://registry.npmjs.org/rxjs 19432ms (cache miss)
30 silly packumentCache full:https://registry.npmjs.org/rxjs set size:undefined disposed:false
31 silly fetch manifest zone.js@~0.15.0
32 silly packumentCache full:https://registry.npmjs.org/zone.js cache-miss
33 http fetch GET 200 https://registry.npmjs.org/zone.js 227ms (cache miss)
34 silly packumentCache full:https://registry.npmjs.org/zone.js set size:undefined disposed:false
35 silly fetch manifest @angular/forms@^20.2.0
36 silly packumentCache full:https://registry.npmjs.org/@angular%2fforms cache-miss
37 http fetch GET 200 https://registry.npmjs.org/@angular%2fforms 566ms (cache miss)
38 silly packumentCache full:https://registry.npmjs.org/@angular%2fforms set size:undefined disposed:false
39 silly fetch manifest @angular/platform-browser@^20.2.0
40 silly packumentCache full:https://registry.npmjs.org/@angular%2fplatform-browser cache-miss
41 http fetch GET 200 https://registry.npmjs.org/@angular%2fplatform-browser 937ms (cache miss)
42 silly packumentCache full:https://registry.npmjs.org/@angular%2fplatform-browser set size:undefined disposed:false
43 silly fetch manifest @angular/animations@20.3.25
44 silly packumentCache full:https://registry.npmjs.org/@angular%2fanimations cache-miss
45 http fetch GET 200 https://registry.npmjs.org/@angular%2fanimations 606ms (cache miss)
46 silly packumentCache full:https://registry.npmjs.org/@angular%2fanimations set size:undefined disposed:false
47 silly fetch manifest @angular/router@^20.2.0
48 silly packumentCache full:https://registry.npmjs.org/@angular%2frouter cache-miss
49 http fetch GET 200 https://registry.npmjs.org/@angular%2frouter 10538ms (cache miss)
50 silly packumentCache full:https://registry.npmjs.org/@angular%2frouter set size:undefined disposed:false
51 silly fetch manifest tslib@^2.3.0
52 silly packumentCache full:https://registry.npmjs.org/tslib cache-miss
53 http fetch GET 200 https://registry.npmjs.org/tslib 5414ms (cache miss)
54 silly packumentCache full:https://registry.npmjs.org/tslib set size:108760 disposed:false
55 silly fetch manifest @angular/build@^20.2.1
56 silly packumentCache full:https://registry.npmjs.org/@angular%2fbuild cache-miss
57 http fetch GET 200 https://registry.npmjs.org/@angular%2fbuild 606ms (cache miss)
58 silly packumentCache full:https://registry.npmjs.org/@angular%2fbuild set size:undefined disposed:false
59 silly fetch manifest @angular/compiler-cli@^20.2.0
60 silly packumentCache full:https://registry.npmjs.org/@angular%2fcompiler-cli cache-miss
61 http fetch GET 200 https://registry.npmjs.org/@angular%2fcompiler-cli 963ms (cache miss)
62 silly packumentCache full:https://registry.npmjs.org/@angular%2fcompiler-cli set size:undefined disposed:false
63 silly fetch manifest typescript@~5.9.2
64 silly packumentCache full:https://registry.npmjs.org/typescript cache-miss
65 http fetch GET 200 https://registry.npmjs.org/typescript 36535ms (cache miss)
66 silly packumentCache full:https://registry.npmjs.org/typescript set size:undefined disposed:false
67 silly fetch manifest @angular/localize@^20.0.0
68 silly packumentCache full:https://registry.npmjs.org/@angular%2flocalize cache-miss
69 http cache https://registry.npmjs.org/@angular%2flocalize 7ms (cache hit)
70 silly packumentCache full:https://registry.npmjs.org/@angular%2flocalize set size:2432108 disposed:false
71 silly fetch manifest @angular/platform-server@^20.0.0
72 silly packumentCache full:https://registry.npmjs.org/@angular%2fplatform-server cache-miss
73 http cache https://registry.npmjs.org/@angular%2fplatform-server 6ms (cache hit)
74 silly packumentCache full:https://registry.npmjs.org/@angular%2fplatform-server set size:3200172 disposed:false
75 silly fetch manifest @angular/service-worker@^20.0.0
76 silly packumentCache full:https://registry.npmjs.org/@angular%2fservice-worker cache-miss
77 http cache https://registry.npmjs.org/@angular%2fservice-worker 5ms (cache hit)
78 silly packumentCache full:https://registry.npmjs.org/@angular%2fservice-worker set size:2953409 disposed:false
79 silly fetch manifest @angular/ssr@^20.3.28
80 silly packumentCache full:https://registry.npmjs.org/@angular%2fssr cache-miss
81 http cache https://registry.npmjs.org/@angular%2fssr 4ms (cache hit)
82 silly packumentCache full:https://registry.npmjs.org/@angular%2fssr set size:729842 disposed:false
83 silly fetch manifest karma@~6.4.0
84 silly packumentCache full:https://registry.npmjs.org/karma cache-miss
85 http cache https://registry.npmjs.org/karma 9ms (cache hit)
86 silly packumentCache full:https://registry.npmjs.org/karma set size:3361521 disposed:false
87 silly fetch manifest less@^4.2.0
88 silly packumentCache full:https://registry.npmjs.org/less cache-miss
89 http cache https://registry.npmjs.org/less 2ms (cache hit)
90 silly packumentCache full:https://registry.npmjs.org/less set size:461684 disposed:false
91 silly fetch manifest ng-packagr@^20.0.0
92 silly packumentCache full:https://registry.npmjs.org/ng-packagr cache-miss
93 http cache https://registry.npmjs.org/ng-packagr 3ms (cache hit)
94 silly packumentCache full:https://registry.npmjs.org/ng-packagr set size:1115816 disposed:false
95 silly fetch manifest tailwindcss@^2.0.0 || ^3.0.0 || ^4.0.0
96 silly packumentCache full:https://registry.npmjs.org/tailwindcss cache-miss
97 http cache https://registry.npmjs.org/tailwindcss 13ms (cache hit)
98 silly packumentCache full:https://registry.npmjs.org/tailwindcss set size:10647510 disposed:false
99 silly fetch manifest postcss@^8.4.0
100 silly packumentCache full:https://registry.npmjs.org/postcss cache-miss
101 http cache https://registry.npmjs.org/postcss 5ms (cache hit)
102 silly packumentCache full:https://registry.npmjs.org/postcss set size:723316 disposed:false
103 silly fetch manifest vitest@^3.1.1
104 silly packumentCache full:https://registry.npmjs.org/vitest cache-miss
105 http cache https://registry.npmjs.org/vitest 7ms (cache hit)
106 silly packumentCache full:https://registry.npmjs.org/vitest set size:2190482 disposed:false
107 silly fetch manifest @edge-runtime/vm@*
108 silly packumentCache full:https://registry.npmjs.org/@edge-runtime%2fvm cache-miss
109 http cache https://registry.npmjs.org/@edge-runtime%2fvm 2ms (cache hit)
110 silly packumentCache full:https://registry.npmjs.org/@edge-runtime%2fvm set size:269934 disposed:false
111 silly fetch manifest @types/debug@^4.1.12
112 silly packumentCache full:https://registry.npmjs.org/@types%2fdebug cache-miss
113 http cache https://registry.npmjs.org/@types%2fdebug 1ms (cache hit)
114 silly packumentCache full:https://registry.npmjs.org/@types%2fdebug set size:55727 disposed:false
115 silly fetch manifest @types/node@^18.0.0 || ^20.0.0 || >=22.0.0
116 silly packumentCache full:https://registry.npmjs.org/@types%2fnode cache-miss
117 http cache https://registry.npmjs.org/@types%2fnode 11ms (cache hit)
118 silly packumentCache full:https://registry.npmjs.org/@types%2fnode set size:11047915 disposed:false
119 silly fetch manifest @vitest/browser@3.2.6
120 silly packumentCache full:https://registry.npmjs.org/@vitest%2fbrowser cache-miss
121 http cache https://registry.npmjs.org/@vitest%2fbrowser 4ms (cache hit)
122 silly packumentCache full:https://registry.npmjs.org/@vitest%2fbrowser set size:765315 disposed:false
123 silly fetch manifest playwright@*
124 silly packumentCache full:https://registry.npmjs.org/playwright cache-miss
125 http cache https://registry.npmjs.org/playwright 21ms (cache hit)
126 silly packumentCache full:https://registry.npmjs.org/playwright set size:16362358 disposed:false
127 silly fetch manifest webdriverio@^7.0.0 || ^8.0.0 || ^9.0.0
128 silly packumentCache full:https://registry.npmjs.org/webdriverio cache-miss
129 http cache https://registry.npmjs.org/webdriverio 11ms (cache hit)
130 silly packumentCache full:https://registry.npmjs.org/webdriverio set size:3133693 disposed:false
131 silly fetch manifest puppeteer-core@>=22.x || <=24.x
132 silly packumentCache full:https://registry.npmjs.org/puppeteer-core cache-miss
133 http cache https://registry.npmjs.org/puppeteer-core 3ms (cache hit)
134 silly packumentCache full:https://registry.npmjs.org/puppeteer-core set size:1536152 disposed:false
135 silly fetch manifest @vitest/ui@3.2.6
136 silly packumentCache full:https://registry.npmjs.org/@vitest%2fui cache-miss
137 http cache https://registry.npmjs.org/@vitest%2fui 3ms (cache hit)
138 silly packumentCache full:https://registry.npmjs.org/@vitest%2fui set size:1254752 disposed:false
139 silly fetch manifest happy-dom@*
140 silly packumentCache full:https://registry.npmjs.org/happy-dom cache-miss
141 http cache https://registry.npmjs.org/happy-dom 5ms (cache hit)
142 silly packumentCache full:https://registry.npmjs.org/happy-dom set size:2465679 disposed:false
143 silly fetch manifest jsdom@*
144 silly packumentCache full:https://registry.npmjs.org/jsdom cache-miss
145 http cache https://registry.npmjs.org/jsdom 4ms (cache hit)
146 silly packumentCache full:https://registry.npmjs.org/jsdom set size:1064917 disposed:false
147 silly fetch manifest canvas@^3.0.0
148 silly packumentCache full:https://registry.npmjs.org/canvas cache-miss
149 http cache https://registry.npmjs.org/canvas 2ms (cache hit)
150 silly packumentCache full:https://registry.npmjs.org/canvas set size:372046 disposed:false
151 silly fetch manifest @angular/cli@^20.2.1
152 silly packumentCache full:https://registry.npmjs.org/@angular%2fcli cache-miss
153 http cache https://registry.npmjs.org/@angular%2fcli 4ms (cache hit)
154 silly packumentCache full:https://registry.npmjs.org/@angular%2fcli set size:3165524 disposed:false
155 silly fetch manifest @commitlint/cli@^21.0.2
156 silly packumentCache full:https://registry.npmjs.org/@commitlint%2fcli cache-miss
157 http cache https://registry.npmjs.org/@commitlint%2fcli 4ms (cache hit)
158 silly packumentCache full:https://registry.npmjs.org/@commitlint%2fcli set size:432841 disposed:false
159 silly fetch manifest @commitlint/config-conventional@^21.0.2
160 silly packumentCache full:https://registry.npmjs.org/@commitlint%2fconfig-conventional cache-miss
161 http cache https://registry.npmjs.org/@commitlint%2fconfig-conventional 2ms (cache hit)
162 silly packumentCache full:https://registry.npmjs.org/@commitlint%2fconfig-conventional set size:259521 disposed:false
163 silly fetch manifest @types/jasmine@~5.1.0
164 silly packumentCache full:https://registry.npmjs.org/@types%2fjasmine cache-miss
165 http cache https://registry.npmjs.org/@types%2fjasmine 2ms (cache hit)
166 silly packumentCache full:https://registry.npmjs.org/@types%2fjasmine set size:520126 disposed:false
167 silly fetch manifest angular-eslint@21.0.1
168 silly packumentCache full:https://registry.npmjs.org/angular-eslint cache-miss
169 http cache https://registry.npmjs.org/angular-eslint 3ms (cache hit)
170 silly packumentCache full:https://registry.npmjs.org/angular-eslint set size:1357998 disposed:false
171 silly fetch manifest eslint@^9.39.1
172 silly packumentCache full:https://registry.npmjs.org/eslint cache-miss
173 http cache https://registry.npmjs.org/eslint 3ms (cache hit)
174 silly packumentCache full:https://registry.npmjs.org/eslint set size:2011545 disposed:false
175 silly fetch manifest jiti@*
176 silly packumentCache full:https://registry.npmjs.org/jiti cache-miss
177 http cache https://registry.npmjs.org/jiti 2ms (cache hit)
178 silly packumentCache full:https://registry.npmjs.org/jiti set size:387989 disposed:false
179 silly fetch manifest typescript-eslint@8.46.4
180 silly packumentCache full:https://registry.npmjs.org/typescript-eslint cache-miss
181 http cache https://registry.npmjs.org/typescript-eslint 5ms (cache hit)
182 silly packumentCache full:https://registry.npmjs.org/typescript-eslint set size:4077473 disposed:false
183 silly fetch manifest eslint-config-prettier@^10.1.8
184 silly packumentCache full:https://registry.npmjs.org/eslint-config-prettier cache-miss
185 http cache https://registry.npmjs.org/eslint-config-prettier 2ms (cache hit)
186 silly packumentCache full:https://registry.npmjs.org/eslint-config-prettier set size:231551 disposed:false
187 silly fetch manifest husky@^9.1.7
188 silly packumentCache full:https://registry.npmjs.org/husky cache-miss
189 http cache https://registry.npmjs.org/husky 2ms (cache hit)
190 silly packumentCache full:https://registry.npmjs.org/husky set size:643645 disposed:false
191 silly fetch manifest jasmine-core@~5.9.0
192 silly packumentCache full:https://registry.npmjs.org/jasmine-core cache-miss
193 http cache https://registry.npmjs.org/jasmine-core 2ms (cache hit)
194 silly packumentCache full:https://registry.npmjs.org/jasmine-core set size:234688 disposed:false
195 silly fetch manifest karma-chrome-launcher@~3.2.0
196 silly packumentCache full:https://registry.npmjs.org/karma-chrome-launcher cache-miss
197 http cache https://registry.npmjs.org/karma-chrome-launcher 1ms (cache hit)
198 silly packumentCache full:https://registry.npmjs.org/karma-chrome-launcher set size:86868 disposed:false
199 silly fetch manifest karma-coverage@~2.2.0
200 silly packumentCache full:https://registry.npmjs.org/karma-coverage cache-miss
201 http cache https://registry.npmjs.org/karma-coverage 1ms (cache hit)
202 silly packumentCache full:https://registry.npmjs.org/karma-coverage set size:165083 disposed:false
203 silly fetch manifest karma-jasmine@~5.1.0
204 silly packumentCache full:https://registry.npmjs.org/karma-jasmine cache-miss
205 http cache https://registry.npmjs.org/karma-jasmine 2ms (cache hit)
206 silly packumentCache full:https://registry.npmjs.org/karma-jasmine set size:165501 disposed:false
207 silly fetch manifest karma-jasmine-html-reporter@~2.1.0
208 silly packumentCache full:https://registry.npmjs.org/karma-jasmine-html-reporter cache-miss
209 http cache https://registry.npmjs.org/karma-jasmine-html-reporter 1ms (cache hit)
210 silly packumentCache full:https://registry.npmjs.org/karma-jasmine-html-reporter set size:63300 disposed:false
211 silly fetch manifest lint-staged@^16.4.0
212 silly packumentCache full:https://registry.npmjs.org/lint-staged cache-miss
213 http cache https://registry.npmjs.org/lint-staged 3ms (cache hit)
214 silly packumentCache full:https://registry.npmjs.org/lint-staged set size:975786 disposed:false
215 silly fetch manifest prettier@^3.8.4
216 silly packumentCache full:https://registry.npmjs.org/prettier cache-miss
217 http cache https://registry.npmjs.org/prettier 2ms (cache hit)
218 silly packumentCache full:https://registry.npmjs.org/prettier set size:670758 disposed:false
219 silly placeDep ROOT @angular/build@20.3.28 OK for: push-angular@0.0.0 want: ^20.2.1
220 silly placeDep ROOT tslib@2.8.1 OK for: @angular/build@20.3.28 want: ^2.3.0
221 silly placeDep ROOT typescript@5.9.3 OK for: @angular/build@20.3.28 want: >=5.8 <6.0
222 silly placeDep ROOT @angular/compiler@20.3.25 OK for: @angular/build@20.3.28 want: ^20.0.0
223 silly placeDep ROOT @angular/compiler-cli@20.3.25 OK for: @angular/build@20.3.28 want: ^20.0.0
224 silly placeDep ROOT @angular/cli@20.3.28 OK for: push-angular@0.0.0 want: ^20.2.1
225 silly placeDep ROOT @angular/common@20.3.25 OK for: push-angular@0.0.0 want: ^20.2.0
226 silly placeDep ROOT rxjs@7.8.2 OK for: @angular/common@20.3.25 want: ^6.5.3 || ^7.4.0
227 silly placeDep ROOT @angular/core@20.3.25 OK for: @angular/common@20.3.25 want: 20.3.25
228 silly placeDep ROOT @angular/forms@20.3.25 OK for: push-angular@0.0.0 want: ^20.2.0
229 silly placeDep ROOT @angular/platform-browser@20.3.25 OK for: @angular/forms@20.3.25 want: 20.3.25
230 silly placeDep ROOT @angular/router@20.3.25 OK for: push-angular@0.0.0 want: ^20.2.0
231 silly placeDep ROOT @commitlint/cli@21.0.2 OK for: push-angular@0.0.0 want: ^21.0.2
232 silly placeDep ROOT @commitlint/config-conventional@21.0.2 OK for: push-angular@0.0.0 want: ^21.0.2
233 silly placeDep ROOT @types/jasmine@5.1.15 OK for: push-angular@0.0.0 want: ~5.1.0
234 silly placeDep ROOT angular-eslint@21.0.1 OK for: push-angular@0.0.0 want: 21.0.1
235 silly placeDep ROOT eslint@9.39.4 OK for: angular-eslint@21.0.1 want: ^8.57.0 || ^9.0.0
236 silly placeDep ROOT typescript-eslint@8.46.4 OK for: angular-eslint@21.0.1 want: ^8.0.0
237 silly placeDep ROOT eslint-config-prettier@10.1.8 OK for: push-angular@0.0.0 want: ^10.1.8
238 silly placeDep ROOT husky@9.1.7 OK for: push-angular@0.0.0 want: ^9.1.7
239 silly placeDep ROOT jasmine-core@5.9.0 OK for: push-angular@0.0.0 want: ~5.9.0
240 silly placeDep ROOT karma@6.4.4 OK for: push-angular@0.0.0 want: ~6.4.0
241 silly placeDep ROOT karma-chrome-launcher@3.2.0 OK for: push-angular@0.0.0 want: ~3.2.0
242 silly placeDep ROOT karma-coverage@2.2.1 OK for: push-angular@0.0.0 want: ~2.2.0
243 silly placeDep ROOT karma-jasmine@5.1.0 OK for: push-angular@0.0.0 want: ~5.1.0
244 silly placeDep ROOT karma-jasmine-html-reporter@2.1.0 OK for: push-angular@0.0.0 want: ~2.1.0
245 silly placeDep ROOT lint-staged@16.4.0 OK for: push-angular@0.0.0 want: ^16.4.0
246 silly placeDep ROOT prettier@3.8.4 OK for: push-angular@0.0.0 want: ^3.8.4
247 silly placeDep ROOT zone.js@0.15.1 OK for: push-angular@0.0.0 want: ~0.15.0
248 silly fetch manifest sass@1.90.0
249 silly packumentCache full:https://registry.npmjs.org/sass cache-miss
250 silly fetch manifest vite@7.3.2
251 silly packumentCache full:https://registry.npmjs.org/vite cache-miss
252 silly fetch manifest listr2@9.0.1
253 silly packumentCache full:https://registry.npmjs.org/listr2 cache-miss
254 silly fetch manifest mrmime@2.0.1
255 silly packumentCache full:https://registry.npmjs.org/mrmime cache-miss
256 silly fetch manifest rollup@4.59.0
257 silly packumentCache full:https://registry.npmjs.org/rollup cache-miss
258 silly fetch manifest semver@7.7.2
259 silly packumentCache full:https://registry.npmjs.org/semver cache-miss
260 silly fetch manifest esbuild@0.28.0
261 silly packumentCache full:https://registry.npmjs.org/esbuild cache-miss
262 http cache https://registry.npmjs.org/sass 8ms (cache hit)
263 silly packumentCache full:https://registry.npmjs.org/sass set size:730445 disposed:false
264 silly fetch manifest piscina@5.1.3
265 silly packumentCache full:https://registry.npmjs.org/piscina cache-miss
266 http cache https://registry.npmjs.org/rollup 17ms (cache hit)
267 silly packumentCache full:https://registry.npmjs.org/rollup set size:6217825 disposed:false
268 silly fetch manifest beasties@0.3.5
269 silly packumentCache full:https://registry.npmjs.org/beasties cache-miss
270 http cache https://registry.npmjs.org/esbuild 52ms (cache hit)
271 silly packumentCache full:https://registry.npmjs.org/esbuild set size:1259608 disposed:false
272 silly fetch manifest picomatch@4.0.4
273 silly packumentCache full:https://registry.npmjs.org/picomatch cache-miss
274 http cache https://registry.npmjs.org/mrmime 56ms (cache hit)
275 silly packumentCache full:https://registry.npmjs.org/mrmime set size:17044 disposed:false
276 silly fetch manifest watchpack@2.4.4
277 silly packumentCache full:https://registry.npmjs.org/watchpack cache-miss
278 http cache https://registry.npmjs.org/semver 57ms (cache hit)
279 silly packumentCache full:https://registry.npmjs.org/semver set size:243512 disposed:false
280 silly fetch manifest tinyglobby@0.2.14
281 silly packumentCache full:https://registry.npmjs.org/tinyglobby cache-miss
282 http cache https://registry.npmjs.org/vite 87ms (cache hit)
283 silly packumentCache full:https://registry.npmjs.org/vite set size:38863551 disposed:false
284 silly fetch manifest @babel/core@7.28.3
285 silly packumentCache full:https://registry.npmjs.org/@babel%2fcore cache-miss
286 http cache https://registry.npmjs.org/listr2 198ms (cache hit)
287 silly packumentCache full:https://registry.npmjs.org/listr2 set size:1056609 disposed:false
288 silly fetch manifest browserslist@^4.23.0
289 silly packumentCache full:https://registry.npmjs.org/browserslist cache-miss
290 http cache https://registry.npmjs.org/tinyglobby 146ms (cache hit)
291 silly packumentCache full:https://registry.npmjs.org/tinyglobby set size:54291 disposed:false
292 silly fetch manifest jsonc-parser@3.3.1
293 silly packumentCache full:https://registry.npmjs.org/jsonc-parser cache-miss
294 http cache https://registry.npmjs.org/piscina 193ms (cache hit)
295 silly packumentCache full:https://registry.npmjs.org/piscina set size:172181 disposed:false
296 silly fetch manifest magic-string@0.30.17
297 silly packumentCache full:https://registry.npmjs.org/magic-string cache-miss
298 http cache https://registry.npmjs.org/beasties 158ms (cache hit)
299 silly packumentCache full:https://registry.npmjs.org/beasties set size:48890 disposed:false
300 silly fetch manifest @inquirer/confirm@5.1.14
301 silly packumentCache full:https://registry.npmjs.org/@inquirer%2fconfirm cache-miss
302 http cache https://registry.npmjs.org/picomatch 150ms (cache hit)
303 silly packumentCache full:https://registry.npmjs.org/picomatch set size:126376 disposed:false
304 silly fetch manifest https-proxy-agent@7.0.6
305 silly packumentCache full:https://registry.npmjs.org/https-proxy-agent cache-miss
306 http cache https://registry.npmjs.org/watchpack 152ms (cache hit)
307 silly packumentCache full:https://registry.npmjs.org/watchpack set size:148533 disposed:false
308 silly fetch manifest source-map-support@0.5.21
309 silly packumentCache full:https://registry.npmjs.org/source-map-support cache-miss
310 http cache https://registry.npmjs.org/@babel%2fcore 13ms (cache hit)
311 silly packumentCache full:https://registry.npmjs.org/@babel%2fcore set size:779631 disposed:false
312 silly fetch manifest @ampproject/remapping@2.3.0
313 silly packumentCache full:https://registry.npmjs.org/@ampproject%2fremapping cache-miss
314 http cache https://registry.npmjs.org/browserslist 12ms (cache hit)
315 silly packumentCache full:https://registry.npmjs.org/browserslist set size:504681 disposed:false
316 silly fetch manifest istanbul-lib-instrument@6.0.3
317 silly packumentCache full:https://registry.npmjs.org/istanbul-lib-instrument cache-miss
318 http cache https://registry.npmjs.org/@inquirer%2fconfirm 14ms (cache hit)
319 silly packumentCache full:https://registry.npmjs.org/@inquirer%2fconfirm set size:320882 disposed:false
320 silly fetch manifest @vitejs/plugin-basic-ssl@2.1.0
321 silly packumentCache full:https://registry.npmjs.org/@vitejs%2fplugin-basic-ssl cache-miss
322 http cache https://registry.npmjs.org/magic-string 16ms (cache hit)
323 silly packumentCache full:https://registry.npmjs.org/magic-string set size:331817 disposed:false
324 silly fetch manifest @angular-devkit/architect@0.2003.28
325 silly packumentCache full:https://registry.npmjs.org/@angular-devkit%2farchitect cache-miss
326 http cache https://registry.npmjs.org/jsonc-parser 20ms (cache hit)
327 silly packumentCache full:https://registry.npmjs.org/jsonc-parser set size:99919 disposed:false
328 silly fetch manifest parse5-html-rewriting-stream@8.0.0
329 silly packumentCache full:https://registry.npmjs.org/parse5-html-rewriting-stream cache-miss
330 http cache https://registry.npmjs.org/https-proxy-agent 27ms (cache hit)
331 silly packumentCache full:https://registry.npmjs.org/https-proxy-agent set size:83792 disposed:false
332 silly fetch manifest @babel/helper-annotate-as-pure@7.27.3
333 silly packumentCache full:https://registry.npmjs.org/@babel%2fhelper-annotate-as-pure cache-miss
334 http cache https://registry.npmjs.org/source-map-support 28ms (cache hit)
335 silly packumentCache full:https://registry.npmjs.org/source-map-support set size:125488 disposed:false
336 silly fetch manifest @babel/helper-split-export-declaration@7.24.7
337 silly packumentCache full:https://registry.npmjs.org/@babel%2fhelper-split-export-declaration cache-miss
338 http cache https://registry.npmjs.org/@ampproject%2fremapping 25ms (cache hit)
339 silly packumentCache full:https://registry.npmjs.org/@ampproject%2fremapping set size:88598 disposed:false
340 silly fetch manifest lmdb@3.4.2
341 silly packumentCache full:https://registry.npmjs.org/lmdb cache-miss
342 http cache https://registry.npmjs.org/@vitejs%2fplugin-basic-ssl 18ms (cache hit)
343 silly packumentCache full:https://registry.npmjs.org/@vitejs%2fplugin-basic-ssl set size:45104 disposed:false
344 silly fetch manifest yargs@^18.0.0
345 silly packumentCache full:https://registry.npmjs.org/yargs cache-miss
346 http cache https://registry.npmjs.org/istanbul-lib-instrument 24ms (cache hit)
347 silly packumentCache full:https://registry.npmjs.org/istanbul-lib-instrument set size:219175 disposed:false
348 silly fetch manifest semver@^7.0.0
349 silly packumentCache full:https://registry.npmjs.org/semver cache-hit
350 silly fetch manifest chokidar@^4.0.0
351 silly packumentCache full:https://registry.npmjs.org/chokidar cache-miss
352 http cache https://registry.npmjs.org/@angular-devkit%2farchitect 18ms (cache hit)
353 silly packumentCache full:https://registry.npmjs.org/@angular-devkit%2farchitect set size:2174822 disposed:false
354 silly fetch manifest reflect-metadata@^0.2.0
355 silly packumentCache full:https://registry.npmjs.org/reflect-metadata cache-miss
356 http cache https://registry.npmjs.org/parse5-html-rewriting-stream 23ms (cache hit)
357 silly packumentCache full:https://registry.npmjs.org/parse5-html-rewriting-stream set size:23913 disposed:false
358 silly fetch manifest convert-source-map@^1.5.1
359 silly packumentCache full:https://registry.npmjs.org/convert-source-map cache-miss
360 http cache https://registry.npmjs.org/@babel%2fhelper-annotate-as-pure 15ms (cache hit)
361 silly packumentCache full:https://registry.npmjs.org/@babel%2fhelper-annotate-as-pure set size:179510 disposed:false
362 silly fetch manifest @jridgewell/sourcemap-codec@^1.4.14
363 silly packumentCache full:https://registry.npmjs.org/@jridgewell%2fsourcemap-codec cache-miss
364 http cache https://registry.npmjs.org/@babel%2fhelper-split-export-declaration 16ms (cache hit)
365 silly packumentCache full:https://registry.npmjs.org/@babel%2fhelper-split-export-declaration set size:132747 disposed:false
366 silly fetch manifest ini@5.0.0
367 silly packumentCache full:https://registry.npmjs.org/ini cache-miss
368 http cache https://registry.npmjs.org/convert-source-map 5ms (cache hit)
369 silly packumentCache full:https://registry.npmjs.org/convert-source-map set size:66997 disposed:false
370 silly fetch manifest zod@4.1.13
371 silly packumentCache full:https://registry.npmjs.org/zod cache-miss
372 http cache https://registry.npmjs.org/lmdb 17ms (cache hit)
373 silly packumentCache full:https://registry.npmjs.org/lmdb set size:977039 disposed:false
374 silly fetch manifest yargs@18.0.0
375 silly packumentCache full:https://registry.npmjs.org/yargs cache-miss
376 http cache https://registry.npmjs.org/reflect-metadata 8ms (cache hit)
377 silly packumentCache full:https://registry.npmjs.org/reflect-metadata set size:61305 disposed:false
378 silly fetch manifest pacote@21.0.4
379 silly packumentCache full:https://registry.npmjs.org/pacote cache-miss
380 http cache https://registry.npmjs.org/yargs 19ms (cache hit)
381 silly packumentCache full:https://registry.npmjs.org/yargs set size:740973 disposed:false
382 silly fetch manifest resolve@1.22.10
383 silly packumentCache full:https://registry.npmjs.org/resolve cache-miss
384 http cache https://registry.npmjs.org/@jridgewell%2fsourcemap-codec 12ms (cache hit)
385 silly packumentCache full:https://registry.npmjs.org/@jridgewell%2fsourcemap-codec set size:51856 disposed:false
386 silly fetch manifest algoliasearch@5.35.0
387 silly packumentCache full:https://registry.npmjs.org/algoliasearch cache-miss
388 http cache https://registry.npmjs.org/chokidar 22ms (cache hit)
389 silly packumentCache full:https://registry.npmjs.org/chokidar set size:255902 disposed:false
390 silly fetch manifest npm-package-arg@13.0.0
391 silly packumentCache full:https://registry.npmjs.org/npm-package-arg cache-miss
392 http cache https://registry.npmjs.org/ini 15ms (cache hit)
393 silly packumentCache full:https://registry.npmjs.org/ini set size:59180 disposed:false
394 silly fetch manifest @inquirer/prompts@7.8.2
395 silly packumentCache full:https://registry.npmjs.org/@inquirer%2fprompts cache-miss
396 http cache https://registry.npmjs.org/yargs 12ms (cache hit)
397 silly packumentCache full:https://registry.npmjs.org/yargs set size:740973 disposed:false
398 silly packumentCache full:https://registry.npmjs.org/yargs dispose
399 silly fetch manifest @yarnpkg/lockfile@1.1.0
400 silly packumentCache full:https://registry.npmjs.org/@yarnpkg%2flockfile cache-miss
401 http cache https://registry.npmjs.org/pacote 15ms (cache hit)
402 silly packumentCache full:https://registry.npmjs.org/pacote set size:763537 disposed:false
403 silly fetch manifest @schematics/angular@20.3.28
404 silly packumentCache full:https://registry.npmjs.org/@schematics%2fangular cache-miss
405 http cache https://registry.npmjs.org/resolve 15ms (cache hit)
406 silly packumentCache full:https://registry.npmjs.org/resolve set size:244568 disposed:false
407 silly fetch manifest @angular-devkit/core@20.3.28
408 silly packumentCache full:https://registry.npmjs.org/@angular-devkit%2fcore cache-miss
409 http cache https://registry.npmjs.org/zod 26ms (cache hit)
410 silly packumentCache full:https://registry.npmjs.org/zod set size:3552562 disposed:false
411 silly fetch manifest @modelcontextprotocol/sdk@1.26.0
412 silly packumentCache full:https://registry.npmjs.org/@modelcontextprotocol%2fsdk cache-miss
413 http cache https://registry.npmjs.org/npm-package-arg 29ms (cache hit)
414 silly packumentCache full:https://registry.npmjs.org/npm-package-arg set size:133940 disposed:false
415 silly fetch manifest @angular-devkit/schematics@20.3.28
416 silly packumentCache full:https://registry.npmjs.org/@angular-devkit%2fschematics cache-miss
417 http cache https://registry.npmjs.org/algoliasearch 34ms (cache hit)
418 silly packumentCache full:https://registry.npmjs.org/algoliasearch set size:1796984 disposed:false
419 silly fetch manifest @listr2/prompt-adapter-inquirer@3.0.1
420 silly packumentCache full:https://registry.npmjs.org/@listr2%2fprompt-adapter-inquirer cache-miss
421 http cache https://registry.npmjs.org/@yarnpkg%2flockfile 31ms (cache hit)
422 silly packumentCache full:https://registry.npmjs.org/@yarnpkg%2flockfile set size:8937 disposed:false
423 silly fetch manifest @commitlint/format@^21.0.1
424 silly packumentCache full:https://registry.npmjs.org/@commitlint%2fformat cache-miss
425 http cache https://registry.npmjs.org/@inquirer%2fprompts 36ms (cache hit)
426 silly packumentCache full:https://registry.npmjs.org/@inquirer%2fprompts set size:331361 disposed:false
427 silly fetch manifest @commitlint/lint@^21.0.2
428 silly packumentCache full:https://registry.npmjs.org/@commitlint%2flint cache-miss
429 http cache https://registry.npmjs.org/@schematics%2fangular 32ms (cache hit)
430 silly packumentCache full:https://registry.npmjs.org/@schematics%2fangular set size:2386712 disposed:false
431 silly fetch manifest @commitlint/load@^21.0.2
432 silly packumentCache full:https://registry.npmjs.org/@commitlint%2fload cache-miss
433 http cache https://registry.npmjs.org/@angular-devkit%2fcore 39ms (cache hit)
434 silly packumentCache full:https://registry.npmjs.org/@angular-devkit%2fcore set size:2380308 disposed:false
435 silly fetch manifest @commitlint/read@^21.0.2
436 silly packumentCache full:https://registry.npmjs.org/@commitlint%2fread cache-miss
437 http cache https://registry.npmjs.org/@modelcontextprotocol%2fsdk 35ms (cache hit)
438 silly packumentCache full:https://registry.npmjs.org/@modelcontextprotocol%2fsdk set size:295660 disposed:false
439 silly fetch manifest @commitlint/types@^21.0.1
440 silly packumentCache full:https://registry.npmjs.org/@commitlint%2ftypes cache-miss
441 http cache https://registry.npmjs.org/@listr2%2fprompt-adapter-inquirer 26ms (cache hit)
442 silly packumentCache full:https://registry.npmjs.org/@listr2%2fprompt-adapter-inquirer set size:131647 disposed:false
443 silly fetch manifest tinyexec@^1.0.0
444 silly packumentCache full:https://registry.npmjs.org/tinyexec cache-miss
445 http cache https://registry.npmjs.org/@angular-devkit%2fschematics 37ms (cache hit)
446 silly packumentCache full:https://registry.npmjs.org/@angular-devkit%2fschematics set size:2328170 disposed:false
447 silly fetch manifest @commitlint/types@^21.0.1
448 silly packumentCache full:https://registry.npmjs.org/@commitlint%2ftypes cache-miss
449 http cache https://registry.npmjs.org/@commitlint%2fformat 34ms (cache hit)
450 silly packumentCache full:https://registry.npmjs.org/@commitlint%2fformat set size:177475 disposed:false
451 silly fetch manifest conventional-changelog-conventionalcommits@^9.2.0
452 silly packumentCache full:https://registry.npmjs.org/conventional-changelog-conventionalcommits cache-miss
453 http cache https://registry.npmjs.org/@commitlint%2flint 34ms (cache hit)
454 silly packumentCache full:https://registry.npmjs.org/@commitlint%2flint set size:265989 disposed:false
455 silly fetch manifest @angular-devkit/core@>= 21.0.0 < 22.0.0
456 silly packumentCache full:https://registry.npmjs.org/@angular-devkit%2fcore cache-miss
457 http cache https://registry.npmjs.org/@commitlint%2fload 27ms (cache hit)
458 silly packumentCache full:https://registry.npmjs.org/@commitlint%2fload set size:298383 disposed:false
459 silly fetch manifest @angular-eslint/builder@21.0.1
460 silly packumentCache full:https://registry.npmjs.org/@angular-eslint%2fbuilder cache-miss
461 http cache https://registry.npmjs.org/@commitlint%2fread 20ms (cache hit)
462 silly packumentCache full:https://registry.npmjs.org/@commitlint%2fread set size:190109 disposed:false
463 silly fetch manifest @typescript-eslint/types@^8.0.0
464 silly packumentCache full:https://registry.npmjs.org/@typescript-eslint%2ftypes cache-miss
465 http cache https://registry.npmjs.org/@commitlint%2ftypes 18ms (cache hit)
466 silly packumentCache full:https://registry.npmjs.org/@commitlint%2ftypes set size:98796 disposed:false
467 silly fetch manifest @typescript-eslint/utils@^8.0.0
468 silly packumentCache full:https://registry.npmjs.org/@typescript-eslint%2futils cache-miss
469 http cache https://registry.npmjs.org/@commitlint%2ftypes 8ms (cache hit)
470 silly packumentCache full:https://registry.npmjs.org/@commitlint%2ftypes set size:98796 disposed:false
471 silly packumentCache full:https://registry.npmjs.org/@commitlint%2ftypes dispose
472 silly fetch manifest @angular-devkit/schematics@>= 21.0.0 < 22.0.0
473 silly packumentCache full:https://registry.npmjs.org/@angular-devkit%2fschematics cache-miss
474 http cache https://registry.npmjs.org/tinyexec 16ms (cache hit)
475 silly packumentCache full:https://registry.npmjs.org/tinyexec set size:63398 disposed:false
476 silly fetch manifest @angular-eslint/schematics@21.0.1
477 silly packumentCache full:https://registry.npmjs.org/@angular-eslint%2fschematics cache-miss
478 http cache https://registry.npmjs.org/conventional-changelog-conventionalcommits 9ms (cache hit)
479 silly packumentCache full:https://registry.npmjs.org/conventional-changelog-conventionalcommits set size:88164 disposed:false
480 silly fetch manifest @angular-eslint/eslint-plugin@21.0.1
481 silly packumentCache full:https://registry.npmjs.org/@angular-eslint%2feslint-plugin cache-miss
482 http cache https://registry.npmjs.org/@angular-devkit%2fcore 11ms (cache hit)
483 silly packumentCache full:https://registry.npmjs.org/@angular-devkit%2fcore set size:2380308 disposed:false
484 silly fetch manifest @angular-eslint/template-parser@21.0.1
485 silly packumentCache full:https://registry.npmjs.org/@angular-eslint%2ftemplate-parser cache-miss
486 http cache https://registry.npmjs.org/@angular-eslint%2fbuilder 21ms (cache hit)
487 silly packumentCache full:https://registry.npmjs.org/@angular-eslint%2fbuilder set size:2673957 disposed:false
488 silly fetch manifest @angular-eslint/eslint-plugin-template@21.0.1
489 silly packumentCache full:https://registry.npmjs.org/@angular-eslint%2feslint-plugin-template cache-miss
490 http cache https://registry.npmjs.org/@typescript-eslint%2ftypes 37ms (cache hit)
491 silly packumentCache full:https://registry.npmjs.org/@typescript-eslint%2ftypes set size:12343481 disposed:false
492 silly fetch manifest @typescript-eslint/utils@8.46.4
493 silly packumentCache full:https://registry.npmjs.org/@typescript-eslint%2futils cache-miss
494 http cache https://registry.npmjs.org/@typescript-eslint%2futils 79ms (cache hit)
495 silly packumentCache full:https://registry.npmjs.org/@typescript-eslint%2futils set size:10251956 disposed:false
496 silly fetch manifest @typescript-eslint/parser@8.46.4
497 silly packumentCache full:https://registry.npmjs.org/@typescript-eslint%2fparser cache-miss
498 http cache https://registry.npmjs.org/@angular-devkit%2fschematics 132ms (cache hit)
499 silly packumentCache full:https://registry.npmjs.org/@angular-devkit%2fschematics set size:2328170 disposed:false
500 silly fetch manifest @typescript-eslint/eslint-plugin@8.46.4
501 silly packumentCache full:https://registry.npmjs.org/@typescript-eslint%2feslint-plugin cache-miss
502 http cache https://registry.npmjs.org/@angular-eslint%2fschematics 144ms (cache hit)
503 silly packumentCache full:https://registry.npmjs.org/@angular-eslint%2fschematics set size:3434997 disposed:false
504 silly fetch manifest @typescript-eslint/typescript-estree@8.46.4
505 silly packumentCache full:https://registry.npmjs.org/@typescript-eslint%2ftypescript-estree cache-miss
506 http cache https://registry.npmjs.org/@angular-eslint%2feslint-plugin 156ms (cache hit)
507 silly packumentCache full:https://registry.npmjs.org/@angular-eslint%2feslint-plugin set size:2884350 disposed:false
508 silly fetch manifest ajv@^6.14.0
509 silly packumentCache full:https://registry.npmjs.org/ajv cache-miss
510 http cache https://registry.npmjs.org/@typescript-eslint%2futils 107ms (cache hit)
511 silly packumentCache full:https://registry.npmjs.org/@typescript-eslint%2futils set size:10251956 disposed:false
512 silly fetch manifest chalk@^4.0.0
513 silly packumentCache full:https://registry.npmjs.org/chalk cache-miss
514 http cache https://registry.npmjs.org/@angular-eslint%2ftemplate-parser 199ms (cache hit)
515 silly packumentCache full:https://registry.npmjs.org/@angular-eslint%2ftemplate-parser set size:2715722 disposed:false
516 silly fetch manifest debug@^4.3.2
517 silly packumentCache full:https://registry.npmjs.org/debug cache-miss
518 http cache https://registry.npmjs.org/@angular-eslint%2feslint-plugin-template 196ms (cache hit)
519 silly packumentCache full:https://registry.npmjs.org/@angular-eslint%2feslint-plugin-template set size:3071540 disposed:false
520 silly fetch manifest espree@^10.4.0
521 silly packumentCache full:https://registry.npmjs.org/espree cache-miss
522 http cache https://registry.npmjs.org/@typescript-eslint%2fparser 115ms (cache hit)
523 silly packumentCache full:https://registry.npmjs.org/@typescript-eslint%2fparser set size:15281021 disposed:false
524 silly fetch manifest ignore@^5.2.0
525 silly packumentCache full:https://registry.npmjs.org/ignore cache-miss
526 http cache https://registry.npmjs.org/@typescript-eslint%2ftypescript-estree 181ms (cache hit)
527 silly packumentCache full:https://registry.npmjs.org/@typescript-eslint%2ftypescript-estree set size:16492200 disposed:false
528 silly fetch manifest esquery@^1.5.0
529 silly packumentCache full:https://registry.npmjs.org/esquery cache-miss
530 http cache https://registry.npmjs.org/chalk 177ms (cache hit)
531 silly packumentCache full:https://registry.npmjs.org/chalk set size:117861 disposed:false
532 silly fetch manifest esutils@^2.0.2
533 silly packumentCache full:https://registry.npmjs.org/esutils cache-miss
534 http cache https://registry.npmjs.org/ajv 238ms (cache hit)
535 silly packumentCache full:https://registry.npmjs.org/ajv set size:1142658 disposed:false
536 silly fetch manifest find-up@^5.0.0
537 silly packumentCache full:https://registry.npmjs.org/find-up cache-miss
538 http cache https://registry.npmjs.org/@typescript-eslint%2feslint-plugin 300ms (cache hit)
539 silly packumentCache full:https://registry.npmjs.org/@typescript-eslint%2feslint-plugin set size:18053521 disposed:false
540 silly fetch manifest is-glob@^4.0.0
541 silly packumentCache full:https://registry.npmjs.org/is-glob cache-miss
542 http cache https://registry.npmjs.org/ignore 206ms (cache hit)
543 silly packumentCache full:https://registry.npmjs.org/ignore set size:237380 disposed:false
544 silly fetch manifest minimatch@^3.1.5
545 silly packumentCache full:https://registry.npmjs.org/minimatch cache-miss
546 http cache https://registry.npmjs.org/debug 299ms (cache hit)
547 silly packumentCache full:https://registry.npmjs.org/debug set size:195840 disposed:false
548 silly fetch manifest @eslint/js@9.39.4
549 silly packumentCache full:https://registry.npmjs.org/@eslint%2fjs cache-miss
550 http cache https://registry.npmjs.org/espree 291ms (cache hit)
551 silly packumentCache full:https://registry.npmjs.org/espree set size:326080 disposed:false
552 silly fetch manifest optionator@^0.9.3
553 silly packumentCache full:https://registry.npmjs.org/optionator cache-miss
554 http cache https://registry.npmjs.org/esquery 140ms (cache hit)
555 silly packumentCache full:https://registry.npmjs.org/esquery set size:48888 disposed:false
556 silly fetch manifest cross-spawn@^7.0.6
557 silly packumentCache full:https://registry.npmjs.org/cross-spawn cache-miss
558 http cache https://registry.npmjs.org/find-up 102ms (cache hit)
559 silly packumentCache full:https://registry.npmjs.org/find-up set size:42620 disposed:false
560 silly fetch manifest glob-parent@^6.0.2
561 silly packumentCache full:https://registry.npmjs.org/glob-parent cache-miss
562 http cache https://registry.npmjs.org/minimatch 7ms (cache hit)
563 silly packumentCache full:https://registry.npmjs.org/minimatch set size:375282 disposed:false
564 silly fetch manifest imurmurhash@^0.1.4
565 silly packumentCache full:https://registry.npmjs.org/imurmurhash cache-miss
566 http cache https://registry.npmjs.org/is-glob 13ms (cache hit)
567 silly packumentCache full:https://registry.npmjs.org/is-glob set size:40530 disposed:false
568 silly fetch manifest @eslint/core@^0.17.0
569 silly packumentCache full:https://registry.npmjs.org/@eslint%2fcore cache-miss
570 http cache https://registry.npmjs.org/esutils 142ms (cache hit)
571 silly packumentCache full:https://registry.npmjs.org/esutils set size:29522 disposed:false
572 silly fetch manifest eslint-scope@^8.4.0
573 silly packumentCache full:https://registry.npmjs.org/eslint-scope cache-miss
574 http cache https://registry.npmjs.org/@eslint%2fjs 10ms (cache hit)
575 silly packumentCache full:https://registry.npmjs.org/@eslint%2fjs set size:140022 disposed:false
576 silly fetch manifest lodash.merge@^4.6.2
577 silly packumentCache full:https://registry.npmjs.org/lodash.merge cache-miss
578 http cache https://registry.npmjs.org/optionator 9ms (cache hit)
579 silly packumentCache full:https://registry.npmjs.org/optionator set size:49651 disposed:false
580 silly fetch manifest @humanfs/node@^0.16.6
581 silly packumentCache full:https://registry.npmjs.org/@humanfs%2fnode cache-miss
582 http cache https://registry.npmjs.org/glob-parent 8ms (cache hit)
583 silly packumentCache full:https://registry.npmjs.org/glob-parent set size:42445 disposed:false
584 silly fetch manifest @types/estree@^1.0.6
585 silly packumentCache full:https://registry.npmjs.org/@types%2festree cache-miss
586 http cache https://registry.npmjs.org/imurmurhash 7ms (cache hit)
587 silly packumentCache full:https://registry.npmjs.org/imurmurhash set size:35819 disposed:false
588 silly fetch manifest fast-deep-equal@^3.1.3
589 silly packumentCache full:https://registry.npmjs.org/fast-deep-equal cache-miss
590 http cache https://registry.npmjs.org/@eslint%2fcore 7ms (cache hit)
591 silly packumentCache full:https://registry.npmjs.org/@eslint%2fcore set size:58023 disposed:false
592 silly fetch manifest natural-compare@^1.4.0
593 silly packumentCache full:https://registry.npmjs.org/natural-compare cache-miss
594 http cache https://registry.npmjs.org/cross-spawn 11ms (cache hit)
595 silly packumentCache full:https://registry.npmjs.org/cross-spawn set size:109066 disposed:false
596 silly fetch manifest @eslint/eslintrc@^3.3.5
597 silly packumentCache full:https://registry.npmjs.org/@eslint%2feslintrc cache-miss
598 http cache https://registry.npmjs.org/eslint-scope 8ms (cache hit)
599 silly packumentCache full:https://registry.npmjs.org/eslint-scope set size:98867 disposed:false
600 silly fetch manifest file-entry-cache@^8.0.0
601 silly packumentCache full:https://registry.npmjs.org/file-entry-cache cache-miss
602 http cache https://registry.npmjs.org/@humanfs%2fnode 7ms (cache hit)
603 silly packumentCache full:https://registry.npmjs.org/@humanfs%2fnode set size:39629 disposed:false
604 silly fetch manifest @eslint/plugin-kit@^0.4.1
605 silly packumentCache full:https://registry.npmjs.org/@eslint%2fplugin-kit cache-miss
606 http cache https://registry.npmjs.org/lodash.merge 7ms (cache hit)
607 silly packumentCache full:https://registry.npmjs.org/lodash.merge set size:78575 disposed:false
608 silly fetch manifest eslint-visitor-keys@^4.2.1
609 silly packumentCache full:https://registry.npmjs.org/eslint-visitor-keys cache-miss
610 http cache https://registry.npmjs.org/@types%2festree 6ms (cache hit)
611 silly packumentCache full:https://registry.npmjs.org/@types%2festree set size:76072 disposed:false
612 silly fetch manifest @eslint/config-array@^0.21.2
613 silly packumentCache full:https://registry.npmjs.org/@eslint%2fconfig-array cache-miss
614 http cache https://registry.npmjs.org/natural-compare 6ms (cache hit)
615 silly packumentCache full:https://registry.npmjs.org/natural-compare set size:7852 disposed:false
616 silly fetch manifest @humanwhocodes/retry@^0.4.2
617 silly packumentCache full:https://registry.npmjs.org/@humanwhocodes%2fretry cache-miss
618 http cache https://registry.npmjs.org/fast-deep-equal 7ms (cache hit)
619 silly packumentCache full:https://registry.npmjs.org/fast-deep-equal set size:48634 disposed:false
620 silly fetch manifest escape-string-regexp@^4.0.0
621 silly packumentCache full:https://registry.npmjs.org/escape-string-regexp cache-miss
622 http cache https://registry.npmjs.org/@eslint%2feslintrc 6ms (cache hit)
623 silly packumentCache full:https://registry.npmjs.org/@eslint%2feslintrc set size:168674 disposed:false
624 silly fetch manifest @eslint/config-helpers@^0.4.2
625 silly packumentCache full:https://registry.npmjs.org/@eslint%2fconfig-helpers cache-miss
626 http cache https://registry.npmjs.org/file-entry-cache 6ms (cache hit)
627 silly packumentCache full:https://registry.npmjs.org/file-entry-cache set size:154007 disposed:false
628 silly fetch manifest @eslint-community/regexpp@^4.12.1
629 silly packumentCache full:https://registry.npmjs.org/@eslint-community%2fregexpp cache-miss
630 http cache https://registry.npmjs.org/eslint-visitor-keys 6ms (cache hit)
631 silly packumentCache full:https://registry.npmjs.org/eslint-visitor-keys set size:69949 disposed:false
632 silly fetch manifest @eslint-community/eslint-utils@^4.8.0
633 silly packumentCache full:https://registry.npmjs.org/@eslint-community%2feslint-utils cache-miss
634 http cache https://registry.npmjs.org/@eslint%2fplugin-kit 7ms (cache hit)
635 silly packumentCache full:https://registry.npmjs.org/@eslint%2fplugin-kit set size:76057 disposed:false
636 silly fetch manifest @humanwhocodes/module-importer@^1.0.1
637 silly packumentCache full:https://registry.npmjs.org/@humanwhocodes%2fmodule-importer cache-miss
638 http cache https://registry.npmjs.org/@humanwhocodes%2fretry 8ms (cache hit)
639 silly packumentCache full:https://registry.npmjs.org/@humanwhocodes%2fretry set size:42348 disposed:false
640 silly fetch manifest json-stable-stringify-without-jsonify@^1.0.1
641 silly packumentCache full:https://registry.npmjs.org/json-stable-stringify-without-jsonify cache-miss
642 http cache https://registry.npmjs.org/@eslint%2fconfig-array 8ms (cache hit)
643 silly packumentCache full:https://registry.npmjs.org/@eslint%2fconfig-array set size:74140 disposed:false
644 silly fetch manifest di@^0.0.1
645 silly packumentCache full:https://registry.npmjs.org/di cache-miss
646 http cache https://registry.npmjs.org/@eslint%2fconfig-helpers 7ms (cache hit)
647 silly packumentCache full:https://registry.npmjs.org/@eslint%2fconfig-helpers set size:52610 disposed:false
648 silly fetch manifest tmp@^0.2.1
649 silly packumentCache full:https://registry.npmjs.org/tmp cache-miss
650 http cache https://registry.npmjs.org/escape-string-regexp 9ms (cache hit)
651 silly packumentCache full:https://registry.npmjs.org/escape-string-regexp set size:22244 disposed:false
652 silly fetch manifest glob@^7.1.7
653 silly packumentCache full:https://registry.npmjs.org/glob cache-miss
654 http cache https://registry.npmjs.org/@eslint-community%2fregexpp 9ms (cache hit)
655 silly packumentCache full:https://registry.npmjs.org/@eslint-community%2fregexpp set size:106609 disposed:false
656 silly fetch manifest mime@^2.5.2
657 silly packumentCache full:https://registry.npmjs.org/mime cache-miss
658 http cache https://registry.npmjs.org/@eslint-community%2feslint-utils 9ms (cache hit)
659 silly packumentCache full:https://registry.npmjs.org/@eslint-community%2feslint-utils set size:93301 disposed:false
660 silly fetch manifest qjobs@^1.2.0
661 silly packumentCache full:https://registry.npmjs.org/qjobs cache-miss
662 http cache https://registry.npmjs.org/@humanwhocodes%2fmodule-importer 9ms (cache hit)
663 silly packumentCache full:https://registry.npmjs.org/@humanwhocodes%2fmodule-importer set size:9516 disposed:false
664 silly fetch manifest yargs@^16.1.1
665 silly packumentCache full:https://registry.npmjs.org/yargs cache-hit
666 silly fetch manifest braces@^3.0.2
667 silly packumentCache full:https://registry.npmjs.org/braces cache-miss
668 http cache https://registry.npmjs.org/di 8ms (cache hit)
669 silly packumentCache full:https://registry.npmjs.org/di set size:28722 disposed:false
670 silly fetch manifest lodash@^4.17.21
671 silly packumentCache full:https://registry.npmjs.org/lodash cache-miss
672 http cache https://registry.npmjs.org/json-stable-stringify-without-jsonify 10ms (cache hit)
673 silly packumentCache full:https://registry.npmjs.org/json-stable-stringify-without-jsonify set size:5808 disposed:false
674 silly fetch manifest log4js@^6.4.1
675 silly packumentCache full:https://registry.npmjs.org/log4js cache-miss
676 http cache https://registry.npmjs.org/tmp 8ms (cache hit)
677 silly packumentCache full:https://registry.npmjs.org/tmp set size:79523 disposed:false
678 silly fetch manifest mkdirp@^0.5.5
679 silly packumentCache full:https://registry.npmjs.org/mkdirp cache-miss
680 http cache https://registry.npmjs.org/glob 9ms (cache hit)
681 silly packumentCache full:https://registry.npmjs.org/glob set size:469465 disposed:false
682 silly fetch manifest rimraf@^3.0.2
683 silly packumentCache full:https://registry.npmjs.org/rimraf cache-miss
684 http cache https://registry.npmjs.org/qjobs 8ms (cache hit)
685 silly packumentCache full:https://registry.npmjs.org/qjobs set size:24885 disposed:false
686 silly fetch manifest connect@^3.7.0
687 silly packumentCache full:https://registry.npmjs.org/connect cache-miss
688 http cache https://registry.npmjs.org/mime 9ms (cache hit)
689 silly packumentCache full:https://registry.npmjs.org/mime set size:119236 disposed:false
690 silly fetch manifest chokidar@^3.5.1
691 silly packumentCache full:https://registry.npmjs.org/chokidar cache-hit
692 silly fetch manifest minimatch@^3.0.4
693 silly packumentCache full:https://registry.npmjs.org/minimatch cache-hit
694 silly fetch manifest socket.io@^4.7.2
695 silly packumentCache full:https://registry.npmjs.org/socket.io cache-miss
696 http cache https://registry.npmjs.org/lodash 9ms (cache hit)
697 silly packumentCache full:https://registry.npmjs.org/lodash set size:247652 disposed:false
698 silly fetch manifest http-proxy@^1.18.1
699 silly packumentCache full:https://registry.npmjs.org/http-proxy cache-miss
700 http cache https://registry.npmjs.org/mkdirp 9ms (cache hit)
701 silly packumentCache full:https://registry.npmjs.org/mkdirp set size:116431 disposed:false
702 silly fetch manifest source-map@^0.6.1
703 silly packumentCache full:https://registry.npmjs.org/source-map cache-miss
704 http cache https://registry.npmjs.org/braces 14ms (cache hit)
705 silly packumentCache full:https://registry.npmjs.org/braces set size:114529 disposed:false
706 silly fetch manifest body-parser@^1.19.0
707 silly packumentCache full:https://registry.npmjs.org/body-parser cache-miss
708 http cache https://registry.npmjs.org/log4js 14ms (cache hit)
709 silly packumentCache full:https://registry.npmjs.org/log4js set size:409677 disposed:false
710 silly fetch manifest graceful-fs@^4.2.6
711 silly packumentCache full:https://registry.npmjs.org/graceful-fs cache-miss
712 http cache https://registry.npmjs.org/rimraf 13ms (cache hit)
713 silly packumentCache full:https://registry.npmjs.org/rimraf set size:212626 disposed:false
714 silly fetch manifest isbinaryfile@^4.0.8
715 silly packumentCache full:https://registry.npmjs.org/isbinaryfile cache-miss
716 http cache https://registry.npmjs.org/connect 17ms (cache hit)
717 silly packumentCache full:https://registry.npmjs.org/connect set size:438385 disposed:false
718 silly fetch manifest range-parser@^1.2.1
719 silly packumentCache full:https://registry.npmjs.org/range-parser cache-miss
720 http cache https://registry.npmjs.org/socket.io 18ms (cache hit)
721 silly packumentCache full:https://registry.npmjs.org/socket.io set size:379231 disposed:false
722 silly fetch manifest ua-parser-js@^0.7.30
723 silly packumentCache full:https://registry.npmjs.org/ua-parser-js cache-miss
724 http cache https://registry.npmjs.org/http-proxy 17ms (cache hit)
725 silly packumentCache full:https://registry.npmjs.org/http-proxy set size:183156 disposed:false
726 silly fetch manifest dom-serialize@^2.2.1
727 silly packumentCache full:https://registry.npmjs.org/dom-serialize cache-miss
728 http cache https://registry.npmjs.org/source-map 17ms (cache hit)
729 silly packumentCache full:https://registry.npmjs.org/source-map set size:226212 disposed:false
730 silly fetch manifest @colors/colors@1.5.0
731 silly packumentCache full:https://registry.npmjs.org/@colors%2fcolors cache-miss
732 http cache https://registry.npmjs.org/graceful-fs 13ms (cache hit)
733 silly packumentCache full:https://registry.npmjs.org/graceful-fs set size:124285 disposed:false
734 silly fetch manifest which@^1.2.1
735 silly packumentCache full:https://registry.npmjs.org/which cache-miss
736 http cache https://registry.npmjs.org/isbinaryfile 12ms (cache hit)
737 silly packumentCache full:https://registry.npmjs.org/isbinaryfile set size:84537 disposed:false
738 silly fetch manifest istanbul-lib-coverage@^3.2.0
739 silly packumentCache full:https://registry.npmjs.org/istanbul-lib-coverage cache-miss
740 http cache https://registry.npmjs.org/body-parser 20ms (cache hit)
741 silly packumentCache full:https://registry.npmjs.org/body-parser set size:199299 disposed:false
742 silly fetch manifest istanbul-lib-instrument@^5.1.0
743 silly packumentCache full:https://registry.npmjs.org/istanbul-lib-instrument cache-hit
744 silly fetch manifest istanbul-lib-report@^3.0.0
745 silly packumentCache full:https://registry.npmjs.org/istanbul-lib-report cache-miss
746 http cache https://registry.npmjs.org/which 4ms (cache hit)
747 silly packumentCache full:https://registry.npmjs.org/which set size:70143 disposed:false
748 silly fetch manifest istanbul-lib-source-maps@^4.0.1
749 silly packumentCache full:https://registry.npmjs.org/istanbul-lib-source-maps cache-miss
750 http cache https://registry.npmjs.org/@colors%2fcolors 6ms (cache hit)
751 silly packumentCache full:https://registry.npmjs.org/@colors%2fcolors set size:12042 disposed:false
752 silly fetch manifest istanbul-reports@^3.0.5
753 silly packumentCache full:https://registry.npmjs.org/istanbul-reports cache-miss
754 http cache https://registry.npmjs.org/range-parser 13ms (cache hit)
755 silly packumentCache full:https://registry.npmjs.org/range-parser set size:22228 disposed:false
756 silly fetch manifest jasmine-core@^4.1.0
757 silly packumentCache full:https://registry.npmjs.org/jasmine-core cache-hit
758 silly fetch manifest yaml@^2.8.2
759 silly packumentCache full:https://registry.npmjs.org/yaml cache-miss
760 http cache https://registry.npmjs.org/ua-parser-js 11ms (cache hit)
761 silly packumentCache full:https://registry.npmjs.org/ua-parser-js set size:719507 disposed:false
762 silly fetch manifest listr2@^9.0.5
763 silly packumentCache full:https://registry.npmjs.org/listr2 cache-miss
764 http cache https://registry.npmjs.org/dom-serialize 16ms (cache hit)
765 silly packumentCache full:https://registry.npmjs.org/dom-serialize set size:14341 disposed:false
766 silly fetch manifest tinyexec@^1.0.4
767 silly packumentCache full:https://registry.npmjs.org/tinyexec cache-hit
768 silly fetch manifest commander@^14.0.3
769 silly packumentCache full:https://registry.npmjs.org/commander cache-miss
770 http cache https://registry.npmjs.org/istanbul-lib-coverage 14ms (cache hit)
771 silly packumentCache full:https://registry.npmjs.org/istanbul-lib-coverage set size:75651 disposed:false
772 silly fetch manifest picomatch@^4.0.3
773 silly packumentCache full:https://registry.npmjs.org/picomatch cache-hit
774 silly fetch manifest string-argv@^0.3.2
775 silly packumentCache full:https://registry.npmjs.org/string-argv cache-miss
776 http cache https://registry.npmjs.org/listr2 6ms (cache hit)
777 silly packumentCache full:https://registry.npmjs.org/listr2 set size:1056609 disposed:false
778 http cache https://registry.npmjs.org/istanbul-lib-report 18ms (cache hit)
779 silly packumentCache full:https://registry.npmjs.org/istanbul-lib-report set size:66223 disposed:false
780 http cache https://registry.npmjs.org/istanbul-lib-source-maps 16ms (cache hit)
781 silly packumentCache full:https://registry.npmjs.org/istanbul-lib-source-maps set size:104683 disposed:false
782 http cache https://registry.npmjs.org/istanbul-reports 16ms (cache hit)
783 silly packumentCache full:https://registry.npmjs.org/istanbul-reports set size:148926 disposed:false
784 http cache https://registry.npmjs.org/yaml 17ms (cache hit)
785 silly packumentCache full:https://registry.npmjs.org/yaml set size:385754 disposed:false
786 http cache https://registry.npmjs.org/string-argv 11ms (cache hit)
787 silly packumentCache full:https://registry.npmjs.org/string-argv set size:28606 disposed:false
788 http cache https://registry.npmjs.org/commander 12ms (cache hit)
789 silly packumentCache full:https://registry.npmjs.org/commander set size:353115 disposed:false
790 silly fetch manifest @types/node@^20.19.0 || >=22.12.0
791 silly packumentCache full:https://registry.npmjs.org/@types%2fnode cache-miss
792 http cache https://registry.npmjs.org/@types%2fnode 10ms (cache hit)
793 silly packumentCache full:https://registry.npmjs.org/@types%2fnode set size:11047915 disposed:false
794 silly fetch manifest jiti@>=1.21.0
795 silly packumentCache full:https://registry.npmjs.org/jiti cache-hit
796 silly fetch manifest lightningcss@^1.21.0
797 silly packumentCache full:https://registry.npmjs.org/lightningcss cache-miss
798 http cache https://registry.npmjs.org/lightningcss 5ms (cache hit)
799 silly packumentCache full:https://registry.npmjs.org/lightningcss set size:186753 disposed:false
800 silly fetch manifest sass-embedded@^1.70.0
801 silly packumentCache full:https://registry.npmjs.org/sass-embedded cache-miss
802 http cache https://registry.npmjs.org/sass-embedded 2ms (cache hit)
803 silly packumentCache full:https://registry.npmjs.org/sass-embedded set size:419718 disposed:false
804 silly fetch manifest stylus@>=0.54.8
805 silly packumentCache full:https://registry.npmjs.org/stylus cache-miss
806 http cache https://registry.npmjs.org/stylus 2ms (cache hit)
807 silly packumentCache full:https://registry.npmjs.org/stylus set size:286766 disposed:false
808 silly fetch manifest sugarss@^5.0.0
809 silly packumentCache full:https://registry.npmjs.org/sugarss cache-miss
810 http cache https://registry.npmjs.org/sugarss 1ms (cache hit)
811 silly packumentCache full:https://registry.npmjs.org/sugarss set size:44975 disposed:false
812 silly fetch manifest terser@^5.16.0
813 silly packumentCache full:https://registry.npmjs.org/terser cache-miss
814 http cache https://registry.npmjs.org/terser 3ms (cache hit)
815 silly packumentCache full:https://registry.npmjs.org/terser set size:803566 disposed:false
816 silly fetch manifest tsx@^4.8.1
817 silly packumentCache full:https://registry.npmjs.org/tsx cache-miss
818 http cache https://registry.npmjs.org/tsx 2ms (cache hit)
819 silly packumentCache full:https://registry.npmjs.org/tsx set size:304668 disposed:false
820 silly fetch manifest yaml@^2.4.2
821 silly packumentCache full:https://registry.npmjs.org/yaml cache-hit
822 silly fetch manifest @types/node@>=18
823 silly packumentCache full:https://registry.npmjs.org/@types%2fnode cache-miss
824 http cache https://registry.npmjs.org/@types%2fnode 10ms (cache hit)
825 silly packumentCache full:https://registry.npmjs.org/@types%2fnode set size:11047915 disposed:false
826 silly placeDep ROOT @ampproject/remapping@2.3.0 OK for: @angular/build@20.3.28 want: 2.3.0
827 silly placeDep ROOT @angular-devkit/architect@0.2003.28 OK for: @angular/build@20.3.28 want: 0.2003.28
828 silly placeDep ROOT @babel/core@7.28.3 OK for: @angular/build@20.3.28 want: 7.28.3
829 silly placeDep ROOT @babel/helper-annotate-as-pure@7.27.3 OK for: @angular/build@20.3.28 want: 7.27.3
830 silly placeDep ROOT @babel/helper-split-export-declaration@7.24.7 OK for: @angular/build@20.3.28 want: 7.24.7
831 silly placeDep ROOT @inquirer/confirm@5.1.14 OK for: @angular/build@20.3.28 want: 5.1.14
832 silly placeDep ROOT @vitejs/plugin-basic-ssl@2.1.0 OK for: @angular/build@20.3.28 want: 2.1.0
833 silly placeDep ROOT vite@7.3.2 OK for: @vitejs/plugin-basic-ssl@2.1.0 want: ^6.0.0 || ^7.0.0
834 silly placeDep ROOT beasties@0.3.5 OK for: @angular/build@20.3.28 want: 0.3.5
835 silly placeDep ROOT browserslist@4.28.2 OK for: @angular/build@20.3.28 want: ^4.23.0
836 silly placeDep ROOT esbuild@0.28.0 OK for: @angular/build@20.3.28 want: 0.28.0
837 silly placeDep ROOT https-proxy-agent@7.0.6 OK for: @angular/build@20.3.28 want: 7.0.6
838 silly placeDep ROOT istanbul-lib-instrument@6.0.3 OK for: @angular/build@20.3.28 want: 6.0.3
839 silly placeDep ROOT jsonc-parser@3.3.1 OK for: @angular/build@20.3.28 want: 3.3.1
840 silly placeDep ROOT listr2@9.0.1 OK for: @angular/build@20.3.28 want: 9.0.1
841 silly placeDep ROOT lmdb@3.4.2 OK for: @angular/build@20.3.28 want: 3.4.2
842 silly placeDep ROOT magic-string@0.30.17 OK for: @angular/build@20.3.28 want: 0.30.17
843 silly placeDep ROOT mrmime@2.0.1 OK for: @angular/build@20.3.28 want: 2.0.1
844 silly placeDep ROOT parse5-html-rewriting-stream@8.0.0 OK for: @angular/build@20.3.28 want: 8.0.0
845 silly placeDep ROOT picomatch@4.0.4 OK for: @angular/build@20.3.28 want: 4.0.4
846 silly placeDep ROOT piscina@5.1.3 OK for: @angular/build@20.3.28 want: 5.1.3
847 silly placeDep ROOT rollup@4.59.0 OK for: @angular/build@20.3.28 want: 4.59.0
848 silly placeDep ROOT sass@1.90.0 OK for: @angular/build@20.3.28 want: 1.90.0
849 silly placeDep ROOT semver@7.7.2 OK for: @angular/build@20.3.28 want: 7.7.2
850 silly placeDep ROOT source-map-support@0.5.21 OK for: @angular/build@20.3.28 want: 0.5.21
851 silly placeDep ROOT tinyglobby@0.2.14 OK for: @angular/build@20.3.28 want: 0.2.14
852 silly placeDep ROOT watchpack@2.4.4 OK for: @angular/build@20.3.28 want: 2.4.4
853 silly fetch manifest @jridgewell/gen-mapping@^0.3.5
854 silly packumentCache full:https://registry.npmjs.org/@jridgewell%2fgen-mapping cache-miss
855 silly fetch manifest @jridgewell/trace-mapping@^0.3.24
856 silly packumentCache full:https://registry.npmjs.org/@jridgewell%2ftrace-mapping cache-miss
857 silly fetch manifest debug@^4.1.0
858 silly packumentCache full:https://registry.npmjs.org/debug cache-hit
859 silly fetch manifest json5@^2.2.3
860 silly packumentCache full:https://registry.npmjs.org/json5 cache-miss
861 silly fetch manifest semver@^6.3.1
862 silly packumentCache full:https://registry.npmjs.org/semver cache-hit
863 silly fetch manifest gensync@^1.0.0-beta.2
864 silly packumentCache full:https://registry.npmjs.org/gensync cache-miss
865 silly fetch manifest @babel/types@^7.28.2
866 silly packumentCache full:https://registry.npmjs.org/@babel%2ftypes cache-miss
867 silly fetch manifest @babel/parser@^7.28.3
868 silly packumentCache full:https://registry.npmjs.org/@babel%2fparser cache-miss
869 silly fetch manifest @babel/helpers@^7.28.3
870 silly packumentCache full:https://registry.npmjs.org/@babel%2fhelpers cache-miss
871 http cache https://registry.npmjs.org/@babel%2fparser 4ms (cache hit)
872 silly packumentCache full:https://registry.npmjs.org/@babel%2fparser set size:730539 disposed:false
873 silly fetch manifest @babel/template@^7.27.2
874 silly packumentCache full:https://registry.npmjs.org/@babel%2ftemplate cache-miss
875 http cache https://registry.npmjs.org/gensync 8ms (cache hit)
876 silly packumentCache full:https://registry.npmjs.org/gensync set size:15068 disposed:false
877 silly fetch manifest @babel/traverse@^7.28.3
878 silly packumentCache full:https://registry.npmjs.org/@babel%2ftraverse cache-miss
879 http cache https://registry.npmjs.org/@babel%2fhelpers 8ms (cache hit)
880 silly packumentCache full:https://registry.npmjs.org/@babel%2fhelpers set size:396351 disposed:false
881 silly fetch manifest @babel/generator@^7.28.3
882 silly packumentCache full:https://registry.npmjs.org/@babel%2fgenerator cache-miss
883 http cache https://registry.npmjs.org/@jridgewell%2ftrace-mapping 11ms (cache hit)
884 silly packumentCache full:https://registry.npmjs.org/@jridgewell%2ftrace-mapping set size:170909 disposed:false
885 silly fetch manifest @babel/code-frame@^7.27.1
886 silly packumentCache full:https://registry.npmjs.org/@babel%2fcode-frame cache-miss
887 http cache https://registry.npmjs.org/@jridgewell%2fgen-mapping 12ms (cache hit)
888 silly packumentCache full:https://registry.npmjs.org/@jridgewell%2fgen-mapping set size:75941 disposed:false
889 silly fetch manifest convert-source-map@^2.0.0
890 silly packumentCache full:https://registry.npmjs.org/convert-source-map cache-hit
891 silly fetch manifest @babel/helper-module-transforms@^7.28.3
892 silly packumentCache full:https://registry.npmjs.org/@babel%2fhelper-module-transforms cache-miss
893 http cache https://registry.npmjs.org/json5 13ms (cache hit)
894 silly packumentCache full:https://registry.npmjs.org/json5 set size:86136 disposed:false
895 silly fetch manifest @babel/helper-compilation-targets@^7.27.2
896 silly packumentCache full:https://registry.npmjs.org/@babel%2fhelper-compilation-targets cache-miss
897 http cache https://registry.npmjs.org/@babel%2ftypes 13ms (cache hit)
898 silly packumentCache full:https://registry.npmjs.org/@babel%2ftypes set size:496342 disposed:false
899 silly fetch manifest @babel/types@^7.27.3
900 silly packumentCache full:https://registry.npmjs.org/@babel%2ftypes cache-hit
901 silly fetch manifest @babel/types@^7.24.7
902 silly packumentCache full:https://registry.npmjs.org/@babel%2ftypes cache-hit
903 silly fetch manifest @inquirer/core@^10.1.15
904 silly packumentCache full:https://registry.npmjs.org/@inquirer%2fcore cache-miss
905 http cache https://registry.npmjs.org/@babel%2fgenerator 12ms (cache hit)
906 silly packumentCache full:https://registry.npmjs.org/@babel%2fgenerator set size:518214 disposed:false
907 silly fetch manifest @inquirer/type@^3.0.8
908 silly packumentCache full:https://registry.npmjs.org/@inquirer%2ftype cache-miss
909 http cache https://registry.npmjs.org/@babel%2ftraverse 16ms (cache hit)
910 silly packumentCache full:https://registry.npmjs.org/@babel%2ftraverse set size:557773 disposed:false
911 silly fetch manifest fdir@^6.5.0
912 silly packumentCache full:https://registry.npmjs.org/fdir cache-miss
913 http cache https://registry.npmjs.org/@babel%2fcode-frame 14ms (cache hit)
914 silly packumentCache full:https://registry.npmjs.org/@babel%2fcode-frame set size:204481 disposed:false
915 silly fetch manifest rollup@^4.43.0
916 silly packumentCache full:https://registry.npmjs.org/rollup cache-miss
917 http cache https://registry.npmjs.org/@babel%2ftemplate 20ms (cache hit)
918 silly packumentCache full:https://registry.npmjs.org/@babel%2ftemplate set size:235045 disposed:false
919 silly fetch manifest esbuild@^0.27.0
920 silly packumentCache full:https://registry.npmjs.org/esbuild cache-miss
921 http cache https://registry.npmjs.org/@babel%2fhelper-module-transforms 16ms (cache hit)
922 silly packumentCache full:https://registry.npmjs.org/@babel%2fhelper-module-transforms set size:342070 disposed:false
923 silly fetch manifest postcss@^8.5.6
924 silly packumentCache full:https://registry.npmjs.org/postcss cache-hit
925 silly fetch manifest tinyglobby@^0.2.15
926 silly packumentCache full:https://registry.npmjs.org/tinyglobby cache-hit
927 silly fetch manifest fsevents@~2.3.3
928 silly packumentCache full:https://registry.npmjs.org/fsevents cache-miss
929 http cache https://registry.npmjs.org/@inquirer%2fcore 15ms (cache hit)
930 silly packumentCache full:https://registry.npmjs.org/@inquirer%2fcore set size:353358 disposed:false
931 silly fetch manifest postcss@^8.4.49
932 silly packumentCache full:https://registry.npmjs.org/postcss cache-hit
933 silly fetch manifest css-what@^7.0.0
934 silly packumentCache full:https://registry.npmjs.org/css-what cache-miss
935 http cache https://registry.npmjs.org/esbuild 8ms (cache hit)
936 silly packumentCache full:https://registry.npmjs.org/esbuild set size:1259608 disposed:false
937 silly fetch manifest css-select@^6.0.0
938 silly packumentCache full:https://registry.npmjs.org/css-select cache-miss
939 http cache https://registry.npmjs.org/@inquirer%2ftype 20ms (cache hit)
940 silly packumentCache full:https://registry.npmjs.org/@inquirer%2ftype set size:119899 disposed:false
941 silly fetch manifest domhandler@^5.0.3
942 silly packumentCache full:https://registry.npmjs.org/domhandler cache-miss
943 http cache https://registry.npmjs.org/css-what 12ms (cache hit)
944 silly packumentCache full:https://registry.npmjs.org/css-what set size:81721 disposed:false
945 silly fetch manifest picocolors@^1.1.1
946 silly packumentCache full:https://registry.npmjs.org/picocolors cache-miss
947 http cache https://registry.npmjs.org/rollup 25ms (cache hit)
948 silly packumentCache full:https://registry.npmjs.org/rollup set size:6217825 disposed:false
949 silly fetch manifest htmlparser2@^10.0.0
950 silly packumentCache full:https://registry.npmjs.org/htmlparser2 cache-miss
951 http cache https://registry.npmjs.org/fsevents 64ms (cache hit)
952 silly packumentCache full:https://registry.npmjs.org/fsevents set size:182472 disposed:false
953 silly fetch manifest dom-serializer@^2.0.0
954 silly packumentCache full:https://registry.npmjs.org/dom-serializer cache-miss
955 http cache https://registry.npmjs.org/fdir 71ms (cache hit)
956 silly packumentCache full:https://registry.npmjs.org/fdir set size:136182 disposed:false
957 silly fetch manifest postcss-media-query-parser@^0.2.3
958 silly packumentCache full:https://registry.npmjs.org/postcss-media-query-parser cache-miss
959 http cache https://registry.npmjs.org/css-select 56ms (cache hit)
960 silly packumentCache full:https://registry.npmjs.org/css-select set size:111202 disposed:false
961 silly fetch manifest baseline-browser-mapping@^2.10.12
962 silly packumentCache full:https://registry.npmjs.org/baseline-browser-mapping cache-miss
963 http cache https://registry.npmjs.org/picocolors 54ms (cache hit)
964 silly packumentCache full:https://registry.npmjs.org/picocolors set size:16648 disposed:false
965 silly fetch manifest caniuse-lite@^1.0.30001782
966 silly packumentCache full:https://registry.npmjs.org/caniuse-lite cache-miss
967 http cache https://registry.npmjs.org/htmlparser2 13ms (cache hit)
968 silly packumentCache full:https://registry.npmjs.org/htmlparser2 set size:176911 disposed:false
969 silly fetch manifest electron-to-chromium@^1.5.328
970 silly packumentCache full:https://registry.npmjs.org/electron-to-chromium cache-miss
971 http cache https://registry.npmjs.org/postcss-media-query-parser 5ms (cache hit)
972 silly packumentCache full:https://registry.npmjs.org/postcss-media-query-parser set size:18322 disposed:false
973 silly fetch manifest node-releases@^2.0.36
974 silly packumentCache full:https://registry.npmjs.org/node-releases cache-miss
975 http cache https://registry.npmjs.org/dom-serializer 7ms (cache hit)
976 silly packumentCache full:https://registry.npmjs.org/dom-serializer set size:61296 disposed:false
977 silly fetch manifest update-browserslist-db@^1.2.3
978 silly packumentCache full:https://registry.npmjs.org/update-browserslist-db cache-miss
979 http cache https://registry.npmjs.org/domhandler 59ms (cache hit)
980 silly packumentCache full:https://registry.npmjs.org/domhandler set size:78187 disposed:false
981 silly fetch manifest @esbuild/aix-ppc64@0.28.0
982 silly packumentCache full:https://registry.npmjs.org/@esbuild%2faix-ppc64 cache-miss
983 http cache https://registry.npmjs.org/baseline-browser-mapping 5ms (cache hit)
984 silly packumentCache full:https://registry.npmjs.org/baseline-browser-mapping set size:510160 disposed:false
985 silly fetch manifest @esbuild/linux-arm@0.28.0
986 silly packumentCache full:https://registry.npmjs.org/@esbuild%2flinux-arm cache-miss
987 http cache https://registry.npmjs.org/update-browserslist-db 4ms (cache hit)
988 silly packumentCache full:https://registry.npmjs.org/update-browserslist-db set size:62000 disposed:false
989 silly fetch manifest @esbuild/linux-x64@0.28.0
990 silly packumentCache full:https://registry.npmjs.org/@esbuild%2flinux-x64 cache-miss
991 http cache https://registry.npmjs.org/caniuse-lite 10ms (cache hit)
992 silly packumentCache full:https://registry.npmjs.org/caniuse-lite set size:2297040 disposed:false
993 silly fetch manifest @esbuild/sunos-x64@0.28.0
994 silly packumentCache full:https://registry.npmjs.org/@esbuild%2fsunos-x64 cache-miss
995 http cache https://registry.npmjs.org/electron-to-chromium 17ms (cache hit)
996 silly packumentCache full:https://registry.npmjs.org/electron-to-chromium set size:4827423 disposed:false
997 silly fetch manifest @esbuild/win32-x64@0.28.0
998 silly packumentCache full:https://registry.npmjs.org/@esbuild%2fwin32-x64 cache-miss
999 http cache https://registry.npmjs.org/@esbuild%2faix-ppc64 30ms (cache hit)
1000 silly packumentCache full:https://registry.npmjs.org/@esbuild%2faix-ppc64 set size:65972 disposed:false
1001 silly fetch manifest @esbuild/darwin-x64@0.28.0
1002 silly packumentCache full:https://registry.npmjs.org/@esbuild%2fdarwin-x64 cache-miss
1003 http cache https://registry.npmjs.org/node-releases 32ms (cache hit)
1004 silly packumentCache full:https://registry.npmjs.org/node-releases set size:283168 disposed:false
1005 silly fetch manifest @esbuild/linux-ia32@0.28.0
1006 silly packumentCache full:https://registry.npmjs.org/@esbuild%2flinux-ia32 cache-miss
1007 http cache https://registry.npmjs.org/@esbuild%2flinux-arm 30ms (cache hit)
1008 silly packumentCache full:https://registry.npmjs.org/@esbuild%2flinux-arm set size:196784 disposed:false
1009 silly fetch manifest @esbuild/netbsd-x64@0.28.0
1010 silly packumentCache full:https://registry.npmjs.org/@esbuild%2fnetbsd-x64 cache-miss
1011 http cache https://registry.npmjs.org/@esbuild%2flinux-x64 30ms (cache hit)
1012 silly packumentCache full:https://registry.npmjs.org/@esbuild%2flinux-x64 set size:197126 disposed:false
1013 silly fetch manifest @esbuild/win32-ia32@0.28.0
1014 silly packumentCache full:https://registry.npmjs.org/@esbuild%2fwin32-ia32 cache-miss
1015 http cache https://registry.npmjs.org/@esbuild%2fwin32-x64 7ms (cache hit)
1016 silly packumentCache full:https://registry.npmjs.org/@esbuild%2fwin32-x64 set size:195722 disposed:false
1017 silly fetch manifest @esbuild/android-arm@0.28.0
1018 silly packumentCache full:https://registry.npmjs.org/@esbuild%2fandroid-arm cache-miss
1019 http cache https://registry.npmjs.org/@esbuild%2fsunos-x64 25ms (cache hit)
1020 silly packumentCache full:https://registry.npmjs.org/@esbuild%2fsunos-x64 set size:197370 disposed:false
1021 silly fetch manifest @esbuild/android-x64@0.28.0
1022 silly packumentCache full:https://registry.npmjs.org/@esbuild%2fandroid-x64 cache-miss
1023 http cache https://registry.npmjs.org/@esbuild%2fdarwin-x64 7ms (cache hit)
1024 silly packumentCache full:https://registry.npmjs.org/@esbuild%2fdarwin-x64 set size:197848 disposed:false
1025 silly fetch manifest @esbuild/freebsd-x64@0.28.0
1026 silly packumentCache full:https://registry.npmjs.org/@esbuild%2ffreebsd-x64 cache-miss
1027 http cache https://registry.npmjs.org/@esbuild%2ffreebsd-x64 2ms (cache hit)
1028 silly packumentCache full:https://registry.npmjs.org/@esbuild%2ffreebsd-x64 set size:198734 disposed:false
1029 silly fetch manifest @esbuild/linux-arm64@0.28.0
1030 silly packumentCache full:https://registry.npmjs.org/@esbuild%2flinux-arm64 cache-miss
1031 http cache https://registry.npmjs.org/@esbuild%2fnetbsd-x64 7ms (cache hit)
1032 silly packumentCache full:https://registry.npmjs.org/@esbuild%2fnetbsd-x64 set size:195514 disposed:false
1033 silly fetch manifest @esbuild/linux-ppc64@0.28.0
1034 silly packumentCache full:https://registry.npmjs.org/@esbuild%2flinux-ppc64 cache-miss
1035 http cache https://registry.npmjs.org/@esbuild%2fandroid-x64 4ms (cache hit)
1036 silly packumentCache full:https://registry.npmjs.org/@esbuild%2fandroid-x64 set size:197200 disposed:false
1037 silly fetch manifest @esbuild/linux-s390x@0.28.0
1038 silly packumentCache full:https://registry.npmjs.org/@esbuild%2flinux-s390x cache-miss
1039 http cache https://registry.npmjs.org/@esbuild%2fwin32-ia32 7ms (cache hit)
1040 silly packumentCache full:https://registry.npmjs.org/@esbuild%2fwin32-ia32 set size:198030 disposed:false
1041 silly fetch manifest @esbuild/openbsd-x64@0.28.0
1042 silly packumentCache full:https://registry.npmjs.org/@esbuild%2fopenbsd-x64 cache-miss
1043 http cache https://registry.npmjs.org/@esbuild%2fandroid-arm 7ms (cache hit)
1044 silly packumentCache full:https://registry.npmjs.org/@esbuild%2fandroid-arm set size:223400 disposed:false
1045 silly fetch manifest @esbuild/win32-arm64@0.28.0
1046 silly packumentCache full:https://registry.npmjs.org/@esbuild%2fwin32-arm64 cache-miss
1047 http cache https://registry.npmjs.org/@esbuild%2flinux-arm64 6ms (cache hit)
1048 silly packumentCache full:https://registry.npmjs.org/@esbuild%2flinux-arm64 set size:198939 disposed:false
1049 silly fetch manifest @esbuild/darwin-arm64@0.28.0
1050 silly packumentCache full:https://registry.npmjs.org/@esbuild%2fdarwin-arm64 cache-miss
1051 http cache https://registry.npmjs.org/@esbuild%2flinux-ppc64 6ms (cache hit)
1052 silly packumentCache full:https://registry.npmjs.org/@esbuild%2flinux-ppc64 set size:200994 disposed:false
1053 silly fetch manifest @esbuild/netbsd-arm64@0.28.0
1054 silly packumentCache full:https://registry.npmjs.org/@esbuild%2fnetbsd-arm64 cache-miss
1055 http cache https://registry.npmjs.org/@esbuild%2flinux-s390x 5ms (cache hit)
1056 silly packumentCache full:https://registry.npmjs.org/@esbuild%2flinux-s390x set size:200463 disposed:false
1057 silly fetch manifest @esbuild/android-arm64@0.28.0
1058 silly packumentCache full:https://registry.npmjs.org/@esbuild%2fandroid-arm64 cache-miss
1059 http cache https://registry.npmjs.org/@esbuild%2fwin32-arm64 5ms (cache hit)
1060 silly packumentCache full:https://registry.npmjs.org/@esbuild%2fwin32-arm64 set size:199171 disposed:false
1061 silly fetch manifest @esbuild/freebsd-arm64@0.28.0
1062 silly packumentCache full:https://registry.npmjs.org/@esbuild%2ffreebsd-arm64 cache-miss
1063 http cache https://registry.npmjs.org/@esbuild%2fopenbsd-x64 7ms (cache hit)
1064 silly packumentCache full:https://registry.npmjs.org/@esbuild%2fopenbsd-x64 set size:198745 disposed:false
1065 silly fetch manifest @esbuild/linux-loong64@0.28.0
1066 silly packumentCache full:https://registry.npmjs.org/@esbuild%2flinux-loong64 cache-miss
1067 http cache https://registry.npmjs.org/@esbuild%2fnetbsd-arm64 4ms (cache hit)
1068 silly packumentCache full:https://registry.npmjs.org/@esbuild%2fnetbsd-arm64 set size:42467 disposed:false
1069 silly fetch manifest @esbuild/linux-riscv64@0.28.0
1070 silly packumentCache full:https://registry.npmjs.org/@esbuild%2flinux-riscv64 cache-miss
1071 http cache https://registry.npmjs.org/@esbuild%2fandroid-arm64 4ms (cache hit)
1072 silly packumentCache full:https://registry.npmjs.org/@esbuild%2fandroid-arm64 set size:202366 disposed:false
1073 silly fetch manifest @esbuild/openbsd-arm64@0.28.0
1074 silly packumentCache full:https://registry.npmjs.org/@esbuild%2fopenbsd-arm64 cache-miss
1075 http cache https://registry.npmjs.org/@esbuild%2fdarwin-arm64 7ms (cache hit)
1076 silly packumentCache full:https://registry.npmjs.org/@esbuild%2fdarwin-arm64 set size:199630 disposed:false
1077 silly fetch manifest @esbuild/linux-mips64el@0.28.0
1078 silly packumentCache full:https://registry.npmjs.org/@esbuild%2flinux-mips64el cache-miss
1079 http cache https://registry.npmjs.org/@esbuild%2ffreebsd-arm64 5ms (cache hit)
1080 silly packumentCache full:https://registry.npmjs.org/@esbuild%2ffreebsd-arm64 set size:200534 disposed:false
1081 silly fetch manifest @esbuild/openharmony-arm64@0.28.0
1082 silly packumentCache full:https://registry.npmjs.org/@esbuild%2fopenharmony-arm64 cache-miss
1083 http cache https://registry.npmjs.org/@esbuild%2flinux-loong64 8ms (cache hit)
1084 silly packumentCache full:https://registry.npmjs.org/@esbuild%2flinux-loong64 set size:253896 disposed:false
1085 silly fetch manifest debug@4
1086 silly packumentCache full:https://registry.npmjs.org/debug cache-hit
1087 silly fetch manifest agent-base@^7.1.2
1088 silly packumentCache full:https://registry.npmjs.org/agent-base cache-miss
1089 http cache https://registry.npmjs.org/@esbuild%2fopenbsd-arm64 7ms (cache hit)
1090 silly packumentCache full:https://registry.npmjs.org/@esbuild%2fopenbsd-arm64 set size:47792 disposed:false
1091 silly fetch manifest @babel/parser@^7.23.9
1092 silly packumentCache full:https://registry.npmjs.org/@babel%2fparser cache-hit
1093 silly fetch manifest @istanbuljs/schema@^0.1.3
1094 silly packumentCache full:https://registry.npmjs.org/@istanbuljs%2fschema cache-miss
1095 http cache https://registry.npmjs.org/@esbuild%2flinux-riscv64 9ms (cache hit)
1096 silly packumentCache full:https://registry.npmjs.org/@esbuild%2flinux-riscv64 set size:200662 disposed:false
1097 silly fetch manifest semver@^7.5.4
1098 silly packumentCache full:https://registry.npmjs.org/semver cache-hit
1099 silly fetch manifest rfdc@^1.4.1
1100 silly packumentCache full:https://registry.npmjs.org/rfdc cache-miss
1101 http cache https://registry.npmjs.org/@esbuild%2fopenharmony-arm64 7ms (cache hit)
1102 silly packumentCache full:https://registry.npmjs.org/@esbuild%2fopenharmony-arm64 set size:31189 disposed:false
1103 silly fetch manifest colorette@^2.0.20
1104 silly packumentCache full:https://registry.npmjs.org/colorette cache-miss
1105 http cache https://registry.npmjs.org/agent-base 3ms (cache hit)
1106 silly packumentCache full:https://registry.npmjs.org/agent-base set size:72085 disposed:false
1107 silly fetch manifest wrap-ansi@^9.0.0
1108 silly packumentCache full:https://registry.npmjs.org/wrap-ansi cache-miss
1109 http cache https://registry.npmjs.org/@esbuild%2flinux-mips64el 10ms (cache hit)
1110 silly packumentCache full:https://registry.npmjs.org/@esbuild%2flinux-mips64el set size:202764 disposed:false
1111 silly fetch manifest log-update@^6.1.0
1112 silly packumentCache full:https://registry.npmjs.org/log-update cache-miss
1113 http cache https://registry.npmjs.org/@istanbuljs%2fschema 5ms (cache hit)
1114 silly packumentCache full:https://registry.npmjs.org/@istanbuljs%2fschema set size:16895 disposed:false
1115 silly fetch manifest cli-truncate@^4.0.0
1116 silly packumentCache full:https://registry.npmjs.org/cli-truncate cache-miss
1117 http cache https://registry.npmjs.org/colorette 3ms (cache hit)
1118 silly packumentCache full:https://registry.npmjs.org/colorette set size:92733 disposed:false
1119 silly fetch manifest eventemitter3@^5.0.1
1120 silly packumentCache full:https://registry.npmjs.org/eventemitter3 cache-miss
1121 http cache https://registry.npmjs.org/wrap-ansi 3ms (cache hit)
1122 silly packumentCache full:https://registry.npmjs.org/wrap-ansi set size:55299 disposed:false
1123 silly fetch manifest msgpackr@^1.11.2
1124 silly packumentCache full:https://registry.npmjs.org/msgpackr cache-miss
1125 http cache https://registry.npmjs.org/rfdc 6ms (cache hit)
1126 silly packumentCache full:https://registry.npmjs.org/rfdc set size:45382 disposed:false
1127 silly fetch manifest node-addon-api@^6.1.0
1128 silly packumentCache full:https://registry.npmjs.org/node-addon-api cache-miss
1129 http cache https://registry.npmjs.org/log-update 4ms (cache hit)
1130 silly packumentCache full:https://registry.npmjs.org/log-update set size:60732 disposed:false
1131 silly fetch manifest ordered-binary@^1.5.3
1132 silly packumentCache full:https://registry.npmjs.org/ordered-binary cache-miss
1133 http cache https://registry.npmjs.org/cli-truncate 4ms (cache hit)
1134 silly packumentCache full:https://registry.npmjs.org/cli-truncate set size:35177 disposed:false
1135 silly fetch manifest weak-lru-cache@^1.2.2
1136 silly packumentCache full:https://registry.npmjs.org/weak-lru-cache cache-miss
1137 http cache https://registry.npmjs.org/eventemitter3 3ms (cache hit)
1138 silly packumentCache full:https://registry.npmjs.org/eventemitter3 set size:92292 disposed:false
1139 silly fetch manifest node-gyp-build-optional-packages@5.2.2
1140 silly packumentCache full:https://registry.npmjs.org/node-gyp-build-optional-packages cache-miss
1141 http cache https://registry.npmjs.org/ordered-binary 2ms (cache hit)
1142 silly packumentCache full:https://registry.npmjs.org/ordered-binary set size:68084 disposed:false
1143 silly fetch manifest @lmdb/lmdb-linux-arm@3.4.2
1144 silly packumentCache full:https://registry.npmjs.org/@lmdb%2flmdb-linux-arm cache-miss
1145 http cache https://registry.npmjs.org/node-addon-api 18ms (cache hit)
1146 silly packumentCache full:https://registry.npmjs.org/node-addon-api set size:356526 disposed:false
1147 silly fetch manifest @lmdb/lmdb-linux-x64@3.4.2
1148 silly packumentCache full:https://registry.npmjs.org/@lmdb%2flmdb-linux-x64 cache-miss
1149 http cache https://registry.npmjs.org/msgpackr 23ms (cache hit)
1150 silly packumentCache full:https://registry.npmjs.org/msgpackr set size:436133 disposed:false
1151 silly fetch manifest @lmdb/lmdb-win32-x64@3.4.2
1152 silly packumentCache full:https://registry.npmjs.org/@lmdb%2flmdb-win32-x64 cache-miss
1153 http cache https://registry.npmjs.org/weak-lru-cache 23ms (cache hit)
1154 silly packumentCache full:https://registry.npmjs.org/weak-lru-cache set size:69411 disposed:false
1155 silly fetch manifest @lmdb/lmdb-darwin-x64@3.4.2
1156 silly packumentCache full:https://registry.npmjs.org/@lmdb%2flmdb-darwin-x64 cache-miss
1157 http cache https://registry.npmjs.org/node-gyp-build-optional-packages 23ms (cache hit)
1158 silly packumentCache full:https://registry.npmjs.org/node-gyp-build-optional-packages set size:49852 disposed:false
1159 silly fetch manifest @lmdb/lmdb-linux-arm64@3.4.2
1160 silly packumentCache full:https://registry.npmjs.org/@lmdb%2flmdb-linux-arm64 cache-miss
1161 http cache https://registry.npmjs.org/@lmdb%2flmdb-win32-x64 3ms (cache hit)
1162 silly packumentCache full:https://registry.npmjs.org/@lmdb%2flmdb-win32-x64 set size:193956 disposed:false
1163 silly fetch manifest @lmdb/lmdb-win32-arm64@3.4.2
1164 silly packumentCache full:https://registry.npmjs.org/@lmdb%2flmdb-win32-arm64 cache-miss
1165 http cache https://registry.npmjs.org/@lmdb%2flmdb-linux-x64 9ms (cache hit)
1166 silly packumentCache full:https://registry.npmjs.org/@lmdb%2flmdb-linux-x64 set size:196980 disposed:false
1167 silly fetch manifest @lmdb/lmdb-darwin-arm64@3.4.2
1168 silly packumentCache full:https://registry.npmjs.org/@lmdb%2flmdb-darwin-arm64 cache-miss
1169 http cache https://registry.npmjs.org/@lmdb%2flmdb-win32-arm64 4ms (cache hit)
1170 silly packumentCache full:https://registry.npmjs.org/@lmdb%2flmdb-win32-arm64 set size:15977 disposed:false
1171 silly fetch manifest @jridgewell/sourcemap-codec@^1.5.0
1172 silly packumentCache full:https://registry.npmjs.org/@jridgewell%2fsourcemap-codec cache-hit
1173 silly fetch manifest parse5@^8.0.0
1174 silly packumentCache full:https://registry.npmjs.org/parse5 cache-miss
1175 http cache https://registry.npmjs.org/@lmdb%2flmdb-darwin-x64 6ms (cache hit)
1176 silly packumentCache full:https://registry.npmjs.org/@lmdb%2flmdb-darwin-x64 set size:194782 disposed:false
1177 silly fetch manifest entities@^6.0.0
1178 silly packumentCache full:https://registry.npmjs.org/entities cache-miss
1179 http cache https://registry.npmjs.org/parse5 2ms (cache hit)
1180 silly packumentCache full:https://registry.npmjs.org/parse5 set size:123116 disposed:false
1181 silly fetch manifest parse5-sax-parser@^8.0.0
1182 silly packumentCache full:https://registry.npmjs.org/parse5-sax-parser cache-miss
1183 http fetch GET 200 https://registry.npmjs.org/@babel%2fhelper-compilation-targets 257ms (cache miss)
1184 silly packumentCache full:https://registry.npmjs.org/@babel%2fhelper-compilation-targets set size:undefined disposed:false
1185 silly fetch manifest @napi-rs/nice@^1.0.4
1186 silly packumentCache full:https://registry.npmjs.org/@napi-rs%2fnice cache-miss
1187 http fetch GET 200 https://registry.npmjs.org/parse5-sax-parser 175ms (cache miss)
1188 silly packumentCache full:https://registry.npmjs.org/parse5-sax-parser set size:undefined disposed:false
1189 silly fetch manifest @types/estree@1.0.8
1190 silly packumentCache full:https://registry.npmjs.org/@types%2festree cache-hit
1191 silly fetch manifest fsevents@~2.3.2
1192 silly packumentCache full:https://registry.npmjs.org/fsevents cache-hit
1193 silly fetch manifest @rollup/rollup-darwin-x64@4.59.0
1194 silly packumentCache full:https://registry.npmjs.org/@rollup%2frollup-darwin-x64 cache-miss
1195 http fetch GET 200 https://registry.npmjs.org/@napi-rs%2fnice 298ms (cache miss)
1196 silly packumentCache full:https://registry.npmjs.org/@napi-rs%2fnice set size:undefined disposed:false
1197 silly fetch manifest @rollup/rollup-freebsd-x64@4.59.0
1198 silly packumentCache full:https://registry.npmjs.org/@rollup%2frollup-freebsd-x64 cache-miss
1199 http cache https://registry.npmjs.org/@rollup%2frollup-freebsd-x64 4ms (cache hit)
1200 silly packumentCache full:https://registry.npmjs.org/@rollup%2frollup-freebsd-x64 set size:189223 disposed:false
1201 silly fetch manifest @rollup/rollup-openbsd-x64@4.59.0
1202 silly packumentCache full:https://registry.npmjs.org/@rollup%2frollup-openbsd-x64 cache-miss
1203 http fetch GET 200 https://registry.npmjs.org/entities 389ms (cache miss)
1204 silly packumentCache full:https://registry.npmjs.org/entities set size:undefined disposed:false
1205 silly fetch manifest @rollup/rollup-darwin-arm64@4.59.0
1206 silly packumentCache full:https://registry.npmjs.org/@rollup%2frollup-darwin-arm64 cache-miss
1207 http fetch GET 200 https://registry.npmjs.org/@lmdb%2flmdb-linux-arm64 406ms (cache miss)
1208 silly packumentCache full:https://registry.npmjs.org/@lmdb%2flmdb-linux-arm64 set size:undefined disposed:false
1209 silly fetch manifest @rollup/rollup-android-arm64@4.59.0
1210 silly packumentCache full:https://registry.npmjs.org/@rollup%2frollup-android-arm64 cache-miss
1211 http fetch GET 200 https://registry.npmjs.org/@lmdb%2flmdb-linux-arm 472ms (cache miss)
1212 silly packumentCache full:https://registry.npmjs.org/@lmdb%2flmdb-linux-arm set size:undefined disposed:false
1213 silly fetch manifest @rollup/rollup-freebsd-arm64@4.59.0
1214 silly packumentCache full:https://registry.npmjs.org/@rollup%2frollup-freebsd-arm64 cache-miss
1215 http fetch GET 200 https://registry.npmjs.org/@lmdb%2flmdb-darwin-arm64 467ms (cache miss)
1216 silly packumentCache full:https://registry.npmjs.org/@lmdb%2flmdb-darwin-arm64 set size:undefined disposed:false
1217 silly fetch manifest @rollup/rollup-linux-x64-gnu@4.59.0
1218 silly packumentCache full:https://registry.npmjs.org/@rollup%2frollup-linux-x64-gnu cache-miss
1219 http fetch GET 200 https://registry.npmjs.org/@rollup%2frollup-openbsd-x64 94ms (cache miss)
1220 silly packumentCache full:https://registry.npmjs.org/@rollup%2frollup-openbsd-x64 set size:undefined disposed:false
1221 silly fetch manifest @rollup/rollup-win32-x64-gnu@4.59.0
1222 silly packumentCache full:https://registry.npmjs.org/@rollup%2frollup-win32-x64-gnu cache-miss
1223 http fetch GET 200 https://registry.npmjs.org/@rollup%2frollup-darwin-arm64 178ms (cache miss)
1224 silly packumentCache full:https://registry.npmjs.org/@rollup%2frollup-darwin-arm64 set size:undefined disposed:false
1225 silly fetch manifest @rollup/rollup-linux-x64-musl@4.59.0
1226 silly packumentCache full:https://registry.npmjs.org/@rollup%2frollup-linux-x64-musl cache-miss
1227 http fetch GET 200 https://registry.npmjs.org/@rollup%2frollup-android-arm64 180ms (cache miss)
1228 silly packumentCache full:https://registry.npmjs.org/@rollup%2frollup-android-arm64 set size:undefined disposed:false
1229 silly fetch manifest @rollup/rollup-win32-x64-msvc@4.59.0
1230 silly packumentCache full:https://registry.npmjs.org/@rollup%2frollup-win32-x64-msvc cache-miss
1231 http fetch GET 200 https://registry.npmjs.org/@rollup%2frollup-freebsd-arm64 140ms (cache miss)
1232 silly packumentCache full:https://registry.npmjs.org/@rollup%2frollup-freebsd-arm64 set size:undefined disposed:false
1233 silly fetch manifest @rollup/rollup-linux-arm64-gnu@4.59.0
1234 silly packumentCache full:https://registry.npmjs.org/@rollup%2frollup-linux-arm64-gnu cache-miss
1235 http fetch GET 200 https://registry.npmjs.org/@rollup%2frollup-darwin-x64 581ms (cache miss)
1236 silly packumentCache full:https://registry.npmjs.org/@rollup%2frollup-darwin-x64 set size:undefined disposed:false
1237 silly fetch manifest @rollup/rollup-linux-ppc64-gnu@4.59.0
1238 silly packumentCache full:https://registry.npmjs.org/@rollup%2frollup-linux-ppc64-gnu cache-miss
1239 http fetch GET 200 https://registry.npmjs.org/@rollup%2frollup-win32-x64-gnu 301ms (cache miss)
1240 silly packumentCache full:https://registry.npmjs.org/@rollup%2frollup-win32-x64-gnu set size:undefined disposed:false
1241 silly fetch manifest @rollup/rollup-linux-s390x-gnu@4.59.0
1242 silly packumentCache full:https://registry.npmjs.org/@rollup%2frollup-linux-s390x-gnu cache-miss
1243 http fetch GET 200 https://registry.npmjs.org/@esbuild%2flinux-ia32 836ms (cache miss)
1244 silly packumentCache full:https://registry.npmjs.org/@esbuild%2flinux-ia32 set size:undefined disposed:false
1245 silly fetch manifest @rollup/rollup-win32-ia32-msvc@4.59.0
1246 silly packumentCache full:https://registry.npmjs.org/@rollup%2frollup-win32-ia32-msvc cache-miss
1247 http fetch GET 200 https://registry.npmjs.org/@rollup%2frollup-linux-x64-musl 203ms (cache miss)
1248 silly packumentCache full:https://registry.npmjs.org/@rollup%2frollup-linux-x64-musl set size:undefined disposed:false
1249 silly fetch manifest @rollup/rollup-android-arm-eabi@4.59.0
1250 silly packumentCache full:https://registry.npmjs.org/@rollup%2frollup-android-arm-eabi cache-miss
1251 http fetch GET 200 https://registry.npmjs.org/@rollup%2frollup-win32-x64-msvc 198ms (cache miss)
1252 silly packumentCache full:https://registry.npmjs.org/@rollup%2frollup-win32-x64-msvc set size:undefined disposed:false
1253 silly fetch manifest @rollup/rollup-linux-arm64-musl@4.59.0
1254 silly packumentCache full:https://registry.npmjs.org/@rollup%2frollup-linux-arm64-musl cache-miss
1255 http fetch GET 200 https://registry.npmjs.org/@rollup%2frollup-linux-arm64-gnu 201ms (cache miss)
1256 silly packumentCache full:https://registry.npmjs.org/@rollup%2frollup-linux-arm64-gnu set size:undefined disposed:false
1257 silly fetch manifest @rollup/rollup-linux-ppc64-musl@4.59.0
1258 silly packumentCache full:https://registry.npmjs.org/@rollup%2frollup-linux-ppc64-musl cache-miss
1259 http fetch GET 200 https://registry.npmjs.org/@rollup%2frollup-linux-x64-gnu 325ms (cache miss)
1260 silly packumentCache full:https://registry.npmjs.org/@rollup%2frollup-linux-x64-gnu set size:undefined disposed:false
1261 silly fetch manifest @rollup/rollup-win32-arm64-msvc@4.59.0
1262 silly packumentCache full:https://registry.npmjs.org/@rollup%2frollup-win32-arm64-msvc cache-miss
1263 http fetch GET 200 https://registry.npmjs.org/@rollup%2frollup-linux-ppc64-gnu 113ms (cache miss)
1264 silly packumentCache full:https://registry.npmjs.org/@rollup%2frollup-linux-ppc64-gnu set size:undefined disposed:false
1265 silly fetch manifest @rollup/rollup-linux-loong64-gnu@4.59.0
1266 silly packumentCache full:https://registry.npmjs.org/@rollup%2frollup-linux-loong64-gnu cache-miss
1267 http fetch GET 200 https://registry.npmjs.org/@rollup%2frollup-android-arm-eabi 209ms (cache miss)
1268 silly packumentCache full:https://registry.npmjs.org/@rollup%2frollup-android-arm-eabi set size:undefined disposed:false
1269 silly fetch manifest @rollup/rollup-linux-riscv64-gnu@4.59.0
1270 silly packumentCache full:https://registry.npmjs.org/@rollup%2frollup-linux-riscv64-gnu cache-miss
1271 http fetch GET 200 https://registry.npmjs.org/@rollup%2frollup-linux-arm64-musl 211ms (cache miss)
1272 silly packumentCache full:https://registry.npmjs.org/@rollup%2frollup-linux-arm64-musl set size:undefined disposed:false
1273 silly fetch manifest @rollup/rollup-openharmony-arm64@4.59.0
1274 silly packumentCache full:https://registry.npmjs.org/@rollup%2frollup-openharmony-arm64 cache-miss
1275 http fetch GET 200 https://registry.npmjs.org/@rollup%2frollup-linux-loong64-gnu 130ms (cache miss)
1276 silly packumentCache full:https://registry.npmjs.org/@rollup%2frollup-linux-loong64-gnu set size:undefined disposed:false
1277 silly fetch manifest @rollup/rollup-linux-loong64-musl@4.59.0
1278 silly packumentCache full:https://registry.npmjs.org/@rollup%2frollup-linux-loong64-musl cache-miss
1279 http fetch GET 200 https://registry.npmjs.org/@rollup%2frollup-win32-arm64-msvc 216ms (cache miss)
1280 silly packumentCache full:https://registry.npmjs.org/@rollup%2frollup-win32-arm64-msvc set size:undefined disposed:false
1281 silly fetch manifest @rollup/rollup-linux-riscv64-musl@4.59.0
1282 silly packumentCache full:https://registry.npmjs.org/@rollup%2frollup-linux-riscv64-musl cache-miss
1283 http fetch GET 200 https://registry.npmjs.org/@rollup%2frollup-linux-ppc64-musl 264ms (cache miss)
1284 silly packumentCache full:https://registry.npmjs.org/@rollup%2frollup-linux-ppc64-musl set size:undefined disposed:false
1285 silly fetch manifest @rollup/rollup-linux-arm-gnueabihf@4.59.0
1286 silly packumentCache full:https://registry.npmjs.org/@rollup%2frollup-linux-arm-gnueabihf cache-miss
1287 http fetch GET 200 https://registry.npmjs.org/@rollup%2frollup-linux-s390x-gnu 291ms (cache miss)
1288 silly packumentCache full:https://registry.npmjs.org/@rollup%2frollup-linux-s390x-gnu set size:undefined disposed:false
1289 silly fetch manifest @rollup/rollup-linux-arm-musleabihf@4.59.0
1290 silly packumentCache full:https://registry.npmjs.org/@rollup%2frollup-linux-arm-musleabihf cache-miss
1291 http fetch GET 200 https://registry.npmjs.org/@rollup%2frollup-linux-loong64-musl 157ms (cache miss)
1292 silly packumentCache full:https://registry.npmjs.org/@rollup%2frollup-linux-loong64-musl set size:undefined disposed:false
1293 silly fetch manifest immutable@^5.0.2
1294 silly packumentCache full:https://registry.npmjs.org/immutable cache-miss
1295 http fetch GET 200 https://registry.npmjs.org/@rollup%2frollup-linux-riscv64-gnu 177ms (cache miss)
1296 silly packumentCache full:https://registry.npmjs.org/@rollup%2frollup-linux-riscv64-gnu set size:undefined disposed:false
1297 silly fetch manifest source-map-js@>=0.6.2 <2.0.0
1298 silly packumentCache full:https://registry.npmjs.org/source-map-js cache-miss
1299 http fetch GET 200 https://registry.npmjs.org/@rollup%2frollup-openharmony-arm64 178ms (cache miss)
1300 silly packumentCache full:https://registry.npmjs.org/@rollup%2frollup-openharmony-arm64 set size:undefined disposed:false
1301 silly fetch manifest @parcel/watcher@^2.4.1
1302 silly packumentCache full:https://registry.npmjs.org/@parcel%2fwatcher cache-miss
1303 http fetch GET 200 https://registry.npmjs.org/source-map-js 127ms (cache miss)
1304 silly packumentCache full:https://registry.npmjs.org/source-map-js set size:undefined disposed:false
1305 silly fetch manifest buffer-from@^1.0.0
1306 silly packumentCache full:https://registry.npmjs.org/buffer-from cache-miss
1307 http fetch GET 200 https://registry.npmjs.org/immutable 193ms (cache miss)
1308 silly packumentCache full:https://registry.npmjs.org/immutable set size:undefined disposed:false
1309 silly fetch manifest source-map@^0.6.0
1310 silly packumentCache full:https://registry.npmjs.org/source-map cache-hit
1311 silly fetch manifest fdir@^6.4.4
1312 silly packumentCache full:https://registry.npmjs.org/fdir cache-hit
1313 silly fetch manifest graceful-fs@^4.1.2
1314 silly packumentCache full:https://registry.npmjs.org/graceful-fs cache-hit
1315 silly fetch manifest glob-to-regexp@^0.4.1
1316 silly packumentCache full:https://registry.npmjs.org/glob-to-regexp cache-miss
1317 http fetch GET 200 https://registry.npmjs.org/@parcel%2fwatcher 190ms (cache miss)
1318 silly packumentCache full:https://registry.npmjs.org/@parcel%2fwatcher set size:undefined disposed:false
1319 http fetch GET 200 https://registry.npmjs.org/buffer-from 138ms (cache miss)
1320 silly packumentCache full:https://registry.npmjs.org/buffer-from set size:undefined disposed:false
1321 http fetch GET 200 https://registry.npmjs.org/glob-to-regexp 112ms (cache miss)
1322 silly packumentCache full:https://registry.npmjs.org/glob-to-regexp set size:undefined disposed:false
1323 http fetch GET 200 https://registry.npmjs.org/@rollup%2frollup-linux-arm-gnueabihf 1350ms (cache miss)
1324 silly packumentCache full:https://registry.npmjs.org/@rollup%2frollup-linux-arm-gnueabihf set size:undefined disposed:false
1325 http fetch GET 200 https://registry.npmjs.org/@rollup%2frollup-linux-riscv64-musl 2227ms (cache miss)
1326 silly packumentCache full:https://registry.npmjs.org/@rollup%2frollup-linux-riscv64-musl set size:undefined disposed:false
1327 http fetch GET 200 https://registry.npmjs.org/@rollup%2frollup-linux-arm-musleabihf 2395ms (cache miss)
1328 silly packumentCache full:https://registry.npmjs.org/@rollup%2frollup-linux-arm-musleabihf set size:undefined disposed:false
1329 http fetch GET 200 https://registry.npmjs.org/@rollup%2frollup-win32-ia32-msvc 4919ms (cache miss)
1330 silly packumentCache full:https://registry.npmjs.org/@rollup%2frollup-win32-ia32-msvc set size:undefined disposed:false
1331 silly placeDep ROOT @jridgewell/gen-mapping@0.3.13 OK for: @ampproject/remapping@2.3.0 want: ^0.3.5
1332 silly placeDep ROOT @jridgewell/trace-mapping@0.3.31 OK for: @ampproject/remapping@2.3.0 want: ^0.3.24
1333 silly fetch manifest @jridgewell/resolve-uri@^3.1.0
1334 silly packumentCache full:https://registry.npmjs.org/@jridgewell%2fresolve-uri cache-miss
1335 http cache https://registry.npmjs.org/@jridgewell%2fresolve-uri 2ms (cache hit)
1336 silly packumentCache full:https://registry.npmjs.org/@jridgewell%2fresolve-uri set size:57361 disposed:false
1337 silly placeDep ROOT @angular-devkit/core@20.3.28 OK for: @angular-devkit/architect@0.2003.28 want: 20.3.28
1338 silly fetch manifest ajv@8.18.0
1339 silly packumentCache full:https://registry.npmjs.org/ajv cache-miss
1340 silly fetch manifest source-map@0.7.6
1341 silly packumentCache full:https://registry.npmjs.org/source-map cache-hit
1342 silly fetch manifest ajv-formats@3.0.1
1343 silly packumentCache full:https://registry.npmjs.org/ajv-formats cache-miss
1344 http cache https://registry.npmjs.org/ajv-formats 2ms (cache hit)
1345 silly packumentCache full:https://registry.npmjs.org/ajv-formats set size:141264 disposed:false
1346 http cache https://registry.npmjs.org/ajv 4ms (cache hit)
1347 silly packumentCache full:https://registry.npmjs.org/ajv set size:1142658 disposed:false
1348 silly placeDep ROOT ajv@8.18.0 OK for: @angular-devkit/core@20.3.28 want: 8.18.0
1349 silly placeDep ROOT ajv-formats@3.0.1 OK for: @angular-devkit/core@20.3.28 want: 3.0.1
1350 silly placeDep ROOT source-map@0.7.6 OK for: @angular-devkit/core@20.3.28 want: 0.7.6
1351 silly fetch manifest fast-uri@^3.0.1
1352 silly packumentCache full:https://registry.npmjs.org/fast-uri cache-miss
1353 silly fetch manifest require-from-string@^2.0.2
1354 silly packumentCache full:https://registry.npmjs.org/require-from-string cache-miss
1355 silly fetch manifest json-schema-traverse@^1.0.0
1356 silly packumentCache full:https://registry.npmjs.org/json-schema-traverse cache-miss
1357 http cache https://registry.npmjs.org/fast-uri 2ms (cache hit)
1358 silly packumentCache full:https://registry.npmjs.org/fast-uri set size:71226 disposed:false
1359 http cache https://registry.npmjs.org/require-from-string 3ms (cache hit)
1360 silly packumentCache full:https://registry.npmjs.org/require-from-string set size:15128 disposed:false
1361 http fetch GET 200 https://registry.npmjs.org/json-schema-traverse 149ms (cache miss)
1362 silly packumentCache full:https://registry.npmjs.org/json-schema-traverse set size:undefined disposed:false
1363 silly fetch manifest @cfworker/json-schema@^4.1.1
1364 silly packumentCache full:https://registry.npmjs.org/@cfworker%2fjson-schema cache-miss
1365 http fetch GET 200 https://registry.npmjs.org/@cfworker%2fjson-schema 159ms (cache miss)
1366 silly packumentCache full:https://registry.npmjs.org/@cfworker%2fjson-schema set size:undefined disposed:false
1367 silly placeDep ROOT @angular-devkit/schematics@20.3.28 OK for: @angular/cli@20.3.28 want: 20.3.28
1368 silly placeDep ROOT @inquirer/prompts@7.8.2 OK for: @angular/cli@20.3.28 want: 7.8.2
1369 silly placeDep ROOT @listr2/prompt-adapter-inquirer@3.0.1 OK for: @angular/cli@20.3.28 want: 3.0.1
1370 silly placeDep ROOT @modelcontextprotocol/sdk@1.26.0 OK for: @angular/cli@20.3.28 want: 1.26.0
1371 silly placeDep ROOT @schematics/angular@20.3.28 OK for: @angular/cli@20.3.28 want: 20.3.28
1372 silly placeDep ROOT @yarnpkg/lockfile@1.1.0 OK for: @angular/cli@20.3.28 want: 1.1.0
1373 silly placeDep ROOT algoliasearch@5.35.0 OK for: @angular/cli@20.3.28 want: 5.35.0
1374 silly placeDep ROOT ini@5.0.0 OK for: @angular/cli@20.3.28 want: 5.0.0
1375 silly placeDep ROOT npm-package-arg@13.0.0 OK for: @angular/cli@20.3.28 want: 13.0.0
1376 silly placeDep ROOT pacote@21.0.4 OK for: @angular/cli@20.3.28 want: 21.0.4
1377 silly placeDep ROOT resolve@1.22.10 OK for: @angular/cli@20.3.28 want: 1.22.10
1378 silly placeDep ROOT yargs@18.0.0 OK for: @angular/cli@20.3.28 want: 18.0.0
1379 silly placeDep ROOT zod@4.1.13 OK for: @angular/cli@20.3.28 want: 4.1.13
1380 silly fetch manifest ora@8.2.0
1381 silly packumentCache full:https://registry.npmjs.org/ora cache-miss
1382 silly fetch manifest @inquirer/input@^4.2.1
1383 silly packumentCache full:https://registry.npmjs.org/@inquirer%2finput cache-miss
1384 silly fetch manifest @inquirer/editor@^4.2.17
1385 silly packumentCache full:https://registry.npmjs.org/@inquirer%2feditor cache-miss
1386 silly fetch manifest @inquirer/expand@^4.0.17
1387 silly packumentCache full:https://registry.npmjs.org/@inquirer%2fexpand cache-miss
1388 silly fetch manifest @inquirer/number@^3.0.17
1389 silly packumentCache full:https://registry.npmjs.org/@inquirer%2fnumber cache-miss
1390 silly fetch manifest @inquirer/search@^3.1.0
1391 silly packumentCache full:https://registry.npmjs.org/@inquirer%2fsearch cache-miss
1392 silly fetch manifest @inquirer/select@^4.3.1
1393 silly packumentCache full:https://registry.npmjs.org/@inquirer%2fselect cache-miss
1394 http fetch GET 200 https://registry.npmjs.org/@inquirer%2fnumber 280ms (cache miss)
1395 silly packumentCache full:https://registry.npmjs.org/@inquirer%2fnumber set size:undefined disposed:false
1396 silly fetch manifest @inquirer/rawlist@^4.1.5
1397 silly packumentCache full:https://registry.npmjs.org/@inquirer%2frawlist cache-miss
1398 http fetch GET 200 https://registry.npmjs.org/ora 299ms (cache miss)
1399 silly packumentCache full:https://registry.npmjs.org/ora set size:undefined disposed:false
1400 silly fetch manifest @inquirer/checkbox@^4.2.1
1401 silly packumentCache full:https://registry.npmjs.org/@inquirer%2fcheckbox cache-miss
1402 http fetch GET 200 https://registry.npmjs.org/@inquirer%2fselect 450ms (cache miss)
1403 silly packumentCache full:https://registry.npmjs.org/@inquirer%2fselect set size:undefined disposed:false
1404 silly fetch manifest @inquirer/password@^4.0.17
1405 silly packumentCache full:https://registry.npmjs.org/@inquirer%2fpassword cache-miss
1406 http fetch GET 200 https://registry.npmjs.org/@inquirer%2fsearch 459ms (cache miss)
1407 silly packumentCache full:https://registry.npmjs.org/@inquirer%2fsearch set size:undefined disposed:false
1408 silly fetch manifest @inquirer/type@^3.0.7
1409 silly packumentCache full:https://registry.npmjs.org/@inquirer%2ftype cache-hit
1410 silly fetch manifest zod@^3.25 || ^4.0
1411 silly packumentCache full:https://registry.npmjs.org/zod cache-miss
1412 http fetch GET 200 https://registry.npmjs.org/@inquirer%2finput 463ms (cache miss)
1413 silly packumentCache full:https://registry.npmjs.org/@inquirer%2finput set size:undefined disposed:false
1414 silly fetch manifest cors@^2.8.5
1415 silly packumentCache full:https://registry.npmjs.org/cors cache-miss
1416 http cache https://registry.npmjs.org/zod 11ms (cache hit)
1417 silly packumentCache full:https://registry.npmjs.org/zod set size:3552562 disposed:false
1418 silly fetch manifest hono@^4.11.4
1419 silly packumentCache full:https://registry.npmjs.org/hono cache-miss
1420 http fetch GET 200 https://registry.npmjs.org/@inquirer%2feditor 527ms (cache miss)
1421 silly packumentCache full:https://registry.npmjs.org/@inquirer%2feditor set size:undefined disposed:false
1422 silly fetch manifest jose@^6.1.3
1423 silly packumentCache full:https://registry.npmjs.org/jose cache-miss
1424 http fetch GET 200 https://registry.npmjs.org/@inquirer%2fcheckbox 426ms (cache miss)
1425 silly packumentCache full:https://registry.npmjs.org/@inquirer%2fcheckbox set size:undefined disposed:false
1426 silly fetch manifest express@^5.2.1
1427 silly packumentCache full:https://registry.npmjs.org/express cache-miss
1428 http fetch GET 200 https://registry.npmjs.org/cors 275ms (cache miss)
1429 silly packumentCache full:https://registry.npmjs.org/cors set size:undefined disposed:false
1430 silly fetch manifest raw-body@^3.0.0
1431 silly packumentCache full:https://registry.npmjs.org/raw-body cache-miss
1432 http fetch GET 200 https://registry.npmjs.org/@inquirer%2fpassword 296ms (cache miss)
1433 silly packumentCache full:https://registry.npmjs.org/@inquirer%2fpassword set size:undefined disposed:false
1434 silly fetch manifest cross-spawn@^7.0.5
1435 silly packumentCache full:https://registry.npmjs.org/cross-spawn cache-hit
1436 silly fetch manifest eventsource@^3.0.2
1437 silly packumentCache full:https://registry.npmjs.org/eventsource cache-miss
1438 http fetch GET 200 https://registry.npmjs.org/eventsource 337ms (cache miss)
1439 silly packumentCache full:https://registry.npmjs.org/eventsource set size:undefined disposed:false
1440 silly fetch manifest content-type@^1.0.5
1441 silly packumentCache full:https://registry.npmjs.org/content-type cache-miss
1442 http fetch GET 200 https://registry.npmjs.org/raw-body 368ms (cache miss)
1443 silly packumentCache full:https://registry.npmjs.org/raw-body set size:undefined disposed:false
1444 silly fetch manifest pkce-challenge@^5.0.0
1445 silly packumentCache full:https://registry.npmjs.org/pkce-challenge cache-miss
1446 http fetch GET 200 https://registry.npmjs.org/express 418ms (cache miss)
1447 silly packumentCache full:https://registry.npmjs.org/express set size:undefined disposed:false
1448 silly fetch manifest @hono/node-server@^1.19.9
1449 silly packumentCache full:https://registry.npmjs.org/@hono%2fnode-server cache-miss
1450 http fetch GET 200 https://registry.npmjs.org/@inquirer%2fexpand 1265ms (cache miss)
1451 silly packumentCache full:https://registry.npmjs.org/@inquirer%2fexpand set size:undefined disposed:false
1452 silly fetch manifest json-schema-typed@^8.0.2
1453 silly packumentCache full:https://registry.npmjs.org/json-schema-typed cache-miss
1454 http fetch GET 200 https://registry.npmjs.org/content-type 236ms (cache miss)
1455 silly packumentCache full:https://registry.npmjs.org/content-type set size:undefined disposed:false
1456 silly fetch manifest eventsource-parser@^3.0.0
1457 silly packumentCache full:https://registry.npmjs.org/eventsource-parser cache-miss
1458 http fetch GET 200 https://registry.npmjs.org/jose 824ms (cache miss)
1459 silly packumentCache full:https://registry.npmjs.org/jose set size:undefined disposed:false
1460 silly fetch manifest express-rate-limit@^8.2.1
1461 silly packumentCache full:https://registry.npmjs.org/express-rate-limit cache-miss
1462 http fetch GET 200 https://registry.npmjs.org/pkce-challenge 254ms (cache miss)
1463 silly packumentCache full:https://registry.npmjs.org/pkce-challenge set size:undefined disposed:false
1464 silly fetch manifest zod-to-json-schema@^3.25.1
1465 silly packumentCache full:https://registry.npmjs.org/zod-to-json-schema cache-miss
1466 http fetch GET 200 https://registry.npmjs.org/hono 884ms (cache miss)
1467 silly packumentCache full:https://registry.npmjs.org/hono set size:undefined disposed:false
1468 silly fetch manifest @algolia/abtesting@1.1.0
1469 silly packumentCache full:https://registry.npmjs.org/@algolia%2fabtesting cache-miss
1470 http fetch GET 200 https://registry.npmjs.org/json-schema-typed 142ms (cache miss)
1471 silly packumentCache full:https://registry.npmjs.org/json-schema-typed set size:undefined disposed:false
1472 silly fetch manifest @algolia/ingestion@1.35.0
1473 silly packumentCache full:https://registry.npmjs.org/@algolia%2fingestion cache-miss
1474 http fetch GET 200 https://registry.npmjs.org/@hono%2fnode-server 249ms (cache miss)
1475 silly packumentCache full:https://registry.npmjs.org/@hono%2fnode-server set size:undefined disposed:false
1476 silly fetch manifest @algolia/recommend@5.35.0
1477 silly packumentCache full:https://registry.npmjs.org/@algolia%2frecommend cache-miss
1478 http fetch GET 200 https://registry.npmjs.org/eventsource-parser 131ms (cache miss)
1479 silly packumentCache full:https://registry.npmjs.org/eventsource-parser set size:undefined disposed:false
1480 silly fetch manifest @algolia/monitoring@1.35.0
1481 silly packumentCache full:https://registry.npmjs.org/@algolia%2fmonitoring cache-miss
1482 http fetch GET 200 https://registry.npmjs.org/zod-to-json-schema 287ms (cache miss)
1483 silly packumentCache full:https://registry.npmjs.org/zod-to-json-schema set size:undefined disposed:false
1484 silly fetch manifest @algolia/client-common@5.35.0
1485 silly packumentCache full:https://registry.npmjs.org/@algolia%2fclient-common cache-miss
1486 http fetch GET 200 https://registry.npmjs.org/express-rate-limit 312ms (cache miss)
1487 silly packumentCache full:https://registry.npmjs.org/express-rate-limit set size:undefined disposed:false
1488 silly fetch manifest @algolia/client-search@5.35.0
1489 silly packumentCache full:https://registry.npmjs.org/@algolia%2fclient-search cache-miss
1490 http fetch GET 200 https://registry.npmjs.org/@algolia%2fingestion 339ms (cache miss)
1491 silly packumentCache full:https://registry.npmjs.org/@algolia%2fingestion set size:undefined disposed:false
1492 silly fetch manifest @algolia/client-insights@5.35.0
1493 silly packumentCache full:https://registry.npmjs.org/@algolia%2fclient-insights cache-miss
1494 http fetch GET 200 https://registry.npmjs.org/@algolia%2fmonitoring 297ms (cache miss)
1495 silly packumentCache full:https://registry.npmjs.org/@algolia%2fmonitoring set size:undefined disposed:false
1496 silly fetch manifest @algolia/requester-fetch@5.35.0
1497 silly packumentCache full:https://registry.npmjs.org/@algolia%2frequester-fetch cache-miss
1498 http fetch GET 200 https://registry.npmjs.org/@algolia%2frequester-fetch 429ms (cache miss)
1499 silly packumentCache full:https://registry.npmjs.org/@algolia%2frequester-fetch set size:undefined disposed:false
1500 silly fetch manifest @algolia/client-abtesting@5.35.0
1501 silly packumentCache full:https://registry.npmjs.org/@algolia%2fclient-abtesting cache-miss
1502 http fetch GET 200 https://registry.npmjs.org/@algolia%2fclient-insights 453ms (cache miss)
1503 silly packumentCache full:https://registry.npmjs.org/@algolia%2fclient-insights set size:undefined disposed:false
1504 silly fetch manifest @algolia/client-analytics@5.35.0
1505 silly packumentCache full:https://registry.npmjs.org/@algolia%2fclient-analytics cache-miss
1506 http fetch GET 200 https://registry.npmjs.org/@algolia%2fclient-common 759ms (cache miss)
1507 silly packumentCache full:https://registry.npmjs.org/@algolia%2fclient-common set size:undefined disposed:false
1508 silly fetch manifest @algolia/requester-node-http@5.35.0
1509 silly packumentCache full:https://registry.npmjs.org/@algolia%2frequester-node-http cache-miss
1510 http fetch GET 200 https://registry.npmjs.org/@algolia%2frecommend 1086ms (cache miss)
1511 silly packumentCache full:https://registry.npmjs.org/@algolia%2frecommend set size:undefined disposed:false
1512 silly fetch manifest @algolia/requester-browser-xhr@5.35.0
1513 silly packumentCache full:https://registry.npmjs.org/@algolia%2frequester-browser-xhr cache-miss
1514 http fetch GET 200 https://registry.npmjs.org/@algolia%2fclient-abtesting 315ms (cache miss)
1515 silly packumentCache full:https://registry.npmjs.org/@algolia%2fclient-abtesting set size:undefined disposed:false
1516 silly fetch manifest @algolia/client-personalization@5.35.0
1517 silly packumentCache full:https://registry.npmjs.org/@algolia%2fclient-personalization cache-miss
1518 http fetch GET 200 https://registry.npmjs.org/@inquirer%2frawlist 2284ms (cache miss)
1519 silly packumentCache full:https://registry.npmjs.org/@inquirer%2frawlist set size:undefined disposed:false
1520 silly fetch manifest @algolia/client-query-suggestions@5.35.0
1521 silly packumentCache full:https://registry.npmjs.org/@algolia%2fclient-query-suggestions cache-miss
1522 http fetch GET 200 https://registry.npmjs.org/@algolia%2fclient-analytics 454ms (cache miss)
1523 silly packumentCache full:https://registry.npmjs.org/@algolia%2fclient-analytics set size:undefined disposed:false
1524 silly fetch manifest proc-log@^5.0.0
1525 silly packumentCache full:https://registry.npmjs.org/proc-log cache-miss
1526 http fetch GET 200 https://registry.npmjs.org/@algolia%2fclient-personalization 333ms (cache miss)
1527 silly packumentCache full:https://registry.npmjs.org/@algolia%2fclient-personalization set size:undefined disposed:false
1528 silly fetch manifest hosted-git-info@^9.0.0
1529 silly packumentCache full:https://registry.npmjs.org/hosted-git-info cache-miss
1530 http fetch GET 200 https://registry.npmjs.org/@algolia%2frequester-node-http 517ms (cache miss)
1531 silly packumentCache full:https://registry.npmjs.org/@algolia%2frequester-node-http set size:undefined disposed:false
1532 silly fetch manifest validate-npm-package-name@^6.0.0
1533 silly packumentCache full:https://registry.npmjs.org/validate-npm-package-name cache-miss
1534 http fetch GET 200 https://registry.npmjs.org/proc-log 291ms (cache miss)
1535 silly packumentCache full:https://registry.npmjs.org/proc-log set size:undefined disposed:false
1536 silly fetch manifest tar@^7.4.3
1537 silly packumentCache full:https://registry.npmjs.org/tar cache-miss
1538 http fetch GET 200 https://registry.npmjs.org/@algolia%2frequester-browser-xhr 512ms (cache miss)
1539 silly packumentCache full:https://registry.npmjs.org/@algolia%2frequester-browser-xhr set size:undefined disposed:false
1540 silly fetch manifest ssri@^13.0.0
1541 silly packumentCache full:https://registry.npmjs.org/ssri cache-miss
1542 http fetch GET 200 https://registry.npmjs.org/hosted-git-info 155ms (cache miss)
1543 silly packumentCache full:https://registry.npmjs.org/hosted-git-info set size:undefined disposed:false
1544 silly fetch manifest cacache@^20.0.0
1545 silly packumentCache full:https://registry.npmjs.org/cacache cache-miss
1546 http fetch GET 200 https://registry.npmjs.org/validate-npm-package-name 152ms (cache miss)
1547 silly packumentCache full:https://registry.npmjs.org/validate-npm-package-name set size:undefined disposed:false
1548 silly fetch manifest minipass@^7.0.2
1549 silly packumentCache full:https://registry.npmjs.org/minipass cache-miss
1550 http fetch GET 200 https://registry.npmjs.org/ssri 133ms (cache miss)
1551 silly packumentCache full:https://registry.npmjs.org/ssri set size:undefined disposed:false
1552 silly fetch manifest proc-log@^6.0.0
1553 silly packumentCache full:https://registry.npmjs.org/proc-log cache-miss
1554 http cache https://registry.npmjs.org/proc-log 5ms (cache hit)
1555 silly packumentCache full:https://registry.npmjs.org/proc-log set size:35852 disposed:false
1556 silly fetch manifest sigstore@^4.0.0
1557 silly packumentCache full:https://registry.npmjs.org/sigstore cache-miss
1558 http fetch GET 200 https://registry.npmjs.org/tar 250ms (cache miss)
1559 silly packumentCache full:https://registry.npmjs.org/tar set size:undefined disposed:false
1560 silly fetch manifest @npmcli/git@^7.0.0
1561 silly packumentCache full:https://registry.npmjs.org/@npmcli%2fgit cache-miss
1562 http fetch GET 200 https://registry.npmjs.org/cacache 195ms (cache miss)
1563 silly packumentCache full:https://registry.npmjs.org/cacache set size:undefined disposed:false
1564 silly fetch manifest fs-minipass@^3.0.0
1565 silly packumentCache full:https://registry.npmjs.org/fs-minipass cache-miss
1566 http fetch GET 200 https://registry.npmjs.org/minipass 261ms (cache miss)
1567 silly packumentCache full:https://registry.npmjs.org/minipass set size:undefined disposed:false
1568 silly fetch manifest npm-packlist@^10.0.1
1569 silly packumentCache full:https://registry.npmjs.org/npm-packlist cache-miss
1570 http fetch GET 200 https://registry.npmjs.org/fs-minipass 182ms (cache miss)
1571 silly packumentCache full:https://registry.npmjs.org/fs-minipass set size:undefined disposed:false
1572 silly fetch manifest promise-retry@^2.0.1
1573 silly packumentCache full:https://registry.npmjs.org/promise-retry cache-miss
1574 http fetch GET 200 https://registry.npmjs.org/@npmcli%2fgit 236ms (cache miss)
1575 silly packumentCache full:https://registry.npmjs.org/@npmcli%2fgit set size:undefined disposed:false
1576 silly fetch manifest npm-pick-manifest@^11.0.1
1577 silly packumentCache full:https://registry.npmjs.org/npm-pick-manifest cache-miss
1578 http fetch GET 200 https://registry.npmjs.org/sigstore 319ms (cache miss)
1579 silly packumentCache full:https://registry.npmjs.org/sigstore set size:undefined disposed:false
1580 silly fetch manifest @npmcli/run-script@^10.0.0
1581 silly packumentCache full:https://registry.npmjs.org/@npmcli%2frun-script cache-miss
1582 http fetch GET 200 https://registry.npmjs.org/npm-packlist 216ms (cache miss)
1583 silly packumentCache full:https://registry.npmjs.org/npm-packlist set size:undefined disposed:false
1584 silly fetch manifest npm-registry-fetch@^19.0.0
1585 silly packumentCache full:https://registry.npmjs.org/npm-registry-fetch cache-miss
1586 http fetch GET 200 https://registry.npmjs.org/promise-retry 171ms (cache miss)
1587 silly packumentCache full:https://registry.npmjs.org/promise-retry set size:undefined disposed:false
1588 silly fetch manifest @npmcli/package-json@^7.0.0
1589 silly packumentCache full:https://registry.npmjs.org/@npmcli%2fpackage-json cache-miss
1590 http fetch GET 200 https://registry.npmjs.org/npm-pick-manifest 178ms (cache miss)
1591 silly packumentCache full:https://registry.npmjs.org/npm-pick-manifest set size:undefined disposed:false
1592 silly fetch manifest @npmcli/promise-spawn@^9.0.0
1593 silly packumentCache full:https://registry.npmjs.org/@npmcli%2fpromise-spawn cache-miss
1594 http fetch GET 200 https://registry.npmjs.org/@npmcli%2fpackage-json 187ms (cache miss)
1595 silly packumentCache full:https://registry.npmjs.org/@npmcli%2fpackage-json set size:undefined disposed:false
1596 silly fetch manifest @npmcli/installed-package-contents@^4.0.0
1597 silly packumentCache full:https://registry.npmjs.org/@npmcli%2finstalled-package-contents cache-miss
1598 http fetch GET 200 https://registry.npmjs.org/npm-registry-fetch 250ms (cache miss)
1599 silly packumentCache full:https://registry.npmjs.org/npm-registry-fetch set size:undefined disposed:false
1600 silly fetch manifest path-parse@^1.0.7
1601 silly packumentCache full:https://registry.npmjs.org/path-parse cache-miss
1602 http fetch GET 200 https://registry.npmjs.org/@npmcli%2frun-script 355ms (cache miss)
1603 silly packumentCache full:https://registry.npmjs.org/@npmcli%2frun-script set size:undefined disposed:false
1604 silly fetch manifest is-core-module@^2.16.0
1605 silly packumentCache full:https://registry.npmjs.org/is-core-module cache-miss
1606 http fetch GET 200 https://registry.npmjs.org/@npmcli%2fpromise-spawn 220ms (cache miss)
1607 silly packumentCache full:https://registry.npmjs.org/@npmcli%2fpromise-spawn set size:undefined disposed:false
1608 silly fetch manifest supports-preserve-symlinks-flag@^1.0.0
1609 silly packumentCache full:https://registry.npmjs.org/supports-preserve-symlinks-flag cache-miss
1610 http fetch GET 200 https://registry.npmjs.org/path-parse 138ms (cache miss)
1611 silly packumentCache full:https://registry.npmjs.org/path-parse set size:undefined disposed:false
1612 silly fetch manifest y18n@^5.0.5
1613 silly packumentCache full:https://registry.npmjs.org/y18n cache-miss
1614 http fetch GET 200 https://registry.npmjs.org/@npmcli%2finstalled-package-contents 199ms (cache miss)
1615 silly packumentCache full:https://registry.npmjs.org/@npmcli%2finstalled-package-contents set size:undefined disposed:false
1616 silly fetch manifest cliui@^9.0.1
1617 silly packumentCache full:https://registry.npmjs.org/cliui cache-miss
1618 http fetch GET 200 https://registry.npmjs.org/supports-preserve-symlinks-flag 126ms (cache miss)
1619 silly packumentCache full:https://registry.npmjs.org/supports-preserve-symlinks-flag set size:undefined disposed:false
1620 silly fetch manifest escalade@^3.1.1
1621 silly packumentCache full:https://registry.npmjs.org/escalade cache-miss
1622 http fetch GET 200 https://registry.npmjs.org/is-core-module 234ms (cache miss)
1623 silly packumentCache full:https://registry.npmjs.org/is-core-module set size:undefined disposed:false
1624 silly fetch manifest string-width@^7.2.0
1625 silly packumentCache full:https://registry.npmjs.org/string-width cache-miss
1626 http fetch GET 200 https://registry.npmjs.org/y18n 154ms (cache miss)
1627 silly packumentCache full:https://registry.npmjs.org/y18n set size:undefined disposed:false
1628 silly fetch manifest yargs-parser@^22.0.0
1629 silly packumentCache full:https://registry.npmjs.org/yargs-parser cache-miss
1630 http fetch GET 200 https://registry.npmjs.org/cliui 159ms (cache miss)
1631 silly packumentCache full:https://registry.npmjs.org/cliui set size:undefined disposed:false
1632 silly fetch manifest get-caller-file@^2.0.5
1633 silly packumentCache full:https://registry.npmjs.org/get-caller-file cache-miss
1634 http fetch GET 200 https://registry.npmjs.org/escalade 148ms (cache miss)
1635 silly packumentCache full:https://registry.npmjs.org/escalade set size:undefined disposed:false
1636 http fetch GET 200 https://registry.npmjs.org/get-caller-file 111ms (cache miss)
1637 silly packumentCache full:https://registry.npmjs.org/get-caller-file set size:undefined disposed:false
1638 http fetch GET 200 https://registry.npmjs.org/yargs-parser 121ms (cache miss)
1639 silly packumentCache full:https://registry.npmjs.org/yargs-parser set size:undefined disposed:false
1640 http fetch GET 200 https://registry.npmjs.org/string-width 232ms (cache miss)
1641 silly packumentCache full:https://registry.npmjs.org/string-width set size:undefined disposed:false
1642 http fetch GET 200 https://registry.npmjs.org/@algolia%2fclient-search 5767ms (cache miss)
1643 silly packumentCache full:https://registry.npmjs.org/@algolia%2fclient-search set size:undefined disposed:false
1644 http fetch GET 200 https://registry.npmjs.org/@algolia%2fclient-query-suggestions 9421ms (cache miss)
1645 silly packumentCache full:https://registry.npmjs.org/@algolia%2fclient-query-suggestions set size:1712250 disposed:false
1646 http fetch GET 200 https://registry.npmjs.org/@algolia%2fabtesting 13139ms (cache miss)
1647 silly packumentCache full:https://registry.npmjs.org/@algolia%2fabtesting set size:undefined disposed:false
1648 silly placeDep ROOT ora@8.2.0 OK for: @angular-devkit/schematics@20.3.28 want: 8.2.0
1649 silly fetch manifest chalk@^5.3.0
1650 silly packumentCache full:https://registry.npmjs.org/chalk cache-hit
1651 silly fetch manifest cli-cursor@^5.0.0
1652 silly packumentCache full:https://registry.npmjs.org/cli-cursor cache-miss
1653 silly fetch manifest strip-ansi@^7.1.0
1654 silly packumentCache full:https://registry.npmjs.org/strip-ansi cache-miss
1655 silly fetch manifest log-symbols@^6.0.0
1656 silly packumentCache full:https://registry.npmjs.org/log-symbols cache-miss
1657 silly fetch manifest cli-spinners@^2.9.2
1658 silly packumentCache full:https://registry.npmjs.org/cli-spinners cache-miss
1659 silly fetch manifest is-interactive@^2.0.0
1660 silly packumentCache full:https://registry.npmjs.org/is-interactive cache-miss
1661 silly fetch manifest stdin-discarder@^0.2.2
1662 silly packumentCache full:https://registry.npmjs.org/stdin-discarder cache-miss
1663 silly fetch manifest is-unicode-supported@^2.0.0
1664 silly packumentCache full:https://registry.npmjs.org/is-unicode-supported cache-miss
1665 http cache https://registry.npmjs.org/strip-ansi 4ms (cache hit)
1666 silly packumentCache full:https://registry.npmjs.org/strip-ansi set size:44998 disposed:false
1667 http cache https://registry.npmjs.org/cli-cursor 6ms (cache hit)
1668 silly packumentCache full:https://registry.npmjs.org/cli-cursor set size:18913 disposed:false
1669 http cache https://registry.npmjs.org/stdin-discarder 4ms (cache hit)
1670 silly packumentCache full:https://registry.npmjs.org/stdin-discarder set size:15211 disposed:false
1671 http cache https://registry.npmjs.org/log-symbols 6ms (cache hit)
1672 silly packumentCache full:https://registry.npmjs.org/log-symbols set size:31977 disposed:false
1673 http cache https://registry.npmjs.org/is-unicode-supported 5ms (cache hit)
1674 silly packumentCache full:https://registry.npmjs.org/is-unicode-supported set size:19461 disposed:false
1675 http cache https://registry.npmjs.org/cli-spinners 7ms (cache hit)
1676 silly packumentCache full:https://registry.npmjs.org/cli-spinners set size:67473 disposed:false
1677 http cache https://registry.npmjs.org/is-interactive 7ms (cache hit)
1678 silly packumentCache full:https://registry.npmjs.org/is-interactive set size:10692 disposed:false
1679 silly placeDep ROOT @jridgewell/sourcemap-codec@1.5.5 OK for: @angular/compiler-cli@20.3.25 want: ^1.4.14
1680 silly placeDep ROOT chokidar@4.0.3 OK for: @angular/compiler-cli@20.3.25 want: ^4.0.0
1681 silly placeDep ROOT convert-source-map@1.9.0 OK for: @angular/compiler-cli@20.3.25 want: ^1.5.1
1682 silly placeDep ROOT reflect-metadata@0.2.2 OK for: @angular/compiler-cli@20.3.25 want: ^0.2.0
1683 silly fetch manifest readdirp@^4.0.1
1684 silly packumentCache full:https://registry.npmjs.org/readdirp cache-miss
1685 http cache https://registry.npmjs.org/readdirp 1ms (cache hit)
1686 silly packumentCache full:https://registry.npmjs.org/readdirp set size:107589 disposed:false
1687 silly fetch manifest @babel/core@^7.0.0
1688 silly packumentCache full:https://registry.npmjs.org/@babel%2fcore cache-hit
1689 silly placeDep ROOT @babel/code-frame@7.29.7 OK for: @babel/core@7.28.3 want: ^7.27.1
1690 silly placeDep ROOT @babel/generator@7.29.7 OK for: @babel/core@7.28.3 want: ^7.28.3
1691 silly placeDep ROOT @babel/helper-compilation-targets@7.29.7 OK for: @babel/core@7.28.3 want: ^7.27.2
1692 silly placeDep ROOT @babel/helper-module-transforms@7.29.7 OK for: @babel/core@7.28.3 want: ^7.28.3
1693 silly placeDep ROOT @babel/helpers@7.29.7 OK for: @babel/core@7.28.3 want: ^7.28.3
1694 silly placeDep ROOT @babel/parser@7.29.7 OK for: @babel/core@7.28.3 want: ^7.28.3
1695 silly placeDep ROOT @babel/template@7.29.7 OK for: @babel/core@7.28.3 want: ^7.27.2
1696 silly placeDep ROOT @babel/traverse@7.29.7 OK for: @babel/core@7.28.3 want: ^7.28.3
1697 silly placeDep ROOT @babel/types@7.29.7 OK for: @babel/core@7.28.3 want: ^7.28.2
1698 silly placeDep node_modules/@babel/core convert-source-map@2.0.0 OK for: @babel/core@7.28.3 want: ^2.0.0
1699 silly placeDep ROOT debug@4.4.3 OK for: @babel/core@7.28.3 want: ^4.1.0
1700 silly placeDep ROOT gensync@1.0.0-beta.2 OK for: @babel/core@7.28.3 want: ^1.0.0-beta.2
1701 silly placeDep ROOT json5@2.2.3 OK for: @babel/core@7.28.3 want: ^2.2.3
1702 silly placeDep node_modules/@babel/core semver@6.3.1 OK for: @babel/core@7.28.3 want: ^6.3.1
1703 silly fetch manifest @babel/helper-validator-identifier@^7.29.7
1704 silly packumentCache full:https://registry.npmjs.org/@babel%2fhelper-validator-identifier cache-miss
1705 silly fetch manifest js-tokens@^4.0.0
1706 silly packumentCache full:https://registry.npmjs.org/js-tokens cache-miss
1707 silly fetch manifest @babel/parser@^7.29.7
1708 silly packumentCache full:https://registry.npmjs.org/@babel%2fparser cache-hit
1709 silly fetch manifest @babel/types@^7.29.7
1710 silly packumentCache full:https://registry.npmjs.org/@babel%2ftypes cache-hit
1711 silly fetch manifest jsesc@^3.0.2
1712 silly packumentCache full:https://registry.npmjs.org/jsesc cache-miss
1713 silly fetch manifest @babel/compat-data@^7.29.7
1714 silly packumentCache full:https://registry.npmjs.org/@babel%2fcompat-data cache-miss
1715 silly fetch manifest @babel/helper-validator-option@^7.29.7
1716 silly packumentCache full:https://registry.npmjs.org/@babel%2fhelper-validator-option cache-miss
1717 silly fetch manifest lru-cache@^5.1.1
1718 silly packumentCache full:https://registry.npmjs.org/lru-cache cache-miss
1719 silly fetch manifest @babel/helper-module-imports@^7.29.7
1720 silly packumentCache full:https://registry.npmjs.org/@babel%2fhelper-module-imports cache-miss
1721 http cache https://registry.npmjs.org/@babel%2fhelper-validator-option 5ms (cache hit)
1722 silly packumentCache full:https://registry.npmjs.org/@babel%2fhelper-validator-option set size:99449 disposed:false
1723 silly fetch manifest @babel/helper-validator-identifier@^7.29.7
1724 silly packumentCache full:https://registry.npmjs.org/@babel%2fhelper-validator-identifier cache-miss
1725 http cache https://registry.npmjs.org/jsesc 6ms (cache hit)
1726 silly packumentCache full:https://registry.npmjs.org/jsesc set size:61512 disposed:false
1727 silly fetch manifest @babel/traverse@^7.29.7
1728 silly packumentCache full:https://registry.npmjs.org/@babel%2ftraverse cache-hit
1729 silly fetch manifest @babel/template@^7.29.7
1730 silly packumentCache full:https://registry.npmjs.org/@babel%2ftemplate cache-hit
1731 silly fetch manifest @babel/helper-globals@^7.29.7
1732 silly packumentCache full:https://registry.npmjs.org/@babel%2fhelper-globals cache-miss
1733 http cache https://registry.npmjs.org/@babel%2fhelper-validator-identifier 8ms (cache hit)
1734 silly packumentCache full:https://registry.npmjs.org/@babel%2fhelper-validator-identifier set size:123928 disposed:false
1735 silly fetch manifest debug@^4.3.1
1736 silly packumentCache full:https://registry.npmjs.org/debug cache-hit
1737 silly fetch manifest @babel/helper-string-parser@^7.29.7
1738 silly packumentCache full:https://registry.npmjs.org/@babel%2fhelper-string-parser cache-miss
1739 http cache https://registry.npmjs.org/@babel%2fhelper-module-imports 8ms (cache hit)
1740 silly packumentCache full:https://registry.npmjs.org/@babel%2fhelper-module-imports set size:201351 disposed:false
1741 silly fetch manifest ms@^2.1.3
1742 silly packumentCache full:https://registry.npmjs.org/ms cache-miss
1743 http cache https://registry.npmjs.org/js-tokens 10ms (cache hit)
1744 silly packumentCache full:https://registry.npmjs.org/js-tokens set size:41947 disposed:false
1745 http cache https://registry.npmjs.org/@babel%2fcompat-data 10ms (cache hit)
1746 silly packumentCache full:https://registry.npmjs.org/@babel%2fcompat-data set size:316558 disposed:false
1747 http cache https://registry.npmjs.org/lru-cache 11ms (cache hit)
1748 silly packumentCache full:https://registry.npmjs.org/lru-cache set size:456196 disposed:false
1749 http cache https://registry.npmjs.org/@babel%2fhelper-globals 10ms (cache hit)
1750 silly packumentCache full:https://registry.npmjs.org/@babel%2fhelper-globals set size:23181 disposed:false
1751 http cache https://registry.npmjs.org/@babel%2fhelper-validator-identifier 11ms (cache hit)
1752 silly packumentCache full:https://registry.npmjs.org/@babel%2fhelper-validator-identifier set size:123928 disposed:false
1753 silly packumentCache full:https://registry.npmjs.org/@babel%2fhelper-validator-identifier dispose
1754 http cache https://registry.npmjs.org/@babel%2fhelper-string-parser 10ms (cache hit)
1755 silly packumentCache full:https://registry.npmjs.org/@babel%2fhelper-string-parser set size:89614 disposed:false
1756 http cache https://registry.npmjs.org/ms 9ms (cache hit)
1757 silly packumentCache full:https://registry.npmjs.org/ms set size:92208 disposed:false
1758 silly placeDep ROOT @babel/helper-validator-identifier@7.29.7 OK for: @babel/code-frame@7.29.7 want: ^7.29.7
1759 silly placeDep ROOT js-tokens@4.0.0 OK for: @babel/code-frame@7.29.7 want: ^4.0.0
1760 silly placeDep ROOT picocolors@1.1.1 OK for: @babel/code-frame@7.29.7 want: ^1.1.1
1761 silly placeDep ROOT jsesc@3.1.0 OK for: @babel/generator@7.29.7 want: ^3.0.2
1762 silly placeDep ROOT @babel/compat-data@7.29.7 OK for: @babel/helper-compilation-targets@7.29.7 want: ^7.29.7
1763 silly placeDep ROOT @babel/helper-validator-option@7.29.7 OK for: @babel/helper-compilation-targets@7.29.7 want: ^7.29.7
1764 silly placeDep ROOT lru-cache@5.1.1 OK for: @babel/helper-compilation-targets@7.29.7 want: ^5.1.1
1765 silly placeDep node_modules/@babel/helper-compilation-targets semver@6.3.1 OK for: @babel/helper-compilation-targets@7.29.7 want: ^6.3.1
1766 silly fetch manifest yallist@^3.0.2
1767 silly packumentCache full:https://registry.npmjs.org/yallist cache-miss
1768 http fetch GET 200 https://registry.npmjs.org/yallist 128ms (cache miss)
1769 silly packumentCache full:https://registry.npmjs.org/yallist set size:undefined disposed:false
1770 silly placeDep ROOT @babel/helper-module-imports@7.29.7 OK for: @babel/helper-module-transforms@7.29.7 want: ^7.29.7
1771 silly placeDep ROOT @babel/helper-globals@7.29.7 OK for: @babel/traverse@7.29.7 want: ^7.29.7
1772 silly placeDep ROOT @babel/helper-string-parser@7.29.7 OK for: @babel/types@7.29.7 want: ^7.29.7
1773 silly placeDep ROOT @commitlint/format@21.0.1 OK for: @commitlint/cli@21.0.2 want: ^21.0.1
1774 silly placeDep ROOT @commitlint/lint@21.0.2 OK for: @commitlint/cli@21.0.2 want: ^21.0.2
1775 silly placeDep ROOT @commitlint/load@21.0.2 OK for: @commitlint/cli@21.0.2 want: ^21.0.2
1776 silly placeDep ROOT @commitlint/read@21.0.2 OK for: @commitlint/cli@21.0.2 want: ^21.0.2
1777 silly placeDep ROOT @commitlint/types@21.0.1 OK for: @commitlint/cli@21.0.2 want: ^21.0.1
1778 silly placeDep ROOT tinyexec@1.2.4 OK for: @commitlint/cli@21.0.2 want: ^1.0.0
1779 silly fetch manifest @commitlint/is-ignored@^21.0.2
1780 silly packumentCache full:https://registry.npmjs.org/@commitlint%2fis-ignored cache-miss
1781 silly fetch manifest @commitlint/parse@^21.0.2
1782 silly packumentCache full:https://registry.npmjs.org/@commitlint%2fparse cache-miss
1783 silly fetch manifest @commitlint/rules@^21.0.2
1784 silly packumentCache full:https://registry.npmjs.org/@commitlint%2frules cache-miss
1785 silly fetch manifest @commitlint/config-validator@^21.0.1
1786 silly packumentCache full:https://registry.npmjs.org/@commitlint%2fconfig-validator cache-miss
1787 silly fetch manifest @commitlint/execute-rule@^21.0.1
1788 silly packumentCache full:https://registry.npmjs.org/@commitlint%2fexecute-rule cache-miss
1789 silly fetch manifest @commitlint/resolve-extends@^21.0.1
1790 silly packumentCache full:https://registry.npmjs.org/@commitlint%2fresolve-extends cache-miss
1791 silly fetch manifest cosmiconfig@^9.0.1
1792 silly packumentCache full:https://registry.npmjs.org/cosmiconfig cache-miss
1793 http fetch GET 200 https://registry.npmjs.org/cosmiconfig 155ms (cache miss)
1794 silly packumentCache full:https://registry.npmjs.org/cosmiconfig set size:undefined disposed:false
1795 silly fetch manifest cosmiconfig-typescript-loader@^6.1.0
1796 silly packumentCache full:https://registry.npmjs.org/cosmiconfig-typescript-loader cache-miss
1797 http fetch GET 200 https://registry.npmjs.org/@commitlint%2fis-ignored 198ms (cache miss)
1798 silly packumentCache full:https://registry.npmjs.org/@commitlint%2fis-ignored set size:undefined disposed:false
1799 silly fetch manifest es-toolkit@^1.46.0
1800 silly packumentCache full:https://registry.npmjs.org/es-toolkit cache-miss
1801 http fetch GET 200 https://registry.npmjs.org/@commitlint%2fparse 212ms (cache miss)
1802 silly packumentCache full:https://registry.npmjs.org/@commitlint%2fparse set size:undefined disposed:false
1803 silly fetch manifest is-plain-obj@^4.1.0
1804 silly packumentCache full:https://registry.npmjs.org/is-plain-obj cache-miss
1805 http fetch GET 200 https://registry.npmjs.org/@commitlint%2fconfig-validator 460ms (cache miss)
1806 silly packumentCache full:https://registry.npmjs.org/@commitlint%2fconfig-validator set size:undefined disposed:false
1807 silly fetch manifest @commitlint/top-level@^21.0.2
1808 silly packumentCache full:https://registry.npmjs.org/@commitlint%2ftop-level cache-miss
1809 http fetch GET 200 https://registry.npmjs.org/cosmiconfig-typescript-loader 306ms (cache miss)
1810 silly packumentCache full:https://registry.npmjs.org/cosmiconfig-typescript-loader set size:undefined disposed:false
1811 silly fetch manifest git-raw-commits@^5.0.0
1812 silly packumentCache full:https://registry.npmjs.org/git-raw-commits cache-miss
1813 http fetch GET 200 https://registry.npmjs.org/@commitlint%2fresolve-extends 582ms (cache miss)
1814 silly packumentCache full:https://registry.npmjs.org/@commitlint%2fresolve-extends set size:undefined disposed:false
1815 silly fetch manifest conventional-commits-parser@^6.3.0
1816 silly packumentCache full:https://registry.npmjs.org/conventional-commits-parser cache-miss
1817 http fetch GET 200 https://registry.npmjs.org/@commitlint%2frules 598ms (cache miss)
1818 silly packumentCache full:https://registry.npmjs.org/@commitlint%2frules set size:undefined disposed:false
1819 http fetch GET 200 https://registry.npmjs.org/is-plain-obj 673ms (cache miss)
1820 silly packumentCache full:https://registry.npmjs.org/is-plain-obj set size:undefined disposed:false
1821 http fetch GET 200 https://registry.npmjs.org/git-raw-commits 743ms (cache miss)
1822 silly packumentCache full:https://registry.npmjs.org/git-raw-commits set size:undefined disposed:false
1823 http fetch GET 200 https://registry.npmjs.org/conventional-commits-parser 675ms (cache miss)
1824 silly packumentCache full:https://registry.npmjs.org/conventional-commits-parser set size:undefined disposed:false
1825 http fetch GET 200 https://registry.npmjs.org/es-toolkit 1441ms (cache miss)
1826 silly packumentCache full:https://registry.npmjs.org/es-toolkit set size:undefined disposed:false
1827 http fetch GET 200 https://registry.npmjs.org/@commitlint%2ftop-level 5418ms (cache miss)
1828 silly packumentCache full:https://registry.npmjs.org/@commitlint%2ftop-level set size:148178 disposed:false
1829 http fetch GET 200 https://registry.npmjs.org/@commitlint%2fexecute-rule 6220ms (cache miss)
1830 silly packumentCache full:https://registry.npmjs.org/@commitlint%2fexecute-rule set size:undefined disposed:false
1831 silly placeDep ROOT conventional-changelog-conventionalcommits@9.3.1 OK for: @commitlint/config-conventional@21.0.2 want: ^9.2.0
1832 silly fetch manifest compare-func@^2.0.0
1833 silly packumentCache full:https://registry.npmjs.org/compare-func cache-miss
1834 http fetch GET 200 https://registry.npmjs.org/compare-func 84ms (cache miss)
1835 silly packumentCache full:https://registry.npmjs.org/compare-func set size:undefined disposed:false
1836 silly placeDep ROOT @commitlint/is-ignored@21.0.2 OK for: @commitlint/lint@21.0.2 want: ^21.0.2
1837 silly placeDep ROOT @commitlint/parse@21.0.2 OK for: @commitlint/lint@21.0.2 want: ^21.0.2
1838 silly placeDep ROOT @commitlint/rules@21.0.2 OK for: @commitlint/lint@21.0.2 want: ^21.0.2
1839 silly fetch manifest conventional-changelog-angular@^8.2.0
1840 silly packumentCache full:https://registry.npmjs.org/conventional-changelog-angular cache-miss
1841 silly fetch manifest @commitlint/ensure@^21.0.1
1842 silly packumentCache full:https://registry.npmjs.org/@commitlint%2fensure cache-miss
1843 silly fetch manifest @commitlint/message@^21.0.2
1844 silly packumentCache full:https://registry.npmjs.org/@commitlint%2fmessage cache-miss
1845 silly fetch manifest @commitlint/to-lines@^21.0.1
1846 silly packumentCache full:https://registry.npmjs.org/@commitlint%2fto-lines cache-miss
1847 http fetch GET 200 https://registry.npmjs.org/conventional-changelog-angular 144ms (cache miss)
1848 silly packumentCache full:https://registry.npmjs.org/conventional-changelog-angular set size:undefined disposed:false
1849 http fetch GET 200 https://registry.npmjs.org/@commitlint%2fto-lines 145ms (cache miss)
1850 silly packumentCache full:https://registry.npmjs.org/@commitlint%2fto-lines set size:undefined disposed:false
1851 http fetch GET 200 https://registry.npmjs.org/@commitlint%2fensure 178ms (cache miss)
1852 silly packumentCache full:https://registry.npmjs.org/@commitlint%2fensure set size:undefined disposed:false
1853 http fetch GET 200 https://registry.npmjs.org/@commitlint%2fmessage 326ms (cache miss)
1854 silly packumentCache full:https://registry.npmjs.org/@commitlint%2fmessage set size:undefined disposed:false
1855 silly fetch manifest typescript@>=4.9.5
1856 silly packumentCache full:https://registry.npmjs.org/typescript cache-miss
1857 http cache https://registry.npmjs.org/typescript 32ms (cache hit)
1858 silly packumentCache full:https://registry.npmjs.org/typescript set size:15409943 disposed:false
1859 silly fetch manifest @types/node@*
1860 silly packumentCache full:https://registry.npmjs.org/@types%2fnode cache-miss
1861 http cache https://registry.npmjs.org/@types%2fnode 15ms (cache hit)
1862 silly packumentCache full:https://registry.npmjs.org/@types%2fnode set size:11047915 disposed:false
1863 silly placeDep ROOT @commitlint/config-validator@21.0.1 OK for: @commitlint/load@21.0.2 want: ^21.0.1
1864 silly placeDep ROOT @commitlint/execute-rule@21.0.1 OK for: @commitlint/load@21.0.2 want: ^21.0.1
1865 silly placeDep ROOT @commitlint/resolve-extends@21.0.1 OK for: @commitlint/load@21.0.2 want: ^21.0.1
1866 silly placeDep ROOT cosmiconfig@9.0.2 OK for: @commitlint/load@21.0.2 want: ^9.0.1
1867 silly placeDep ROOT cosmiconfig-typescript-loader@6.3.0 OK for: @commitlint/load@21.0.2 want: ^6.1.0
1868 silly placeDep ROOT @types/node@25.9.3 OK for: cosmiconfig-typescript-loader@6.3.0 want: *
1869 silly placeDep ROOT es-toolkit@1.47.1 OK for: @commitlint/load@21.0.2 want: ^1.46.0
1870 silly placeDep ROOT is-plain-obj@4.1.0 OK for: @commitlint/load@21.0.2 want: ^4.1.0
1871 silly fetch manifest global-directory@^5.0.0
1872 silly packumentCache full:https://registry.npmjs.org/global-directory cache-miss
1873 silly fetch manifest resolve-from@^5.0.0
1874 silly packumentCache full:https://registry.npmjs.org/resolve-from cache-miss
1875 silly fetch manifest js-yaml@^4.1.0
1876 silly packumentCache full:https://registry.npmjs.org/js-yaml cache-miss
1877 silly fetch manifest env-paths@^2.2.1
1878 silly packumentCache full:https://registry.npmjs.org/env-paths cache-miss
1879 silly fetch manifest parse-json@^5.2.0
1880 silly packumentCache full:https://registry.npmjs.org/parse-json cache-miss
1881 silly fetch manifest import-fresh@^3.3.0
1882 silly packumentCache full:https://registry.npmjs.org/import-fresh cache-miss
1883 silly fetch manifest jiti@2.6.1
1884 silly packumentCache full:https://registry.npmjs.org/jiti cache-hit
1885 silly fetch manifest undici-types@>=7.24.0 <7.24.7
1886 silly packumentCache full:https://registry.npmjs.org/undici-types cache-miss
1887 http fetch GET 200 https://registry.npmjs.org/resolve-from 98ms (cache miss)
1888 silly packumentCache full:https://registry.npmjs.org/resolve-from set size:undefined disposed:false
1889 http fetch GET 200 https://registry.npmjs.org/global-directory 98ms (cache miss)
1890 silly packumentCache full:https://registry.npmjs.org/global-directory set size:undefined disposed:false
1891 http fetch GET 200 https://registry.npmjs.org/undici-types 108ms (cache miss)
1892 silly packumentCache full:https://registry.npmjs.org/undici-types set size:undefined disposed:false
1893 http fetch GET 200 https://registry.npmjs.org/js-yaml 136ms (cache miss)
1894 silly packumentCache full:https://registry.npmjs.org/js-yaml set size:undefined disposed:false
1895 http fetch GET 200 https://registry.npmjs.org/env-paths 141ms (cache miss)
1896 silly packumentCache full:https://registry.npmjs.org/env-paths set size:undefined disposed:false
1897 http fetch GET 200 https://registry.npmjs.org/parse-json 142ms (cache miss)
1898 silly packumentCache full:https://registry.npmjs.org/parse-json set size:undefined disposed:false
1899 http fetch GET 200 https://registry.npmjs.org/import-fresh 143ms (cache miss)
1900 silly packumentCache full:https://registry.npmjs.org/import-fresh set size:undefined disposed:false
1901 silly placeDep ROOT conventional-changelog-angular@8.3.1 OK for: @commitlint/parse@21.0.2 want: ^8.2.0
1902 silly placeDep ROOT conventional-commits-parser@6.4.0 OK for: @commitlint/parse@21.0.2 want: ^6.3.0
1903 silly fetch manifest @simple-libs/stream-utils@^1.2.0
1904 silly packumentCache full:https://registry.npmjs.org/@simple-libs%2fstream-utils cache-miss
1905 silly fetch manifest meow@^13.0.0
1906 silly packumentCache full:https://registry.npmjs.org/meow cache-miss
1907 http fetch GET 200 https://registry.npmjs.org/meow 66ms (cache miss)
1908 silly packumentCache full:https://registry.npmjs.org/meow set size:undefined disposed:false
1909 http fetch GET 200 https://registry.npmjs.org/@simple-libs%2fstream-utils 269ms (cache miss)
1910 silly packumentCache full:https://registry.npmjs.org/@simple-libs%2fstream-utils set size:undefined disposed:false
1911 silly placeDep ROOT @commitlint/top-level@21.0.2 OK for: @commitlint/read@21.0.2 want: ^21.0.2
1912 silly placeDep ROOT git-raw-commits@5.0.1 OK for: @commitlint/read@21.0.2 want: ^5.0.0
1913 silly fetch manifest escalade@^3.2.0
1914 silly packumentCache full:https://registry.npmjs.org/escalade cache-miss
1915 silly fetch manifest @conventional-changelog/git-client@^2.6.0
1916 silly packumentCache full:https://registry.npmjs.org/@conventional-changelog%2fgit-client cache-miss
1917 http cache https://registry.npmjs.org/escalade 4ms (cache hit)
1918 silly packumentCache full:https://registry.npmjs.org/escalade set size:33724 disposed:false
1919 http fetch GET 200 https://registry.npmjs.org/@conventional-changelog%2fgit-client 3535ms (cache miss)
1920 silly packumentCache full:https://registry.npmjs.org/@conventional-changelog%2fgit-client set size:undefined disposed:false
1921 silly placeDep ROOT global-directory@5.0.0 OK for: @commitlint/resolve-extends@21.0.1 want: ^5.0.0
1922 silly placeDep ROOT resolve-from@5.0.0 OK for: @commitlint/resolve-extends@21.0.1 want: ^5.0.0
1923 silly fetch manifest ini@6.0.0
1924 silly packumentCache full:https://registry.npmjs.org/ini cache-hit
1925 silly placeDep ROOT @commitlint/ensure@21.0.1 OK for: @commitlint/rules@21.0.2 want: ^21.0.1
1926 silly placeDep ROOT @commitlint/message@21.0.2 OK for: @commitlint/rules@21.0.2 want: ^21.0.2
1927 silly placeDep ROOT @commitlint/to-lines@21.0.1 OK for: @commitlint/rules@21.0.2 want: ^21.0.1
1928 silly placeDep ROOT escalade@3.2.0 OK for: @commitlint/top-level@21.0.2 want: ^3.2.0
1929 silly placeDep ROOT @inquirer/core@10.3.2 OK for: @inquirer/confirm@5.1.14 want: ^10.1.15
1930 silly placeDep ROOT @inquirer/type@3.0.10 OK for: @inquirer/confirm@5.1.14 want: ^3.0.8
1931 silly fetch manifest cli-width@^4.1.0
1932 silly packumentCache full:https://registry.npmjs.org/cli-width cache-miss
1933 silly fetch manifest wrap-ansi@^6.2.0
1934 silly packumentCache full:https://registry.npmjs.org/wrap-ansi cache-hit
1935 silly fetch manifest mute-stream@^2.0.0
1936 silly packumentCache full:https://registry.npmjs.org/mute-stream cache-miss
1937 silly fetch manifest signal-exit@^4.1.0
1938 silly packumentCache full:https://registry.npmjs.org/signal-exit cache-miss
1939 silly fetch manifest @inquirer/ansi@^1.0.2
1940 silly packumentCache full:https://registry.npmjs.org/@inquirer%2fansi cache-miss
1941 silly fetch manifest @inquirer/type@^3.0.10
1942 silly packumentCache full:https://registry.npmjs.org/@inquirer%2ftype cache-hit
1943 silly fetch manifest yoctocolors-cjs@^2.1.3
1944 silly packumentCache full:https://registry.npmjs.org/yoctocolors-cjs cache-miss
1945 silly fetch manifest @inquirer/figures@^1.0.15
1946 silly packumentCache full:https://registry.npmjs.org/@inquirer%2ffigures cache-miss
1947 http cache https://registry.npmjs.org/yoctocolors-cjs 5ms (cache hit)
1948 silly packumentCache full:https://registry.npmjs.org/yoctocolors-cjs set size:12865 disposed:false
1949 http cache https://registry.npmjs.org/@inquirer%2ffigures 4ms (cache hit)
1950 silly packumentCache full:https://registry.npmjs.org/@inquirer%2ffigures set size:57318 disposed:false
1951 http cache https://registry.npmjs.org/signal-exit 7ms (cache hit)
1952 silly packumentCache full:https://registry.npmjs.org/signal-exit set size:53489 disposed:false
1953 http cache https://registry.npmjs.org/mute-stream 7ms (cache hit)
1954 silly packumentCache full:https://registry.npmjs.org/mute-stream set size:24469 disposed:false
1955 http cache https://registry.npmjs.org/@inquirer%2fansi 8ms (cache hit)
1956 silly packumentCache full:https://registry.npmjs.org/@inquirer%2fansi set size:29199 disposed:false
1957 http cache https://registry.npmjs.org/cli-width 9ms (cache hit)
1958 silly packumentCache full:https://registry.npmjs.org/cli-width set size:24976 disposed:false
1959 silly placeDep ROOT @inquirer/ansi@1.0.2 OK for: @inquirer/core@10.3.2 want: ^1.0.2
1960 silly placeDep ROOT @inquirer/figures@1.0.15 OK for: @inquirer/core@10.3.2 want: ^1.0.15
1961 silly placeDep ROOT cli-width@4.1.0 OK for: @inquirer/core@10.3.2 want: ^4.1.0
1962 silly placeDep ROOT mute-stream@2.0.0 OK for: @inquirer/core@10.3.2 want: ^2.0.0
1963 silly placeDep ROOT signal-exit@4.1.0 OK for: @inquirer/core@10.3.2 want: ^4.1.0
1964 silly placeDep ROOT wrap-ansi@6.2.0 OK for: @inquirer/core@10.3.2 want: ^6.2.0
1965 silly placeDep ROOT yoctocolors-cjs@2.1.3 OK for: @inquirer/core@10.3.2 want: ^2.1.3
1966 silly fetch manifest strip-ansi@^6.0.0
1967 silly packumentCache full:https://registry.npmjs.org/strip-ansi cache-hit
1968 silly fetch manifest ansi-styles@^4.0.0
1969 silly packumentCache full:https://registry.npmjs.org/ansi-styles cache-miss
1970 silly fetch manifest string-width@^4.1.0
1971 silly packumentCache full:https://registry.npmjs.org/string-width cache-miss
1972 http cache https://registry.npmjs.org/string-width 3ms (cache hit)
1973 silly packumentCache full:https://registry.npmjs.org/string-width set size:70381 disposed:false
1974 http cache https://registry.npmjs.org/ansi-styles 4ms (cache hit)
1975 silly packumentCache full:https://registry.npmjs.org/ansi-styles set size:63233 disposed:false
1976 silly placeDep ROOT @inquirer/checkbox@4.3.2 OK for: @inquirer/prompts@7.8.2 want: ^4.2.1
1977 silly placeDep ROOT @inquirer/editor@4.2.23 OK for: @inquirer/prompts@7.8.2 want: ^4.2.17
1978 silly placeDep ROOT @inquirer/expand@4.0.23 OK for: @inquirer/prompts@7.8.2 want: ^4.0.17
1979 silly placeDep ROOT @inquirer/input@4.3.1 OK for: @inquirer/prompts@7.8.2 want: ^4.2.1
1980 silly placeDep ROOT @inquirer/number@3.0.23 OK for: @inquirer/prompts@7.8.2 want: ^3.0.17
1981 silly placeDep ROOT @inquirer/password@4.0.23 OK for: @inquirer/prompts@7.8.2 want: ^4.0.17
1982 silly placeDep ROOT @inquirer/rawlist@4.1.11 OK for: @inquirer/prompts@7.8.2 want: ^4.1.5
1983 silly placeDep ROOT @inquirer/search@3.2.2 OK for: @inquirer/prompts@7.8.2 want: ^3.1.0
1984 silly placeDep ROOT @inquirer/select@4.4.2 OK for: @inquirer/prompts@7.8.2 want: ^4.3.1
1985 silly fetch manifest @inquirer/external-editor@^1.0.3
1986 silly packumentCache full:https://registry.npmjs.org/@inquirer%2fexternal-editor cache-miss
1987 http cache https://registry.npmjs.org/@inquirer%2fexternal-editor 3ms (cache hit)
1988 silly packumentCache full:https://registry.npmjs.org/@inquirer%2fexternal-editor set size:41046 disposed:false
1989 silly placeDep ROOT @inquirer/external-editor@1.0.3 OK for: @inquirer/editor@4.2.23 want: ^1.0.3
1990 silly fetch manifest chardet@^2.1.1
1991 silly packumentCache full:https://registry.npmjs.org/chardet cache-miss
1992 silly fetch manifest iconv-lite@^0.7.0
1993 silly packumentCache full:https://registry.npmjs.org/iconv-lite cache-miss
1994 http cache https://registry.npmjs.org/chardet 2ms (cache hit)
1995 silly packumentCache full:https://registry.npmjs.org/chardet set size:70553 disposed:false
1996 http cache https://registry.npmjs.org/iconv-lite 3ms (cache hit)
1997 silly packumentCache full:https://registry.npmjs.org/iconv-lite set size:120557 disposed:false
1998 silly placeDep ROOT chardet@2.1.1 OK for: @inquirer/external-editor@1.0.3 want: ^2.1.1
1999 silly placeDep ROOT iconv-lite@0.7.2 OK for: @inquirer/external-editor@1.0.3 want: ^0.7.0
2000 silly fetch manifest safer-buffer@>= 2.1.2 < 3.0.0
2001 silly packumentCache full:https://registry.npmjs.org/safer-buffer cache-miss
2002 http cache https://registry.npmjs.org/safer-buffer 1ms (cache hit)
2003 silly packumentCache full:https://registry.npmjs.org/safer-buffer set size:18521 disposed:false
2004 silly placeDep ROOT @jridgewell/resolve-uri@3.1.2 OK for: @jridgewell/trace-mapping@0.3.31 want: ^3.1.0
2005 silly placeDep ROOT @hono/node-server@1.19.14 OK for: @modelcontextprotocol/sdk@1.26.0 want: ^1.19.9
2006 silly placeDep ROOT hono@4.12.25 OK for: @hono/node-server@1.19.14 want: ^4
2007 silly placeDep ROOT content-type@1.0.5 OK for: @modelcontextprotocol/sdk@1.26.0 want: ^1.0.5
2008 silly placeDep ROOT cors@2.8.6 OK for: @modelcontextprotocol/sdk@1.26.0 want: ^2.8.5
2009 silly placeDep ROOT cross-spawn@7.0.6 OK for: @modelcontextprotocol/sdk@1.26.0 want: ^7.0.5
2010 silly placeDep ROOT eventsource@3.0.7 OK for: @modelcontextprotocol/sdk@1.26.0 want: ^3.0.2
2011 silly placeDep ROOT eventsource-parser@3.1.0 OK for: @modelcontextprotocol/sdk@1.26.0 want: ^3.0.0
2012 silly placeDep ROOT express@5.2.1 OK for: @modelcontextprotocol/sdk@1.26.0 want: ^5.2.1
2013 silly placeDep ROOT express-rate-limit@8.5.2 OK for: @modelcontextprotocol/sdk@1.26.0 want: ^8.2.1
2014 silly placeDep ROOT jose@6.2.3 OK for: @modelcontextprotocol/sdk@1.26.0 want: ^6.1.3
2015 silly placeDep ROOT json-schema-typed@8.0.2 OK for: @modelcontextprotocol/sdk@1.26.0 want: ^8.0.2
2016 silly placeDep ROOT pkce-challenge@5.0.1 OK for: @modelcontextprotocol/sdk@1.26.0 want: ^5.0.0
2017 silly placeDep ROOT raw-body@3.0.2 OK for: @modelcontextprotocol/sdk@1.26.0 want: ^3.0.0
2018 silly placeDep ROOT zod-to-json-schema@3.25.2 OK for: @modelcontextprotocol/sdk@1.26.0 want: ^3.25.1
2019 silly fetch manifest object-assign@^4
2020 silly packumentCache full:https://registry.npmjs.org/object-assign cache-miss
2021 silly fetch manifest vary@^1
2022 silly packumentCache full:https://registry.npmjs.org/vary cache-miss
2023 silly fetch manifest which@^2.0.1
2024 silly packumentCache full:https://registry.npmjs.org/which cache-hit
2025 silly fetch manifest path-key@^3.1.0
2026 silly packumentCache full:https://registry.npmjs.org/path-key cache-miss
2027 silly fetch manifest shebang-command@^2.0.0
2028 silly packumentCache full:https://registry.npmjs.org/shebang-command cache-miss
2029 silly fetch manifest eventsource-parser@^3.0.1
2030 silly packumentCache full:https://registry.npmjs.org/eventsource-parser cache-miss
2031 silly fetch manifest qs@^6.14.0
2032 silly packumentCache full:https://registry.npmjs.org/qs cache-miss
2033 silly fetch manifest depd@^2.0.0
2034 silly packumentCache full:https://registry.npmjs.org/depd cache-miss
2035 http cache https://registry.npmjs.org/object-assign 4ms (cache hit)
2036 silly packumentCache full:https://registry.npmjs.org/object-assign set size:28988 disposed:false
2037 silly fetch manifest etag@^1.8.1
2038 silly packumentCache full:https://registry.npmjs.org/etag cache-miss
2039 http cache https://registry.npmjs.org/vary 5ms (cache hit)
2040 silly packumentCache full:https://registry.npmjs.org/vary set size:15994 disposed:false
2041 silly fetch manifest once@^1.4.0
2042 silly packumentCache full:https://registry.npmjs.org/once cache-miss
2043 http cache https://registry.npmjs.org/shebang-command 6ms (cache hit)
2044 silly packumentCache full:https://registry.npmjs.org/shebang-command set size:8525 disposed:false
2045 silly fetch manifest send@^1.1.0
2046 silly packumentCache full:https://registry.npmjs.org/send cache-miss
2047 http cache https://registry.npmjs.org/qs 5ms (cache hit)
2048 silly packumentCache full:https://registry.npmjs.org/qs set size:356906 disposed:false
2049 silly fetch manifest vary@^1.1.2
2050 silly packumentCache full:https://registry.npmjs.org/vary cache-hit
2051 silly fetch manifest fresh@^2.0.0
2052 silly packumentCache full:https://registry.npmjs.org/fresh cache-miss
2053 http cache https://registry.npmjs.org/depd 8ms (cache hit)
2054 silly packumentCache full:https://registry.npmjs.org/depd set size:40182 disposed:false
2055 silly fetch manifest cookie@^0.7.1
2056 silly packumentCache full:https://registry.npmjs.org/cookie cache-miss
2057 http cache https://registry.npmjs.org/path-key 11ms (cache hit)
2058 silly packumentCache full:https://registry.npmjs.org/path-key set size:16975 disposed:false
2059 silly fetch manifest router@^2.2.0
2060 silly packumentCache full:https://registry.npmjs.org/router cache-miss
2061 http cache https://registry.npmjs.org/eventsource-parser 12ms (cache hit)
2062 silly packumentCache full:https://registry.npmjs.org/eventsource-parser set size:78018 disposed:false
2063 silly fetch manifest accepts@^2.0.0
2064 silly packumentCache full:https://registry.npmjs.org/accepts cache-miss
2065 http cache https://registry.npmjs.org/send 9ms (cache hit)
2066 silly packumentCache full:https://registry.npmjs.org/send set size:152810 disposed:false
2067 silly fetch manifest type-is@^2.0.1
2068 silly packumentCache full:https://registry.npmjs.org/type-is cache-miss
2069 http cache https://registry.npmjs.org/fresh 8ms (cache hit)
2070 silly packumentCache full:https://registry.npmjs.org/fresh set size:25427 disposed:false
2071 silly fetch manifest parseurl@^1.3.3
2072 silly packumentCache full:https://registry.npmjs.org/parseurl cache-miss
2073 http cache https://registry.npmjs.org/router 5ms (cache hit)
2074 silly packumentCache full:https://registry.npmjs.org/router set size:116499 disposed:false
2075 silly fetch manifest statuses@^2.0.1
2076 silly packumentCache full:https://registry.npmjs.org/statuses cache-miss
2077 http cache https://registry.npmjs.org/etag 13ms (cache hit)
2078 silly packumentCache full:https://registry.npmjs.org/etag set size:30032 disposed:false
2079 silly fetch manifest encodeurl@^2.0.0
2080 silly packumentCache full:https://registry.npmjs.org/encodeurl cache-miss
2081 http cache https://registry.npmjs.org/cookie 8ms (cache hit)
2082 silly packumentCache full:https://registry.npmjs.org/cookie set size:72891 disposed:false
2083 silly fetch manifest mime-types@^3.0.0
2084 silly packumentCache full:https://registry.npmjs.org/mime-types cache-miss
2085 http cache https://registry.npmjs.org/accepts 11ms (cache hit)
2086 silly packumentCache full:https://registry.npmjs.org/accepts set size:77054 disposed:false
2087 silly fetch manifest proxy-addr@^2.0.7
2088 silly packumentCache full:https://registry.npmjs.org/proxy-addr cache-miss
2089 http cache https://registry.npmjs.org/parseurl 8ms (cache hit)
2090 silly packumentCache full:https://registry.npmjs.org/parseurl set size:24148 disposed:false
2091 silly fetch manifest body-parser@^2.2.1
2092 silly packumentCache full:https://registry.npmjs.org/body-parser cache-hit
2093 silly fetch manifest escape-html@^1.0.3
2094 silly packumentCache full:https://registry.npmjs.org/escape-html cache-miss
2095 http cache https://registry.npmjs.org/type-is 9ms (cache hit)
2096 silly packumentCache full:https://registry.npmjs.org/type-is set size:88614 disposed:false
2097 silly fetch manifest http-errors@^2.0.0
2098 silly packumentCache full:https://registry.npmjs.org/http-errors cache-miss
2099 http cache https://registry.npmjs.org/proxy-addr 4ms (cache hit)
2100 silly packumentCache full:https://registry.npmjs.org/proxy-addr set size:61619 disposed:false
2101 silly fetch manifest on-finished@^2.4.1
2102 silly packumentCache full:https://registry.npmjs.org/on-finished cache-miss
2103 http cache https://registry.npmjs.org/encodeurl 9ms (cache hit)
2104 silly packumentCache full:https://registry.npmjs.org/encodeurl set size:12296 disposed:false
2105 silly fetch manifest finalhandler@^2.1.0
2106 silly packumentCache full:https://registry.npmjs.org/finalhandler cache-miss
2107 http cache https://registry.npmjs.org/http-errors 4ms (cache hit)
2108 silly packumentCache full:https://registry.npmjs.org/http-errors set size:71987 disposed:false
2109 silly fetch manifest serve-static@^2.2.0
2110 silly packumentCache full:https://registry.npmjs.org/serve-static cache-miss
2111 http cache https://registry.npmjs.org/escape-html 6ms (cache hit)
2112 silly packumentCache full:https://registry.npmjs.org/escape-html set size:7345 disposed:false
2113 silly fetch manifest cookie-signature@^1.2.1
2114 silly packumentCache full:https://registry.npmjs.org/cookie-signature cache-miss
2115 http cache https://registry.npmjs.org/finalhandler 2ms (cache hit)
2116 silly packumentCache full:https://registry.npmjs.org/finalhandler set size:79291 disposed:false
2117 silly fetch manifest merge-descriptors@^2.0.0
2118 silly packumentCache full:https://registry.npmjs.org/merge-descriptors cache-miss
2119 http cache https://registry.npmjs.org/on-finished 5ms (cache hit)
2120 silly packumentCache full:https://registry.npmjs.org/on-finished set size:23212 disposed:false
2121 silly fetch manifest content-disposition@^1.0.0
2122 silly packumentCache full:https://registry.npmjs.org/content-disposition cache-miss
2123 http cache https://registry.npmjs.org/merge-descriptors 2ms (cache hit)
2124 silly packumentCache full:https://registry.npmjs.org/merge-descriptors set size:16527 disposed:false
2125 silly fetch manifest ip-address@^10.2.0
2126 silly packumentCache full:https://registry.npmjs.org/ip-address cache-miss
2127 http cache https://registry.npmjs.org/serve-static 4ms (cache hit)
2128 silly packumentCache full:https://registry.npmjs.org/serve-static set size:150391 disposed:false
2129 silly fetch manifest bytes@~3.1.2
2130 silly packumentCache full:https://registry.npmjs.org/bytes cache-miss
2131 http cache https://registry.npmjs.org/cookie-signature 5ms (cache hit)
2132 silly packumentCache full:https://registry.npmjs.org/cookie-signature set size:21777 disposed:false
2133 silly fetch manifest unpipe@~1.0.0
2134 silly packumentCache full:https://registry.npmjs.org/unpipe cache-miss
2135 http cache https://registry.npmjs.org/content-disposition 4ms (cache hit)
2136 silly packumentCache full:https://registry.npmjs.org/content-disposition set size:42862 disposed:false
2137 silly fetch manifest http-errors@~2.0.1
2138 silly packumentCache full:https://registry.npmjs.org/http-errors cache-hit
2139 http cache https://registry.npmjs.org/unpipe 1ms (cache hit)
2140 silly packumentCache full:https://registry.npmjs.org/unpipe set size:3609 disposed:false
2141 http cache https://registry.npmjs.org/ip-address 4ms (cache hit)
2142 silly packumentCache full:https://registry.npmjs.org/ip-address set size:171530 disposed:false
2143 http fetch GET 200 https://registry.npmjs.org/statuses 267ms (cache miss)
2144 silly packumentCache full:https://registry.npmjs.org/statuses set size:undefined disposed:false
2145 http fetch GET 200 https://registry.npmjs.org/mime-types 266ms (cache miss)
2146 silly packumentCache full:https://registry.npmjs.org/mime-types set size:undefined disposed:false
2147 http fetch GET 200 https://registry.npmjs.org/bytes 274ms (cache miss)
2148 silly packumentCache full:https://registry.npmjs.org/bytes set size:undefined disposed:false
2149 http fetch GET 200 https://registry.npmjs.org/once 1094ms (cache miss)
2150 silly packumentCache full:https://registry.npmjs.org/once set size:undefined disposed:false
2151 silly placeDep ROOT undici-types@7.24.6 OK for: @types/node@25.9.3 want: >=7.24.0 <7.24.7
2152 silly placeDep ROOT fast-deep-equal@3.1.3 OK for: ajv@8.18.0 want: ^3.1.3
2153 silly placeDep ROOT fast-uri@3.1.2 OK for: ajv@8.18.0 want: ^3.0.1
2154 silly placeDep ROOT json-schema-traverse@1.0.0 OK for: ajv@8.18.0 want: ^1.0.0
2155 silly placeDep ROOT require-from-string@2.0.2 OK for: ajv@8.18.0 want: ^2.0.2
2156 silly placeDep ROOT @algolia/abtesting@1.1.0 OK for: algoliasearch@5.35.0 want: 1.1.0
2157 silly placeDep ROOT @algolia/client-abtesting@5.35.0 OK for: algoliasearch@5.35.0 want: 5.35.0
2158 silly placeDep ROOT @algolia/client-analytics@5.35.0 OK for: algoliasearch@5.35.0 want: 5.35.0
2159 silly placeDep ROOT @algolia/client-common@5.35.0 OK for: algoliasearch@5.35.0 want: 5.35.0
2160 silly placeDep ROOT @algolia/client-insights@5.35.0 OK for: algoliasearch@5.35.0 want: 5.35.0
2161 silly placeDep ROOT @algolia/client-personalization@5.35.0 OK for: algoliasearch@5.35.0 want: 5.35.0
2162 silly placeDep ROOT @algolia/client-query-suggestions@5.35.0 OK for: algoliasearch@5.35.0 want: 5.35.0
2163 silly placeDep ROOT @algolia/client-search@5.35.0 OK for: algoliasearch@5.35.0 want: 5.35.0
2164 silly placeDep ROOT @algolia/ingestion@1.35.0 OK for: algoliasearch@5.35.0 want: 1.35.0
2165 silly placeDep ROOT @algolia/monitoring@1.35.0 OK for: algoliasearch@5.35.0 want: 1.35.0
2166 silly placeDep ROOT @algolia/recommend@5.35.0 OK for: algoliasearch@5.35.0 want: 5.35.0
2167 silly placeDep ROOT @algolia/requester-browser-xhr@5.35.0 OK for: algoliasearch@5.35.0 want: 5.35.0
2168 silly placeDep ROOT @algolia/requester-fetch@5.35.0 OK for: algoliasearch@5.35.0 want: 5.35.0
2169 silly placeDep ROOT @algolia/requester-node-http@5.35.0 OK for: algoliasearch@5.35.0 want: 5.35.0
2170 silly fetch manifest chokidar@^5.0.0
2171 silly packumentCache full:https://registry.npmjs.org/chokidar cache-hit
2172 silly fetch manifest eslint@^8.57.0 || ^9.0.0
2173 silly packumentCache full:https://registry.npmjs.org/eslint cache-miss
2174 http cache https://registry.npmjs.org/eslint 9ms (cache hit)
2175 silly packumentCache full:https://registry.npmjs.org/eslint set size:2011545 disposed:false
2176 silly fetch manifest typescript@*
2177 silly packumentCache full:https://registry.npmjs.org/typescript cache-miss
2178 http cache https://registry.npmjs.org/typescript 20ms (cache hit)
2179 silly packumentCache full:https://registry.npmjs.org/typescript set size:15409943 disposed:false
2180 silly placeDep node_modules/angular-eslint @angular-devkit/core@21.2.15 OK for: angular-eslint@21.0.1 want: >= 21.0.0 < 22.0.0
2181 silly placeDep node_modules/angular-eslint chokidar@5.0.0 OK for: @angular-devkit/core@21.2.15 want: ^5.0.0
2182 silly placeDep node_modules/angular-eslint @angular-devkit/schematics@21.2.15 OK for: angular-eslint@21.0.1 want: >= 21.0.0 < 22.0.0
2183 silly placeDep ROOT @angular-eslint/builder@21.0.1 OK for: angular-eslint@21.0.1 want: 21.0.1
2184 silly placeDep ROOT @angular-eslint/eslint-plugin@21.0.1 OK for: angular-eslint@21.0.1 want: 21.0.1
2185 silly placeDep ROOT @typescript-eslint/utils@8.61.0 OK for: @angular-eslint/eslint-plugin@21.0.1 want: ^7.11.0 || ^8.0.0
2186 silly placeDep ROOT @angular-eslint/eslint-plugin-template@21.0.1 OK for: angular-eslint@21.0.1 want: 21.0.1
2187 silly placeDep ROOT @typescript-eslint/types@8.61.0 OK for: @angular-eslint/eslint-plugin-template@21.0.1 want: ^7.11.0 || ^8.0.0
2188 silly placeDep ROOT @angular-eslint/template-parser@21.0.1 OK for: @angular-eslint/eslint-plugin-template@21.0.1 want: 21.0.1
2189 silly placeDep ROOT @angular-eslint/schematics@21.0.1 OK for: angular-eslint@21.0.1 want: 21.0.1
2190 silly fetch manifest readdirp@^5.0.0
2191 silly packumentCache full:https://registry.npmjs.org/readdirp cache-hit
2192 silly fetch manifest ora@9.3.0
2193 silly packumentCache full:https://registry.npmjs.org/ora cache-miss
2194 silly fetch manifest magic-string@0.30.21
2195 silly packumentCache full:https://registry.npmjs.org/magic-string cache-hit
2196 silly fetch manifest @angular-devkit/architect@>= 0.2100.0 < 0.2200.0
2197 silly packumentCache full:https://registry.npmjs.org/@angular-devkit%2farchitect cache-miss
2198 silly fetch manifest ts-api-utils@^2.1.0
2199 silly packumentCache full:https://registry.npmjs.org/ts-api-utils cache-miss
2200 silly fetch manifest @angular-eslint/utils@21.0.1
2201 silly packumentCache full:https://registry.npmjs.org/@angular-eslint%2futils cache-miss
2202 silly fetch manifest @angular-eslint/bundled-angular-compiler@21.0.1
2203 silly packumentCache full:https://registry.npmjs.org/@angular-eslint%2fbundled-angular-compiler cache-miss
2204 silly fetch manifest @typescript-eslint/types@8.61.0
2205 silly packumentCache full:https://registry.npmjs.org/@typescript-eslint%2ftypes cache-miss
2206 silly fetch manifest @eslint-community/eslint-utils@^4.9.1
2207 silly packumentCache full:https://registry.npmjs.org/@eslint-community%2feslint-utils cache-hit
2208 silly fetch manifest @typescript-eslint/scope-manager@8.61.0
2209 silly packumentCache full:https://registry.npmjs.org/@typescript-eslint%2fscope-manager cache-miss
2210 http cache https://registry.npmjs.org/ora 5ms (cache hit)
2211 silly packumentCache full:https://registry.npmjs.org/ora set size:144913 disposed:false
2212 silly fetch manifest @typescript-eslint/typescript-estree@8.61.0
2213 silly packumentCache full:https://registry.npmjs.org/@typescript-eslint%2ftypescript-estree cache-miss
2214 http cache https://registry.npmjs.org/@angular-devkit%2farchitect 7ms (cache hit)
2215 silly packumentCache full:https://registry.npmjs.org/@angular-devkit%2farchitect set size:2174822 disposed:false
2216 silly fetch manifest aria-query@5.3.2
2217 silly packumentCache full:https://registry.npmjs.org/aria-query cache-miss
2218 http cache https://registry.npmjs.org/@typescript-eslint%2ftypes 27ms (cache hit)
2219 silly packumentCache full:https://registry.npmjs.org/@typescript-eslint%2ftypes set size:12343481 disposed:false
2220 silly fetch manifest axobject-query@4.1.0
2221 silly packumentCache full:https://registry.npmjs.org/axobject-query cache-miss
2222 http cache https://registry.npmjs.org/@typescript-eslint%2ftypescript-estree 104ms (cache hit)
2223 silly packumentCache full:https://registry.npmjs.org/@typescript-eslint%2ftypescript-estree set size:16492200 disposed:false
2224 silly fetch manifest @angular-eslint/utils@21.0.1
2225 silly packumentCache full:https://registry.npmjs.org/@angular-eslint%2futils cache-miss
2226 http fetch GET 200 https://registry.npmjs.org/aria-query 342ms (cache miss)
2227 silly packumentCache full:https://registry.npmjs.org/aria-query set size:undefined disposed:false
2228 silly fetch manifest @angular-eslint/bundled-angular-compiler@21.0.1
2229 silly packumentCache full:https://registry.npmjs.org/@angular-eslint%2fbundled-angular-compiler cache-miss
2230 http fetch GET 200 https://registry.npmjs.org/axobject-query 331ms (cache miss)
2231 silly packumentCache full:https://registry.npmjs.org/axobject-query set size:undefined disposed:false
2232 silly fetch manifest eslint-scope@^9.0.0
2233 silly packumentCache full:https://registry.npmjs.org/eslint-scope cache-hit
2234 silly fetch manifest @angular-eslint/bundled-angular-compiler@21.0.1
2235 silly packumentCache full:https://registry.npmjs.org/@angular-eslint%2fbundled-angular-compiler cache-miss
2236 http fetch GET 200 https://registry.npmjs.org/ts-api-utils 738ms (cache miss)
2237 silly packumentCache full:https://registry.npmjs.org/ts-api-utils set size:undefined disposed:false
2238 silly fetch manifest ignore@7.0.5
2239 silly packumentCache full:https://registry.npmjs.org/ignore cache-hit
2240 silly fetch manifest semver@7.7.3
2241 silly packumentCache full:https://registry.npmjs.org/semver cache-hit
2242 silly fetch manifest strip-json-comments@3.1.1
2243 silly packumentCache full:https://registry.npmjs.org/strip-json-comments cache-miss
2244 http fetch GET 200 https://registry.npmjs.org/@angular-eslint%2fbundled-angular-compiler 1084ms (cache miss)
2245 silly packumentCache full:https://registry.npmjs.org/@angular-eslint%2fbundled-angular-compiler set size:undefined disposed:false
2246 http fetch GET 200 https://registry.npmjs.org/@angular-eslint%2fbundled-angular-compiler 809ms (cache miss)
2247 silly packumentCache full:https://registry.npmjs.org/@angular-eslint%2fbundled-angular-compiler set size:undefined disposed:false
2248 http fetch GET 200 https://registry.npmjs.org/@angular-eslint%2fbundled-angular-compiler 947ms (cache miss)
2249 silly packumentCache full:https://registry.npmjs.org/@angular-eslint%2fbundled-angular-compiler set size:undefined disposed:false
2250 http fetch GET 200 https://registry.npmjs.org/@typescript-eslint%2fscope-manager 3119ms (cache miss)
2251 silly packumentCache full:https://registry.npmjs.org/@typescript-eslint%2fscope-manager set size:undefined disposed:false
2252 http fetch GET 200 https://registry.npmjs.org/strip-json-comments 2588ms (cache miss)
2253 silly packumentCache full:https://registry.npmjs.org/strip-json-comments set size:undefined disposed:false
2254 http fetch GET 200 https://registry.npmjs.org/@angular-eslint%2futils 9733ms (cache miss)
2255 silly packumentCache full:https://registry.npmjs.org/@angular-eslint%2futils set size:1895380 disposed:false
2256 http fetch GET 200 https://registry.npmjs.org/@angular-eslint%2futils 10797ms (cache miss)
2257 silly packumentCache full:https://registry.npmjs.org/@angular-eslint%2futils set size:1895380 disposed:false
2258 silly placeDep node_modules/@angular-eslint/builder @angular-devkit/architect@0.2102.15 OK for: @angular-eslint/builder@21.0.1 want: >= 0.2100.0 < 0.2200.0
2259 silly placeDep node_modules/@angular-eslint/builder @angular-devkit/core@21.2.15 OK for: @angular-eslint/builder@21.0.1 want: >= 21.0.0 < 22.0.0
2260 silly placeDep node_modules/@angular-eslint/builder chokidar@5.0.0 OK for: @angular-devkit/core@21.2.15 want: ^5.0.0
2261 silly fetch manifest @angular-devkit/core@21.2.15
2262 silly packumentCache full:https://registry.npmjs.org/@angular-devkit%2fcore cache-miss
2263 http cache https://registry.npmjs.org/@angular-devkit%2fcore 8ms (cache hit)
2264 silly packumentCache full:https://registry.npmjs.org/@angular-devkit%2fcore set size:2380308 disposed:false
2265 silly fetch manifest @typescript-eslint/utils@^7.11.0 || ^8.0.0
2266 silly packumentCache full:https://registry.npmjs.org/@typescript-eslint%2futils cache-miss
2267 http cache https://registry.npmjs.org/@typescript-eslint%2futils 20ms (cache hit)
2268 silly packumentCache full:https://registry.npmjs.org/@typescript-eslint%2futils set size:10251956 disposed:false
2269 silly placeDep ROOT @angular-eslint/bundled-angular-compiler@21.0.1 OK for: @angular-eslint/eslint-plugin@21.0.1 want: 21.0.1
2270 silly placeDep ROOT @angular-eslint/utils@21.0.1 OK for: @angular-eslint/eslint-plugin@21.0.1 want: 21.0.1
2271 silly placeDep ROOT ts-api-utils@2.5.0 OK for: @angular-eslint/eslint-plugin@21.0.1 want: ^2.1.0
2272 silly placeDep ROOT aria-query@5.3.2 OK for: @angular-eslint/eslint-plugin-template@21.0.1 want: 5.3.2
2273 silly placeDep ROOT axobject-query@4.1.0 OK for: @angular-eslint/eslint-plugin-template@21.0.1 want: 4.1.0
2274 silly placeDep node_modules/@angular-eslint/schematics @angular-devkit/core@21.2.15 OK for: @angular-eslint/schematics@21.0.1 want: >= 21.0.0 < 22.0.0
2275 silly placeDep node_modules/@angular-eslint/schematics chokidar@5.0.0 OK for: @angular-devkit/core@21.2.15 want: ^5.0.0
2276 silly placeDep node_modules/@angular-eslint/schematics @angular-devkit/schematics@21.2.15 OK for: @angular-eslint/schematics@21.0.1 want: >= 21.0.0 < 22.0.0
2277 silly placeDep ROOT ignore@7.0.5 OK for: @angular-eslint/schematics@21.0.1 want: 7.0.5
2278 silly placeDep node_modules/@angular-eslint/schematics semver@7.7.3 OK for: @angular-eslint/schematics@21.0.1 want: 7.7.3
2279 silly placeDep ROOT strip-json-comments@3.1.1 OK for: @angular-eslint/schematics@21.0.1 want: 3.1.1
2280 silly placeDep ROOT eslint-scope@9.1.2 OK for: @angular-eslint/template-parser@21.0.1 want: ^9.0.0
2281 silly fetch manifest @types/esrecurse@^4.3.1
2282 silly packumentCache full:https://registry.npmjs.org/@types%2fesrecurse cache-miss
2283 silly fetch manifest @types/estree@^1.0.8
2284 silly packumentCache full:https://registry.npmjs.org/@types%2festree cache-hit
2285 silly fetch manifest esrecurse@^4.3.0
2286 silly packumentCache full:https://registry.npmjs.org/esrecurse cache-miss
2287 silly fetch manifest estraverse@^5.2.0
2288 silly packumentCache full:https://registry.npmjs.org/estraverse cache-miss
2289 http fetch GET 200 https://registry.npmjs.org/@types%2fesrecurse 218ms (cache miss)
2290 silly packumentCache full:https://registry.npmjs.org/@types%2fesrecurse set size:undefined disposed:false
2291 http fetch GET 200 https://registry.npmjs.org/esrecurse 294ms (cache miss)
2292 silly packumentCache full:https://registry.npmjs.org/esrecurse set size:undefined disposed:false
2293 http fetch GET 200 https://registry.npmjs.org/estraverse 294ms (cache miss)
2294 silly packumentCache full:https://registry.npmjs.org/estraverse set size:undefined disposed:false
2295 silly fetch manifest eslint@^8.57.0 || ^9.0.0 || ^10.0.0
2296 silly packumentCache full:https://registry.npmjs.org/eslint cache-miss
2297 http cache https://registry.npmjs.org/eslint 4ms (cache hit)
2298 silly packumentCache full:https://registry.npmjs.org/eslint set size:2011545 disposed:false
2299 silly fetch manifest typescript@>=4.8.4 <6.1.0
2300 silly packumentCache full:https://registry.npmjs.org/typescript cache-miss
2301 http cache https://registry.npmjs.org/typescript 23ms (cache hit)
2302 silly packumentCache full:https://registry.npmjs.org/typescript set size:15409943 disposed:false
2303 silly placeDep ROOT @eslint-community/eslint-utils@4.9.1 OK for: @typescript-eslint/utils@8.61.0 want: ^4.9.1
2304 silly placeDep ROOT @typescript-eslint/scope-manager@8.61.0 OK for: @typescript-eslint/utils@8.61.0 want: 8.61.0
2305 silly placeDep ROOT @typescript-eslint/typescript-estree@8.61.0 OK for: @typescript-eslint/utils@8.61.0 want: 8.61.0
2306 silly fetch manifest eslint-visitor-keys@^3.4.3
2307 silly packumentCache full:https://registry.npmjs.org/eslint-visitor-keys cache-hit
2308 silly fetch manifest @typescript-eslint/visitor-keys@8.61.0
2309 silly packumentCache full:https://registry.npmjs.org/@typescript-eslint%2fvisitor-keys cache-miss
2310 silly fetch manifest semver@^7.7.3
2311 silly packumentCache full:https://registry.npmjs.org/semver cache-hit
2312 silly fetch manifest minimatch@^10.2.2
2313 silly packumentCache full:https://registry.npmjs.org/minimatch cache-hit
2314 silly fetch manifest @typescript-eslint/visitor-keys@8.61.0
2315 silly packumentCache full:https://registry.npmjs.org/@typescript-eslint%2fvisitor-keys cache-miss
2316 silly fetch manifest @typescript-eslint/tsconfig-utils@8.61.0
2317 silly packumentCache full:https://registry.npmjs.org/@typescript-eslint%2ftsconfig-utils cache-miss
2318 silly fetch manifest @typescript-eslint/project-service@8.61.0
2319 silly packumentCache full:https://registry.npmjs.org/@typescript-eslint%2fproject-service cache-miss
2320 http fetch GET 200 https://registry.npmjs.org/@typescript-eslint%2ftsconfig-utils 768ms (cache miss)
2321 silly packumentCache full:https://registry.npmjs.org/@typescript-eslint%2ftsconfig-utils set size:undefined disposed:false
2322 http fetch GET 200 https://registry.npmjs.org/@typescript-eslint%2fproject-service 904ms (cache miss)
2323 silly packumentCache full:https://registry.npmjs.org/@typescript-eslint%2fproject-service set size:undefined disposed:false
2324 http fetch GET 200 https://registry.npmjs.org/@typescript-eslint%2fvisitor-keys 2318ms (cache miss)
2325 silly packumentCache full:https://registry.npmjs.org/@typescript-eslint%2fvisitor-keys set size:undefined disposed:false
2326 http fetch GET 200 https://registry.npmjs.org/@typescript-eslint%2fvisitor-keys 4078ms (cache miss)
2327 silly packumentCache full:https://registry.npmjs.org/@typescript-eslint%2fvisitor-keys set size:undefined disposed:false
2328 silly placeDep ROOT eslint-visitor-keys@3.4.3 OK for: @eslint-community/eslint-utils@4.9.1 want: ^3.4.3
2329 silly placeDep ROOT @typescript-eslint/visitor-keys@8.61.0 OK for: @typescript-eslint/scope-manager@8.61.0 want: 8.61.0
2330 silly fetch manifest eslint-visitor-keys@^5.0.0
2331 silly packumentCache full:https://registry.npmjs.org/eslint-visitor-keys cache-hit
2332 silly placeDep ROOT @typescript-eslint/project-service@8.61.0 OK for: @typescript-eslint/typescript-estree@8.61.0 want: 8.61.0
2333 silly placeDep ROOT @typescript-eslint/tsconfig-utils@8.61.0 OK for: @typescript-eslint/typescript-estree@8.61.0 want: 8.61.0
2334 silly placeDep ROOT minimatch@10.2.5 OK for: @typescript-eslint/typescript-estree@8.61.0 want: ^10.2.2
2335 silly placeDep node_modules/@typescript-eslint/typescript-estree semver@7.8.4 OK for: @typescript-eslint/typescript-estree@8.61.0 want: ^7.7.3
2336 silly placeDep node_modules/@typescript-eslint/typescript-estree tinyglobby@0.2.17 OK for: @typescript-eslint/typescript-estree@8.61.0 want: ^0.2.15
2337 silly fetch manifest @typescript-eslint/tsconfig-utils@^8.61.0
2338 silly packumentCache full:https://registry.npmjs.org/@typescript-eslint%2ftsconfig-utils cache-miss
2339 silly fetch manifest brace-expansion@^5.0.5
2340 silly packumentCache full:https://registry.npmjs.org/brace-expansion cache-miss
2341 http cache https://registry.npmjs.org/@typescript-eslint%2ftsconfig-utils 6ms (cache hit)
2342 silly packumentCache full:https://registry.npmjs.org/@typescript-eslint%2ftsconfig-utils set size:1336174 disposed:false
2343 http fetch GET 200 https://registry.npmjs.org/brace-expansion 1406ms (cache miss)
2344 silly packumentCache full:https://registry.npmjs.org/brace-expansion set size:undefined disposed:false
2345 silly placeDep node_modules/@typescript-eslint/visitor-keys eslint-visitor-keys@5.0.1 OK for: @typescript-eslint/visitor-keys@8.61.0 want: ^5.0.0
2346 silly placeDep ROOT css-select@6.0.0 OK for: beasties@0.3.5 want: ^6.0.0
2347 silly placeDep ROOT css-what@7.0.0 OK for: beasties@0.3.5 want: ^7.0.0
2348 silly placeDep ROOT dom-serializer@2.0.0 OK for: beasties@0.3.5 want: ^2.0.0
2349 silly placeDep ROOT domhandler@5.0.3 OK for: beasties@0.3.5 want: ^5.0.3
2350 silly placeDep ROOT htmlparser2@10.1.0 OK for: beasties@0.3.5 want: ^10.0.0
2351 silly placeDep ROOT postcss@8.5.15 OK for: beasties@0.3.5 want: ^8.4.49
2352 silly placeDep ROOT postcss-media-query-parser@0.2.3 OK for: beasties@0.3.5 want: ^0.2.3
2353 silly fetch manifest boolbase@^1.0.0
2354 silly packumentCache full:https://registry.npmjs.org/boolbase cache-miss
2355 silly fetch manifest domutils@^3.2.2
2356 silly packumentCache full:https://registry.npmjs.org/domutils cache-miss
2357 silly fetch manifest nth-check@^2.1.1
2358 silly packumentCache full:https://registry.npmjs.org/nth-check cache-miss
2359 silly fetch manifest entities@^4.2.0
2360 silly packumentCache full:https://registry.npmjs.org/entities cache-miss
2361 silly fetch manifest domhandler@^5.0.2
2362 silly packumentCache full:https://registry.npmjs.org/domhandler cache-hit
2363 silly fetch manifest domelementtype@^2.3.0
2364 silly packumentCache full:https://registry.npmjs.org/domelementtype cache-miss
2365 silly fetch manifest domelementtype@^2.3.0
2366 silly packumentCache full:https://registry.npmjs.org/domelementtype cache-miss
2367 silly fetch manifest domutils@^3.2.2
2368 silly packumentCache full:https://registry.npmjs.org/domutils cache-miss
2369 http cache https://registry.npmjs.org/entities 7ms (cache hit)
2370 silly packumentCache full:https://registry.npmjs.org/entities set size:101550 disposed:false
2371 silly fetch manifest entities@^7.0.1
2372 silly packumentCache full:https://registry.npmjs.org/entities cache-hit
2373 silly fetch manifest domelementtype@^2.3.0
2374 silly packumentCache full:https://registry.npmjs.org/domelementtype cache-miss
2375 http fetch GET 200 https://registry.npmjs.org/domelementtype 303ms (cache miss)
2376 silly packumentCache full:https://registry.npmjs.org/domelementtype set size:undefined disposed:false
2377 silly fetch manifest nanoid@^3.3.12
2378 silly packumentCache full:https://registry.npmjs.org/nanoid cache-miss
2379 http fetch GET 200 https://registry.npmjs.org/nth-check 314ms (cache miss)
2380 silly packumentCache full:https://registry.npmjs.org/nth-check set size:undefined disposed:false
2381 silly fetch manifest source-map-js@^1.2.1
2382 silly packumentCache full:https://registry.npmjs.org/source-map-js cache-miss
2383 http cache https://registry.npmjs.org/source-map-js 2ms (cache hit)
2384 silly packumentCache full:https://registry.npmjs.org/source-map-js set size:62640 disposed:false
2385 http fetch GET 200 https://registry.npmjs.org/domelementtype 361ms (cache miss)
2386 silly packumentCache full:https://registry.npmjs.org/domelementtype set size:undefined disposed:false
2387 http fetch GET 200 https://registry.npmjs.org/domelementtype 386ms (cache miss)
2388 silly packumentCache full:https://registry.npmjs.org/domelementtype set size:undefined disposed:false
2389 http fetch GET 200 https://registry.npmjs.org/boolbase 389ms (cache miss)
2390 silly packumentCache full:https://registry.npmjs.org/boolbase set size:undefined disposed:false
2391 http fetch GET 200 https://registry.npmjs.org/domutils 389ms (cache miss)
2392 silly packumentCache full:https://registry.npmjs.org/domutils set size:undefined disposed:false
2393 http fetch GET 200 https://registry.npmjs.org/domutils 390ms (cache miss)
2394 silly packumentCache full:https://registry.npmjs.org/domutils set size:undefined disposed:false
2395 http fetch GET 200 https://registry.npmjs.org/nanoid 316ms (cache miss)
2396 silly packumentCache full:https://registry.npmjs.org/nanoid set size:undefined disposed:false
2397 silly fetch manifest browserslist@>= 4.21.0
2398 silly packumentCache full:https://registry.npmjs.org/browserslist cache-hit
2399 silly placeDep ROOT baseline-browser-mapping@2.10.37 OK for: browserslist@4.28.2 want: ^2.10.12
2400 silly placeDep ROOT caniuse-lite@1.0.30001799 OK for: browserslist@4.28.2 want: ^1.0.30001782
2401 silly placeDep ROOT electron-to-chromium@1.5.372 OK for: browserslist@4.28.2 want: ^1.5.328
2402 silly placeDep ROOT node-releases@2.0.47 OK for: browserslist@4.28.2 want: ^2.0.36
2403 silly placeDep ROOT update-browserslist-db@1.2.3 OK for: browserslist@4.28.2 want: ^1.2.3
2404 silly placeDep ROOT readdirp@4.1.2 OK for: chokidar@4.0.3 want: ^4.0.1
2405 silly placeDep ROOT compare-func@2.0.0 OK for: conventional-changelog-angular@8.3.1 want: ^2.0.0
2406 silly fetch manifest array-ify@^1.0.0
2407 silly packumentCache full:https://registry.npmjs.org/array-ify cache-miss
2408 silly fetch manifest dot-prop@^5.1.0
2409 silly packumentCache full:https://registry.npmjs.org/dot-prop cache-miss
2410 http fetch GET 200 https://registry.npmjs.org/dot-prop 147ms (cache miss)
2411 silly packumentCache full:https://registry.npmjs.org/dot-prop set size:undefined disposed:false
2412 http fetch GET 200 https://registry.npmjs.org/array-ify 4822ms (cache miss)
2413 silly packumentCache full:https://registry.npmjs.org/array-ify set size:undefined disposed:false
2414 silly placeDep ROOT array-ify@1.0.0 OK for: compare-func@2.0.0 want: ^1.0.0
2415 silly placeDep ROOT dot-prop@5.3.0 OK for: compare-func@2.0.0 want: ^5.1.0
2416 silly fetch manifest is-obj@^2.0.0
2417 silly packumentCache full:https://registry.npmjs.org/is-obj cache-miss
2418 http fetch GET 200 https://registry.npmjs.org/is-obj 129ms (cache miss)
2419 silly packumentCache full:https://registry.npmjs.org/is-obj set size:undefined disposed:false
2420 silly placeDep ROOT @simple-libs/stream-utils@1.2.0 OK for: conventional-commits-parser@6.4.0 want: ^1.2.0
2421 silly placeDep ROOT meow@13.2.0 OK for: conventional-commits-parser@6.4.0 want: ^13.0.0
2422 silly placeDep ROOT object-assign@4.1.1 OK for: cors@2.8.6 want: ^4
2423 silly placeDep ROOT vary@1.1.2 OK for: cors@2.8.6 want: ^1
2424 silly placeDep ROOT env-paths@2.2.1 OK for: cosmiconfig@9.0.2 want: ^2.2.1
2425 silly placeDep ROOT import-fresh@3.3.1 OK for: cosmiconfig@9.0.2 want: ^3.3.0
2426 silly placeDep ROOT js-yaml@4.2.0 OK for: cosmiconfig@9.0.2 want: ^4.1.0
2427 silly placeDep ROOT parse-json@5.2.0 OK for: cosmiconfig@9.0.2 want: ^5.2.0
2428 silly fetch manifest resolve-from@^4.0.0
2429 silly packumentCache full:https://registry.npmjs.org/resolve-from cache-miss
2430 silly fetch manifest parent-module@^1.0.0
2431 silly packumentCache full:https://registry.npmjs.org/parent-module cache-miss
2432 silly fetch manifest argparse@^2.0.1
2433 silly packumentCache full:https://registry.npmjs.org/argparse cache-miss
2434 silly fetch manifest error-ex@^1.3.1
2435 silly packumentCache full:https://registry.npmjs.org/error-ex cache-miss
2436 silly fetch manifest lines-and-columns@^1.1.6
2437 silly packumentCache full:https://registry.npmjs.org/lines-and-columns cache-miss
2438 silly fetch manifest json-parse-even-better-errors@^2.3.0
2439 silly packumentCache full:https://registry.npmjs.org/json-parse-even-better-errors cache-miss
2440 http cache https://registry.npmjs.org/resolve-from 9ms (cache hit)
2441 silly packumentCache full:https://registry.npmjs.org/resolve-from set size:12911 disposed:false
2442 http fetch GET 200 https://registry.npmjs.org/parent-module 96ms (cache miss)
2443 silly packumentCache full:https://registry.npmjs.org/parent-module set size:undefined disposed:false
2444 http fetch GET 200 https://registry.npmjs.org/lines-and-columns 96ms (cache miss)
2445 silly packumentCache full:https://registry.npmjs.org/lines-and-columns set size:undefined disposed:false
2446 http fetch GET 200 https://registry.npmjs.org/error-ex 108ms (cache miss)
2447 silly packumentCache full:https://registry.npmjs.org/error-ex set size:undefined disposed:false
2448 http fetch GET 200 https://registry.npmjs.org/argparse 127ms (cache miss)
2449 silly packumentCache full:https://registry.npmjs.org/argparse set size:undefined disposed:false
2450 http fetch GET 200 https://registry.npmjs.org/json-parse-even-better-errors 127ms (cache miss)
2451 silly packumentCache full:https://registry.npmjs.org/json-parse-even-better-errors set size:undefined disposed:false
2452 silly placeDep ROOT jiti@2.6.1 OK for: cosmiconfig-typescript-loader@6.3.0 want: 2.6.1
2453 silly placeDep ROOT path-key@3.1.1 OK for: cross-spawn@7.0.6 want: ^3.1.0
2454 silly placeDep ROOT shebang-command@2.0.0 OK for: cross-spawn@7.0.6 want: ^2.0.0
2455 silly placeDep ROOT which@2.0.2 OK for: cross-spawn@7.0.6 want: ^2.0.1
2456 silly fetch manifest shebang-regex@^3.0.0
2457 silly packumentCache full:https://registry.npmjs.org/shebang-regex cache-miss
2458 silly fetch manifest isexe@^2.0.0
2459 silly packumentCache full:https://registry.npmjs.org/isexe cache-miss
2460 http fetch GET 200 https://registry.npmjs.org/shebang-regex 59ms (cache miss)
2461 silly packumentCache full:https://registry.npmjs.org/shebang-regex set size:undefined disposed:false
2462 http fetch GET 200 https://registry.npmjs.org/isexe 102ms (cache miss)
2463 silly packumentCache full:https://registry.npmjs.org/isexe set size:undefined disposed:false
2464 silly placeDep ROOT boolbase@1.0.0 OK for: css-select@6.0.0 want: ^1.0.0
2465 silly placeDep ROOT domutils@3.2.2 OK for: css-select@6.0.0 want: ^3.2.2
2466 silly placeDep ROOT nth-check@2.1.1 OK for: css-select@6.0.0 want: ^2.1.1
2467 silly placeDep ROOT ms@2.1.3 OK for: debug@4.4.3 want: ^2.1.3
2468 silly placeDep ROOT domelementtype@2.3.0 OK for: dom-serializer@2.0.0 want: ^2.3.0
2469 silly placeDep ROOT entities@4.5.0 OK for: dom-serializer@2.0.0 want: ^4.2.0
2470 silly placeDep ROOT is-obj@2.0.0 OK for: dot-prop@5.3.0 want: ^2.0.0
2471 silly placeDep ROOT @esbuild/aix-ppc64@0.28.0 OK for: esbuild@0.28.0 want: 0.28.0
2472 silly placeDep ROOT @esbuild/android-arm@0.28.0 OK for: esbuild@0.28.0 want: 0.28.0
2473 silly placeDep ROOT @esbuild/android-arm64@0.28.0 OK for: esbuild@0.28.0 want: 0.28.0
2474 silly placeDep ROOT @esbuild/android-x64@0.28.0 OK for: esbuild@0.28.0 want: 0.28.0
2475 silly placeDep ROOT @esbuild/darwin-arm64@0.28.0 OK for: esbuild@0.28.0 want: 0.28.0
2476 silly placeDep ROOT @esbuild/darwin-x64@0.28.0 OK for: esbuild@0.28.0 want: 0.28.0
2477 silly placeDep ROOT @esbuild/freebsd-arm64@0.28.0 OK for: esbuild@0.28.0 want: 0.28.0
2478 silly placeDep ROOT @esbuild/freebsd-x64@0.28.0 OK for: esbuild@0.28.0 want: 0.28.0
2479 silly placeDep ROOT @esbuild/linux-arm@0.28.0 OK for: esbuild@0.28.0 want: 0.28.0
2480 silly placeDep ROOT @esbuild/linux-arm64@0.28.0 OK for: esbuild@0.28.0 want: 0.28.0
2481 silly placeDep ROOT @esbuild/linux-ia32@0.28.0 OK for: esbuild@0.28.0 want: 0.28.0
2482 silly placeDep ROOT @esbuild/linux-loong64@0.28.0 OK for: esbuild@0.28.0 want: 0.28.0
2483 silly placeDep ROOT @esbuild/linux-mips64el@0.28.0 OK for: esbuild@0.28.0 want: 0.28.0
2484 silly placeDep ROOT @esbuild/linux-ppc64@0.28.0 OK for: esbuild@0.28.0 want: 0.28.0
2485 silly placeDep ROOT @esbuild/linux-riscv64@0.28.0 OK for: esbuild@0.28.0 want: 0.28.0
2486 silly placeDep ROOT @esbuild/linux-s390x@0.28.0 OK for: esbuild@0.28.0 want: 0.28.0
2487 silly placeDep ROOT @esbuild/linux-x64@0.28.0 OK for: esbuild@0.28.0 want: 0.28.0
2488 silly placeDep ROOT @esbuild/netbsd-arm64@0.28.0 OK for: esbuild@0.28.0 want: 0.28.0
2489 silly placeDep ROOT @esbuild/netbsd-x64@0.28.0 OK for: esbuild@0.28.0 want: 0.28.0
2490 silly placeDep ROOT @esbuild/openbsd-arm64@0.28.0 OK for: esbuild@0.28.0 want: 0.28.0
2491 silly placeDep ROOT @esbuild/openbsd-x64@0.28.0 OK for: esbuild@0.28.0 want: 0.28.0
2492 silly placeDep ROOT @esbuild/openharmony-arm64@0.28.0 OK for: esbuild@0.28.0 want: 0.28.0
2493 silly placeDep ROOT @esbuild/sunos-x64@0.28.0 OK for: esbuild@0.28.0 want: 0.28.0
2494 silly placeDep ROOT @esbuild/win32-arm64@0.28.0 OK for: esbuild@0.28.0 want: 0.28.0
2495 silly placeDep ROOT @esbuild/win32-ia32@0.28.0 OK for: esbuild@0.28.0 want: 0.28.0
2496 silly placeDep ROOT @esbuild/win32-x64@0.28.0 OK for: esbuild@0.28.0 want: 0.28.0
2497 silly placeDep ROOT @eslint-community/regexpp@4.12.2 OK for: eslint@9.39.4 want: ^4.12.1
2498 silly placeDep ROOT @eslint/config-array@0.21.2 OK for: eslint@9.39.4 want: ^0.21.2
2499 silly placeDep ROOT @eslint/config-helpers@0.4.2 OK for: eslint@9.39.4 want: ^0.4.2
2500 silly placeDep ROOT @eslint/core@0.17.0 OK for: eslint@9.39.4 want: ^0.17.0
2501 silly placeDep ROOT @eslint/eslintrc@3.3.5 OK for: eslint@9.39.4 want: ^3.3.5
2502 silly placeDep ROOT @eslint/js@9.39.4 OK for: eslint@9.39.4 want: 9.39.4
2503 silly placeDep ROOT @eslint/plugin-kit@0.4.1 OK for: eslint@9.39.4 want: ^0.4.1
2504 silly placeDep ROOT @humanfs/node@0.16.8 OK for: eslint@9.39.4 want: ^0.16.6
2505 silly placeDep ROOT @humanwhocodes/module-importer@1.0.1 OK for: eslint@9.39.4 want: ^1.0.1
2506 silly placeDep ROOT @humanwhocodes/retry@0.4.3 OK for: eslint@9.39.4 want: ^0.4.2
2507 silly placeDep ROOT @types/estree@1.0.9 OK for: eslint@9.39.4 want: ^1.0.6
2508 silly placeDep node_modules/eslint ajv@6.15.0 OK for: eslint@9.39.4 want: ^6.14.0
2509 silly placeDep ROOT chalk@4.1.2 OK for: eslint@9.39.4 want: ^4.0.0
2510 silly placeDep ROOT escape-string-regexp@4.0.0 OK for: eslint@9.39.4 want: ^4.0.0
2511 silly placeDep node_modules/eslint eslint-scope@8.4.0 OK for: eslint@9.39.4 want: ^8.4.0
2512 silly placeDep node_modules/eslint eslint-visitor-keys@4.2.1 OK for: eslint@9.39.4 want: ^4.2.1
2513 silly placeDep ROOT espree@10.4.0 OK for: eslint@9.39.4 want: ^10.4.0
2514 silly placeDep ROOT esquery@1.7.0 OK for: eslint@9.39.4 want: ^1.5.0
2515 silly placeDep ROOT esutils@2.0.3 OK for: eslint@9.39.4 want: ^2.0.2
2516 silly placeDep ROOT file-entry-cache@8.0.0 OK for: eslint@9.39.4 want: ^8.0.0
2517 silly placeDep ROOT find-up@5.0.0 OK for: eslint@9.39.4 want: ^5.0.0
2518 silly placeDep ROOT glob-parent@6.0.2 OK for: eslint@9.39.4 want: ^6.0.2
2519 silly placeDep node_modules/eslint ignore@5.3.2 OK for: eslint@9.39.4 want: ^5.2.0
2520 silly placeDep ROOT imurmurhash@0.1.4 OK for: eslint@9.39.4 want: ^0.1.4
2521 silly placeDep ROOT is-glob@4.0.3 OK for: eslint@9.39.4 want: ^4.0.0
2522 silly placeDep ROOT json-stable-stringify-without-jsonify@1.0.1 OK for: eslint@9.39.4 want: ^1.0.1
2523 silly placeDep ROOT lodash.merge@4.6.2 OK for: eslint@9.39.4 want: ^4.6.2
2524 silly placeDep node_modules/eslint minimatch@3.1.5 OK for: eslint@9.39.4 want: ^3.1.5
2525 silly placeDep ROOT natural-compare@1.4.0 OK for: eslint@9.39.4 want: ^1.4.0
2526 silly placeDep ROOT optionator@0.9.4 OK for: eslint@9.39.4 want: ^0.9.3
2527 silly fetch manifest @eslint/object-schema@^2.1.7
2528 silly packumentCache full:https://registry.npmjs.org/@eslint%2fobject-schema cache-miss
2529 silly fetch manifest @types/json-schema@^7.0.15
2530 silly packumentCache full:https://registry.npmjs.org/@types%2fjson-schema cache-miss
2531 silly fetch manifest espree@^10.0.1
2532 silly packumentCache full:https://registry.npmjs.org/espree cache-hit
2533 silly fetch manifest globals@^14.0.0
2534 silly packumentCache full:https://registry.npmjs.org/globals cache-miss
2535 silly fetch manifest levn@^0.4.1
2536 silly packumentCache full:https://registry.npmjs.org/levn cache-miss
2537 silly fetch manifest @humanwhocodes/retry@^0.4.0
2538 silly packumentCache full:https://registry.npmjs.org/@humanwhocodes%2fretry cache-hit
2539 silly fetch manifest @humanfs/core@^0.19.2
2540 silly packumentCache full:https://registry.npmjs.org/@humanfs%2fcore cache-miss
2541 silly fetch manifest @humanfs/types@^0.15.0
2542 silly packumentCache full:https://registry.npmjs.org/@humanfs%2ftypes cache-miss
2543 silly fetch manifest uri-js@^4.2.2
2544 silly packumentCache full:https://registry.npmjs.org/uri-js cache-miss
2545 http fetch GET 200 https://registry.npmjs.org/@types%2fjson-schema 122ms (cache miss)
2546 silly packumentCache full:https://registry.npmjs.org/@types%2fjson-schema set size:undefined disposed:false
2547 silly fetch manifest json-schema-traverse@^0.4.1
2548 silly packumentCache full:https://registry.npmjs.org/json-schema-traverse cache-miss
2549 http cache https://registry.npmjs.org/json-schema-traverse 2ms (cache hit)
2550 silly packumentCache full:https://registry.npmjs.org/json-schema-traverse set size:23537 disposed:false
2551 silly fetch manifest fast-json-stable-stringify@^2.0.0
2552 silly packumentCache full:https://registry.npmjs.org/fast-json-stable-stringify cache-miss
2553 http fetch GET 200 https://registry.npmjs.org/levn 132ms (cache miss)
2554 silly packumentCache full:https://registry.npmjs.org/levn set size:undefined disposed:false
2555 silly fetch manifest ansi-styles@^4.1.0
2556 silly packumentCache full:https://registry.npmjs.org/ansi-styles cache-hit
2557 silly fetch manifest supports-color@^7.1.0
2558 silly packumentCache full:https://registry.npmjs.org/supports-color cache-miss
2559 http fetch GET 200 https://registry.npmjs.org/uri-js 140ms (cache miss)
2560 silly packumentCache full:https://registry.npmjs.org/uri-js set size:undefined disposed:false
2561 silly fetch manifest acorn@^8.15.0
2562 silly packumentCache full:https://registry.npmjs.org/acorn cache-miss
2563 http fetch GET 200 https://registry.npmjs.org/@humanfs%2fcore 144ms (cache miss)
2564 silly packumentCache full:https://registry.npmjs.org/@humanfs%2fcore set size:undefined disposed:false
2565 silly fetch manifest acorn-jsx@^5.3.2
2566 silly packumentCache full:https://registry.npmjs.org/acorn-jsx cache-miss
2567 http fetch GET 200 https://registry.npmjs.org/globals 159ms (cache miss)
2568 silly packumentCache full:https://registry.npmjs.org/globals set size:undefined disposed:false
2569 silly fetch manifest estraverse@^5.1.0
2570 silly packumentCache full:https://registry.npmjs.org/estraverse cache-miss
2571 http cache https://registry.npmjs.org/estraverse 1ms (cache hit)
2572 silly packumentCache full:https://registry.npmjs.org/estraverse set size:62412 disposed:false
2573 silly fetch manifest flat-cache@^4.0.0
2574 silly packumentCache full:https://registry.npmjs.org/flat-cache cache-miss
2575 http fetch GET 200 https://registry.npmjs.org/fast-json-stable-stringify 82ms (cache miss)
2576 silly packumentCache full:https://registry.npmjs.org/fast-json-stable-stringify set size:undefined disposed:false
2577 silly fetch manifest locate-path@^6.0.0
2578 silly packumentCache full:https://registry.npmjs.org/locate-path cache-miss
2579 http fetch GET 200 https://registry.npmjs.org/@eslint%2fobject-schema 217ms (cache miss)
2580 silly packumentCache full:https://registry.npmjs.org/@eslint%2fobject-schema set size:undefined disposed:false
2581 silly fetch manifest path-exists@^4.0.0
2582 silly packumentCache full:https://registry.npmjs.org/path-exists cache-miss
2583 http fetch GET 200 https://registry.npmjs.org/acorn-jsx 71ms (cache miss)
2584 silly packumentCache full:https://registry.npmjs.org/acorn-jsx set size:undefined disposed:false
2585 silly fetch manifest is-glob@^4.0.3
2586 silly packumentCache full:https://registry.npmjs.org/is-glob cache-hit
2587 silly fetch manifest is-extglob@^2.1.1
2588 silly packumentCache full:https://registry.npmjs.org/is-extglob cache-miss
2589 http fetch GET 200 https://registry.npmjs.org/supports-color 122ms (cache miss)
2590 silly packumentCache full:https://registry.npmjs.org/supports-color set size:undefined disposed:false
2591 silly fetch manifest brace-expansion@^1.1.7
2592 silly packumentCache full:https://registry.npmjs.org/brace-expansion cache-miss
2593 http cache https://registry.npmjs.org/brace-expansion 3ms (cache hit)
2594 silly packumentCache full:https://registry.npmjs.org/brace-expansion set size:72152 disposed:false
2595 silly fetch manifest prelude-ls@^1.2.1
2596 silly packumentCache full:https://registry.npmjs.org/prelude-ls cache-miss
2597 http fetch GET 200 https://registry.npmjs.org/locate-path 74ms (cache miss)
2598 silly packumentCache full:https://registry.npmjs.org/locate-path set size:undefined disposed:false
2599 silly fetch manifest deep-is@^0.1.3
2600 silly packumentCache full:https://registry.npmjs.org/deep-is cache-miss
2601 http fetch GET 200 https://registry.npmjs.org/is-extglob 73ms (cache miss)
2602 silly packumentCache full:https://registry.npmjs.org/is-extglob set size:undefined disposed:false
2603 silly fetch manifest word-wrap@^1.2.5
2604 silly packumentCache full:https://registry.npmjs.org/word-wrap cache-miss
2605 http fetch GET 200 https://registry.npmjs.org/flat-cache 145ms (cache miss)
2606 silly packumentCache full:https://registry.npmjs.org/flat-cache set size:undefined disposed:false
2607 silly fetch manifest type-check@^0.4.0
2608 silly packumentCache full:https://registry.npmjs.org/type-check cache-miss
2609 http fetch GET 200 https://registry.npmjs.org/acorn 171ms (cache miss)
2610 silly packumentCache full:https://registry.npmjs.org/acorn set size:undefined disposed:false
2611 silly fetch manifest fast-levenshtein@^2.0.6
2612 silly packumentCache full:https://registry.npmjs.org/fast-levenshtein cache-miss
2613 http fetch GET 200 https://registry.npmjs.org/prelude-ls 109ms (cache miss)
2614 silly packumentCache full:https://registry.npmjs.org/prelude-ls set size:undefined disposed:false
2615 http fetch GET 200 https://registry.npmjs.org/path-exists 155ms (cache miss)
2616 silly packumentCache full:https://registry.npmjs.org/path-exists set size:undefined disposed:false
2617 http fetch GET 200 https://registry.npmjs.org/deep-is 143ms (cache miss)
2618 silly packumentCache full:https://registry.npmjs.org/deep-is set size:undefined disposed:false
2619 http fetch GET 200 https://registry.npmjs.org/type-check 116ms (cache miss)
2620 silly packumentCache full:https://registry.npmjs.org/type-check set size:undefined disposed:false
2621 http fetch GET 200 https://registry.npmjs.org/fast-levenshtein 110ms (cache miss)
2622 silly packumentCache full:https://registry.npmjs.org/fast-levenshtein set size:undefined disposed:false
2623 http fetch GET 200 https://registry.npmjs.org/word-wrap 199ms (cache miss)
2624 silly packumentCache full:https://registry.npmjs.org/word-wrap set size:undefined disposed:false
2625 http fetch GET 200 https://registry.npmjs.org/@humanfs%2ftypes 5231ms (cache miss)
2626 silly packumentCache full:https://registry.npmjs.org/@humanfs%2ftypes set size:undefined disposed:false
2627 silly placeDep ROOT @eslint/object-schema@2.1.7 OK for: @eslint/config-array@0.21.2 want: ^2.1.7
2628 silly placeDep node_modules/@eslint/config-array minimatch@3.1.5 OK for: @eslint/config-array@0.21.2 want: ^3.1.5
2629 silly placeDep ROOT @types/json-schema@7.0.15 OK for: @eslint/core@0.17.0 want: ^7.0.15
2630 silly placeDep node_modules/@eslint/eslintrc ajv@6.15.0 OK for: @eslint/eslintrc@3.3.5 want: ^6.14.0
2631 silly placeDep ROOT globals@14.0.0 OK for: @eslint/eslintrc@3.3.5 want: ^14.0.0
2632 silly placeDep node_modules/@eslint/eslintrc ignore@5.3.2 OK for: @eslint/eslintrc@3.3.5 want: ^5.2.0
2633 silly placeDep node_modules/@eslint/eslintrc minimatch@3.1.5 OK for: @eslint/eslintrc@3.3.5 want: ^3.1.5
2634 silly placeDep ROOT levn@0.4.1 OK for: @eslint/plugin-kit@0.4.1 want: ^0.4.1
2635 silly fetch manifest type-check@~0.4.0
2636 silly packumentCache full:https://registry.npmjs.org/type-check cache-miss
2637 http cache https://registry.npmjs.org/type-check 4ms (cache hit)
2638 silly packumentCache full:https://registry.npmjs.org/type-check set size:21221 disposed:false
2639 silly placeDep ROOT @humanfs/core@0.19.2 OK for: @humanfs/node@0.16.8 want: ^0.19.2
2640 silly placeDep ROOT @humanfs/types@0.15.0 OK for: @humanfs/node@0.16.8 want: ^0.15.0
2641 silly placeDep ROOT ansi-styles@4.3.0 OK for: chalk@4.1.2 want: ^4.1.0
2642 silly placeDep ROOT supports-color@7.2.0 OK for: chalk@4.1.2 want: ^7.1.0
2643 silly fetch manifest color-convert@^2.0.1
2644 silly packumentCache full:https://registry.npmjs.org/color-convert cache-miss
2645 silly fetch manifest has-flag@^4.0.0
2646 silly packumentCache full:https://registry.npmjs.org/has-flag cache-miss
2647 http fetch GET 200 https://registry.npmjs.org/has-flag 93ms (cache miss)
2648 silly packumentCache full:https://registry.npmjs.org/has-flag set size:undefined disposed:false
2649 http fetch GET 200 https://registry.npmjs.org/color-convert 190ms (cache miss)
2650 silly packumentCache full:https://registry.npmjs.org/color-convert set size:undefined disposed:false
2651 silly placeDep ROOT color-convert@2.0.1 OK for: ansi-styles@4.3.0 want: ^2.0.1
2652 silly fetch manifest color-name@~1.1.4
2653 silly packumentCache full:https://registry.npmjs.org/color-name cache-miss
2654 http fetch GET 200 https://registry.npmjs.org/color-name 213ms (cache miss)
2655 silly packumentCache full:https://registry.npmjs.org/color-name set size:undefined disposed:false
2656 silly placeDep ROOT color-name@1.1.4 OK for: color-convert@2.0.1 want: ~1.1.4
2657 silly placeDep ROOT @types/esrecurse@4.3.1 OK for: eslint-scope@9.1.2 want: ^4.3.1
2658 silly placeDep ROOT esrecurse@4.3.0 OK for: eslint-scope@9.1.2 want: ^4.3.0
2659 silly placeDep ROOT estraverse@5.3.0 OK for: eslint-scope@9.1.2 want: ^5.2.0
2660 silly placeDep ROOT acorn@8.17.0 OK for: espree@10.4.0 want: ^8.15.0
2661 silly placeDep ROOT acorn-jsx@5.3.2 OK for: espree@10.4.0 want: ^5.3.2
2662 silly placeDep node_modules/espree eslint-visitor-keys@4.2.1 OK for: espree@10.4.0 want: ^4.2.1
2663 silly placeDep ROOT accepts@2.0.0 OK for: express@5.2.1 want: ^2.0.0
2664 silly placeDep ROOT body-parser@2.2.2 OK for: express@5.2.1 want: ^2.2.1
2665 silly placeDep ROOT content-disposition@1.1.0 OK for: express@5.2.1 want: ^1.0.0
2666 silly placeDep ROOT cookie@0.7.2 OK for: express@5.2.1 want: ^0.7.1
2667 silly placeDep ROOT cookie-signature@1.2.2 OK for: express@5.2.1 want: ^1.2.1
2668 silly placeDep ROOT depd@2.0.0 OK for: express@5.2.1 want: ^2.0.0
2669 silly placeDep ROOT encodeurl@2.0.0 OK for: express@5.2.1 want: ^2.0.0
2670 silly placeDep ROOT escape-html@1.0.3 OK for: express@5.2.1 want: ^1.0.3
2671 silly placeDep ROOT etag@1.8.1 OK for: express@5.2.1 want: ^1.8.1
2672 silly placeDep ROOT finalhandler@2.1.1 OK for: express@5.2.1 want: ^2.1.0
2673 silly placeDep ROOT fresh@2.0.0 OK for: express@5.2.1 want: ^2.0.0
2674 silly placeDep ROOT http-errors@2.0.1 OK for: express@5.2.1 want: ^2.0.0
2675 silly placeDep ROOT merge-descriptors@2.0.0 OK for: express@5.2.1 want: ^2.0.0
2676 silly placeDep ROOT mime-types@3.0.2 OK for: express@5.2.1 want: ^3.0.0
2677 silly placeDep ROOT on-finished@2.4.1 OK for: express@5.2.1 want: ^2.4.1
2678 silly placeDep ROOT once@1.4.0 OK for: express@5.2.1 want: ^1.4.0
2679 silly placeDep ROOT parseurl@1.3.3 OK for: express@5.2.1 want: ^1.3.3
2680 silly placeDep ROOT proxy-addr@2.0.7 OK for: express@5.2.1 want: ^2.0.7
2681 silly placeDep ROOT qs@6.15.2 OK for: express@5.2.1 want: ^6.14.0
2682 silly placeDep ROOT range-parser@1.2.1 OK for: express@5.2.1 want: ^1.2.1
2683 silly placeDep ROOT router@2.2.0 OK for: express@5.2.1 want: ^2.2.0
2684 silly placeDep ROOT send@1.2.1 OK for: express@5.2.1 want: ^1.1.0
2685 silly placeDep ROOT serve-static@2.2.1 OK for: express@5.2.1 want: ^2.2.0
2686 silly placeDep ROOT statuses@2.0.2 OK for: express@5.2.1 want: ^2.0.1
2687 silly placeDep ROOT type-is@2.1.0 OK for: express@5.2.1 want: ^2.0.1
2688 silly fetch manifest negotiator@^1.0.0
2689 silly packumentCache full:https://registry.npmjs.org/negotiator cache-miss
2690 silly fetch manifest qs@^6.14.1
2691 silly packumentCache full:https://registry.npmjs.org/qs cache-hit
2692 silly fetch manifest bytes@^3.1.2
2693 silly packumentCache full:https://registry.npmjs.org/bytes cache-miss
2694 silly fetch manifest inherits@~2.0.4
2695 silly packumentCache full:https://registry.npmjs.org/inherits cache-miss
2696 silly fetch manifest setprototypeof@~1.2.0
2697 silly packumentCache full:https://registry.npmjs.org/setprototypeof cache-miss
2698 silly fetch manifest statuses@~2.0.2
2699 silly packumentCache full:https://registry.npmjs.org/statuses cache-miss
2700 silly fetch manifest toidentifier@~1.0.1
2701 silly packumentCache full:https://registry.npmjs.org/toidentifier cache-miss
2702 silly fetch manifest mime-db@^1.54.0
2703 silly packumentCache full:https://registry.npmjs.org/mime-db cache-miss
2704 http cache https://registry.npmjs.org/statuses 6ms (cache hit)
2705 silly packumentCache full:https://registry.npmjs.org/statuses set size:37117 disposed:false
2706 silly fetch manifest ee-first@1.1.1
2707 silly packumentCache full:https://registry.npmjs.org/ee-first cache-miss
2708 http cache https://registry.npmjs.org/bytes 9ms (cache hit)
2709 silly packumentCache full:https://registry.npmjs.org/bytes set size:37018 disposed:false
2710 silly fetch manifest wrappy@1
2711 silly packumentCache full:https://registry.npmjs.org/wrappy cache-miss
2712 http fetch GET 200 https://registry.npmjs.org/toidentifier 159ms (cache miss)
2713 silly packumentCache full:https://registry.npmjs.org/toidentifier set size:undefined disposed:false
2714 silly fetch manifest forwarded@0.2.0
2715 silly packumentCache full:https://registry.npmjs.org/forwarded cache-miss
2716 http fetch GET 200 https://registry.npmjs.org/mime-db 175ms (cache miss)
2717 silly packumentCache full:https://registry.npmjs.org/mime-db set size:undefined disposed:false
2718 silly fetch manifest ipaddr.js@1.9.1
2719 silly packumentCache full:https://registry.npmjs.org/ipaddr.js cache-miss
2720 http fetch GET 200 https://registry.npmjs.org/setprototypeof 179ms (cache miss)
2721 silly packumentCache full:https://registry.npmjs.org/setprototypeof set size:undefined disposed:false
2722 silly fetch manifest side-channel@^1.1.0
2723 silly packumentCache full:https://registry.npmjs.org/side-channel cache-miss
2724 http fetch GET 200 https://registry.npmjs.org/inherits 182ms (cache miss)
2725 silly packumentCache full:https://registry.npmjs.org/inherits set size:undefined disposed:false
2726 silly fetch manifest is-promise@^4.0.0
2727 silly packumentCache full:https://registry.npmjs.org/is-promise cache-miss
2728 http fetch GET 200 https://registry.npmjs.org/ee-first 197ms (cache miss)
2729 silly packumentCache full:https://registry.npmjs.org/ee-first set size:undefined disposed:false
2730 silly fetch manifest path-to-regexp@^8.0.0
2731 silly packumentCache full:https://registry.npmjs.org/path-to-regexp cache-miss
2732 http fetch GET 200 https://registry.npmjs.org/wrappy 197ms (cache miss)
2733 silly packumentCache full:https://registry.npmjs.org/wrappy set size:undefined disposed:false
2734 silly fetch manifest statuses@^2.0.2
2735 silly packumentCache full:https://registry.npmjs.org/statuses cache-hit
2736 silly fetch manifest content-type@^2.0.0
2737 silly packumentCache full:https://registry.npmjs.org/content-type cache-miss
2738 http cache https://registry.npmjs.org/content-type 3ms (cache hit)
2739 silly packumentCache full:https://registry.npmjs.org/content-type set size:18994 disposed:false
2740 silly fetch manifest media-typer@^1.1.0
2741 silly packumentCache full:https://registry.npmjs.org/media-typer cache-miss
2742 http fetch GET 200 https://registry.npmjs.org/negotiator 214ms (cache miss)
2743 silly packumentCache full:https://registry.npmjs.org/negotiator set size:undefined disposed:false
2744 http fetch GET 200 https://registry.npmjs.org/side-channel 79ms (cache miss)
2745 silly packumentCache full:https://registry.npmjs.org/side-channel set size:undefined disposed:false
2746 http fetch GET 200 https://registry.npmjs.org/is-promise 142ms (cache miss)
2747 silly packumentCache full:https://registry.npmjs.org/is-promise set size:undefined disposed:false
2748 http fetch GET 200 https://registry.npmjs.org/ipaddr.js 178ms (cache miss)
2749 silly packumentCache full:https://registry.npmjs.org/ipaddr.js set size:undefined disposed:false
2750 http fetch GET 200 https://registry.npmjs.org/media-typer 148ms (cache miss)
2751 silly packumentCache full:https://registry.npmjs.org/media-typer set size:undefined disposed:false
2752 http fetch GET 200 https://registry.npmjs.org/forwarded 260ms (cache miss)
2753 silly packumentCache full:https://registry.npmjs.org/forwarded set size:undefined disposed:false
2754 http fetch GET 200 https://registry.npmjs.org/path-to-regexp 217ms (cache miss)
2755 silly packumentCache full:https://registry.npmjs.org/path-to-regexp set size:undefined disposed:false
2756 silly placeDep ROOT negotiator@1.0.0 OK for: accepts@2.0.0 want: ^1.0.0
2757 silly placeDep ROOT bytes@3.1.2 OK for: body-parser@2.2.2 want: ^3.1.2
2758 silly placeDep ROOT ip-address@10.2.0 OK for: express-rate-limit@8.5.2 want: ^10.2.0
2759 silly placeDep ROOT flat-cache@4.0.1 OK for: file-entry-cache@8.0.0 want: ^4.0.0
2760 silly fetch manifest keyv@^4.5.4
2761 silly packumentCache full:https://registry.npmjs.org/keyv cache-miss
2762 silly fetch manifest flatted@^3.2.9
2763 silly packumentCache full:https://registry.npmjs.org/flatted cache-miss
2764 http fetch GET 200 https://registry.npmjs.org/flatted 163ms (cache miss)
2765 silly packumentCache full:https://registry.npmjs.org/flatted set size:undefined disposed:false
2766 http fetch GET 200 https://registry.npmjs.org/keyv 246ms (cache miss)
2767 silly packumentCache full:https://registry.npmjs.org/keyv set size:undefined disposed:false
2768 silly placeDep ROOT locate-path@6.0.0 OK for: find-up@5.0.0 want: ^6.0.0
2769 silly placeDep ROOT path-exists@4.0.0 OK for: find-up@5.0.0 want: ^4.0.0
2770 silly fetch manifest p-locate@^5.0.0
2771 silly packumentCache full:https://registry.npmjs.org/p-locate cache-miss
2772 http fetch GET 200 https://registry.npmjs.org/p-locate 354ms (cache miss)
2773 silly packumentCache full:https://registry.npmjs.org/p-locate set size:undefined disposed:false
2774 silly placeDep ROOT flatted@3.4.2 OK for: flat-cache@4.0.1 want: ^3.2.9
2775 silly placeDep ROOT keyv@4.5.4 OK for: flat-cache@4.0.1 want: ^4.5.4
2776 silly fetch manifest json-buffer@3.0.1
2777 silly packumentCache full:https://registry.npmjs.org/json-buffer cache-miss
2778 http fetch GET 200 https://registry.npmjs.org/json-buffer 176ms (cache miss)
2779 silly packumentCache full:https://registry.npmjs.org/json-buffer set size:undefined disposed:false
2780 silly fetch manifest conventional-commits-filter@^5.0.0
2781 silly packumentCache full:https://registry.npmjs.org/conventional-commits-filter cache-miss
2782 http fetch GET 200 https://registry.npmjs.org/conventional-commits-filter 156ms (cache miss)
2783 silly packumentCache full:https://registry.npmjs.org/conventional-commits-filter set size:undefined disposed:false
2784 silly fetch manifest conventional-commits-parser@^6.4.0
2785 silly packumentCache full:https://registry.npmjs.org/conventional-commits-parser cache-miss
2786 http cache https://registry.npmjs.org/conventional-commits-parser 2ms (cache hit)
2787 silly packumentCache full:https://registry.npmjs.org/conventional-commits-parser set size:157240 disposed:false
2788 silly placeDep ROOT @conventional-changelog/git-client@2.7.0 OK for: git-raw-commits@5.0.1 want: ^2.6.0
2789 silly fetch manifest @simple-libs/child-process-utils@^1.0.0
2790 silly packumentCache full:https://registry.npmjs.org/@simple-libs%2fchild-process-utils cache-miss
